[{"stream_name":"stderr","time":6.79645768,"data":"0.00s - Debugger warning: It seems that frozen modules are being used, which may\n"}
,{"stream_name":"stderr","time":6.796520045,"data":"0.00s - make the debugger miss breakpoints. Please pass -Xfrozen_modules=off\n"}
,{"stream_name":"stderr","time":6.796524069,"data":"0.00s - to python to disable frozen modules.\n"}
,{"stream_name":"stderr","time":6.7965265,"data":"0.00s - Note: Debugging will proceed. Set PYDEVD_DISABLE_FILE_VALIDATION=1 to disable this validation.\n"}
,{"stream_name":"stderr","time":7.364095058,"data":"0.00s - Debugger warning: It seems that frozen modules are being used, which may\n"}
,{"stream_name":"stderr","time":7.364133283,"data":"0.00s - make the debugger miss breakpoints. Please pass -Xfrozen_modules=off\n"}
,{"stream_name":"stderr","time":7.364138608,"data":"0.00s - to python to disable frozen modules.\n"}
,{"stream_name":"stderr","time":7.364143037,"data":"0.00s - Note: Debugging will proceed. Set PYDEVD_DISABLE_FILE_VALIDATION=1 to disable this validation.\n"}
,{"stream_name":"stdout","time":13.347671326,"data":"devices: ['Tesla T4', 'Tesla T4'] [(7, 5), (7, 5)]\n"}
,{"stream_name":"stdout","time":13.347719125,"data":"torch 2.10.0+cu128 | cuda 12.8\n"}
,{"stream_name":"stdout","time":13.600875055,"data":"  gpu0: 14.5 GiB free of 14.6 GiB\n"}
,{"stream_name":"stdout","time":13.600907339,"data":"  gpu1: 14.5 GiB free of 14.6 GiB\n"}
,{"stream_name":"stdout","time":13.600913092999999,"data":"host RAM: Mem:              31           1          26           0           3          29\n"}
,{"stream_name":"stdout","time":13.600918056,"data":"input mounts: ['datasets']\n"}
,{"stream_name":"stdout","time":13.621788193,"data":"{\n"}
,{"stream_name":"stdout","time":13.621811821,"data":"  \"clients\": 100,\n"}
,{"stream_name":"stdout","time":13.621819507,"data":"  \"batch\": 256,\n"}
,{"stream_name":"stdout","time":13.62182557,"data":"  \"rounds\": 50,\n"}
,{"stream_name":"stdout","time":13.621832042,"data":"  \"run_dir\": \"/kaggle/working/runs/afpha-dagsnet-100client\",\n"}
,{"stream_name":"stdout","time":13.62183825,"data":"  \"require_resume\": false\n"}
,{"stream_name":"stdout","time":13.621843723,"data":"}\n"}
,{"stream_name":"stdout","time":13.915960814,"data":"DAGSNet rebuilt: 395,024 parameters, 3,295 buffer elements, forward (4, 16)\n"}
,{"stream_name":"stdout","time":13.915992646,"data":"metric keys: ['accuracy', 'precision_macro', 'precision_micro', 'precision_weighted', 'recall_macro', 'recall_micro', 'recall_weighted', 'f1_macro', 'f1_micro', 'f1_weighted']\n"}
,{"stream_name":"stderr","time":15.79304607,"data":"\u001b[34m\u001b[1mwandb\u001b[0m: \u001b[33mWARNING\u001b[0m The anonymous parameter to wandb.login() has no effect and will be removed in future versions.\n"}
,{"stream_name":"stderr","time":15.793074073,"data":"\n"}
,{"stream_name":"stderr","time":15.79307978,"data":"\u001b[34m\u001b[1mwandb\u001b[0m: \u001b[33mWARNING\u001b[0m The anonymous parameter to wandb.login() has no effect and will be removed in future versions.\n"}
,{"stream_name":"stdout","time":15.932519402,"data":"wandb 0.26.1\n"}
,{"stream_name":"stdout","time":15.932545093,"data":"{\n"}
,{"stream_name":"stdout","time":15.932550935,"data":"  \"available\": false,\n"}
,{"stream_name":"stdout","time":15.932556016,"data":"  \"error\": \"ConnectionError: Connection error trying to communicate with service.\"\n"}
,{"stream_name":"stdout","time":15.932560728,"data":"}\n"}
,{"stream_name":"stdout","time":16.434580325,"data":"W\u0026B login ok via inline | entity 21522798-uit\n"}
,{"stream_name":"stdout","time":16.457521979,"data":"/usr/bin/python3 /kaggle/working/src/fl_train.py --clients 100 --out /kaggle/working/runs/afpha-dagsnet-100client --scratch /kaggle/temp/prepack --arch /kaggle/working/src --data-search /kaggle/input --test-search /kaggle/input --rounds 50 --eval-batch 16384 --compile-mode reduce-overhead --max-hours 9.5 --wandb-project afpha-dagsnet-veremi --resume-search /kaggle/input\n"}
,{"stream_name":"stdout","time":18.253392091,"data":"CUDA devices: ['Tesla T4', 'Tesla T4']\n"}
,{"stream_name":"stdout","time":18.299511886,"data":"train root: /kaggle/input/datasets/odixe0502/veremi-fl-100client/100_client\n"}
,{"stream_name":"stdout","time":18.300285967,"data":"test root : /kaggle/input/datasets/odixe0502/veremi-nextgen2026-centralized/upload\n"}
,{"stream_name":"stdout","time":22.119670098,"data":"W\u0026B: https://wandb.ai/21522798-uit/afpha-dagsnet-veremi/runs/afpha-dagsnet-100client\n"}
,{"stream_name":"stdout","time":41.592027646,"data":"100 clients, 43,045,415 rows, 10,761,343 test rows, 168,200 optimizer steps/round\n"}
,{"stream_name":"stdout","time":41.897135794,"data":"  reading train partitions\n"}
,{"stream_name":"stdout","time":47.20262458,"data":"  100 clients, 43,045,415 rows, 5.29 GiB as fp16\n"}
,{"stream_name":"stdout","time":64.817287216,"data":"  client 10/100  4,619,796 rows  18s\n"}
,{"stream_name":"stdout","time":80.728464034,"data":"  client 20/100  9,565,358 rows  34s\n"}
,{"stream_name":"stdout","time":93.063119556,"data":"  client 30/100  13,317,601 rows  46s\n"}
,{"stream_name":"stdout","time":110.38341167,"data":"  client 40/100  18,995,418 rows  63s\n"}
,{"stream_name":"stdout","time":122.130019058,"data":"  client 50/100  22,600,011 rows  75s\n"}
,{"stream_name":"stdout","time":134.517511505,"data":"  client 60/100  26,587,610 rows  87s\n"}
,{"stream_name":"stdout","time":146.387214716,"data":"  client 70/100  30,362,921 rows  99s\n"}
,{"stream_name":"stdout","time":159.177786097,"data":"  client 80/100  34,399,622 rows  112s\n"}
,{"stream_name":"stdout","time":173.057832632,"data":"  client 90/100  38,630,101 rows  126s\n"}
,{"stream_name":"stdout","time":186.773101109,"data":"  client 100/100  43,045,415 rows  140s\n"}
,{"stream_name":"stdout","time":188.85898303,"data":"  train ready in 141s, |x|max~470.0, classes present 16/16\n"}
,{"stream_name":"stdout","time":197.745513117,"data":"  reading test\n"}
,{"stream_name":"stdout","time":197.775643083,"data":"  test 10,761,343 rows from 4 files\n"}
,{"stream_name":"stdout","time":229.690491659,"data":"  test ready in 32s, |x|max~570.5\n"}
,{"stream_name":"stdout","time":230.400443693,"data":"  prepack done in 189s (train 156s, test 33s)\n"}
,{"stream_name":"stdout","time":232.776024225,"data":"[gpu1] Tesla T4 cap=(7, 5)\n"}
,{"stream_name":"stdout","time":232.781576248,"data":"/kaggle/working/src/worker.py:30: UserWarning: The given NumPy array is not writable, and PyTorch does not support non-writable tensors. This means writing to this tensor will result in undefined behavior. You may want to copy the array to protect its data or make it writable before converting it to a tensor. This type of warning will be suppressed for the rest of this program. (Triggered internally at /pytorch/torch/csrc/utils/tensor_numpy.cpp:213.)\n"}
,{"stream_name":"stdout","time":232.782514287,"data":"  out[i:i + chunk] = torch.from_numpy(np.ascontiguousarray(arr[i:i + chunk])).to(\n"}
,{"stream_name":"stdout","time":232.799700724,"data":"[gpu0] Tesla T4 cap=(7, 5)\n"}
,{"stream_name":"stdout","time":232.802767749,"data":"/kaggle/working/src/worker.py:30: UserWarning: The given NumPy array is not writable, and PyTorch does not support non-writable tensors. This means writing to this tensor will result in undefined behavior. You may want to copy the array to protect its data or make it writable before converting it to a tensor. This type of warning will be suppressed for the rest of this program. (Triggered internally at /pytorch/torch/csrc/utils/tensor_numpy.cpp:213.)\n"}
,{"stream_name":"stdout","time":232.803892127,"data":"  out[i:i + chunk] = torch.from_numpy(np.ascontiguousarray(arr[i:i + chunk])).to(\n"}
,{"stream_name":"stdout","time":234.678725715,"data":"[gpu0] resident: train torch.Size([43045415, 66]) + test shard torch.Size([5380672, 66]) in 2s, 6.31 GiB allocated\n"}
,{"stream_name":"stdout","time":234.679967111,"data":"[gpu1] resident: train torch.Size([43045415, 66]) + test shard torch.Size([5380671, 66]) in 2s, 6.31 GiB allocated\n"}
,{"stream_name":"stdout","time":258.066672243,"data":"W0906 21:54:03.192000 89 torch/_inductor/utils.py:1679] [0/0] Not enough SMs to use max_autotune_gemm mode\n"}
,{"stream_name":"stdout","time":258.067807149,"data":"W0906 21:54:03.193000 90 torch/_inductor/utils.py:1679] [0/0] Not enough SMs to use max_autotune_gemm mode\n"}
,{"stream_name":"stdout","time":319.419759356,"data":"[gpu0]     compile mode=reduce-overhead ok (max|dlogit|=4.88e-04, 0 argmax disagreements on 242/256 decisive rows)\n"}
,{"stream_name":"stdout","time":319.420490495,"data":"[gpu1]     compile mode=reduce-overhead ok (max|dlogit|=5.19e-04, 0 argmax disagreements on 250/256 decisive rows)\n"}
,{"stream_name":"stdout","time":319.421228032,"data":"workers ready: {\"0\": {\"compile_mode\": \"reduce-overhead\", \"device_name\": \"Tesla T4\", \"capability\": [7, 5], \"free_GiB\": 7.533935546875, \"total_GiB\": 14.56219482421875, \"resident_GiB\": 6.316218852996826}, \"1\": {\"compile_mode\": \"reduce-overhead\", \"device_name\": \"Tesla T4\", \"capability\": [7, 5], \"free_GiB\": 7.533935546875, \"total_GiB\": 14.56219482421875, \"resident_GiB\": 6.316218852996826}}\n"}
,{"stream_name":"stdout","time":388.66253014,"data":"  {\"round\": 1, \"clients_done\": 5, \"of\": 100, \"lr\": 0.001, \"ce_mean\": 0.1938735633863397, \"grad_norm\": 1.4503710767268303, \"skipped\": 0, \"elapsed_s\": 69.2}\n"}
,{"stream_name":"stdout","time":433.240263128,"data":"  {\"round\": 1, \"clients_done\": 10, \"of\": 100, \"lr\": 0.001, \"ce_mean\": 0.18137517328211408, \"grad_norm\": 1.3066978891054062, \"skipped\": 0, \"elapsed_s\": 113.8}\n"}
,{"stream_name":"stdout","time":485.395240893,"data":"  {\"round\": 1, \"clients_done\": 15, \"of\": 100, \"lr\": 0.001, \"ce_mean\": 0.16166387219952888, \"grad_norm\": 0.9717673001140237, \"skipped\": 0, \"elapsed_s\": 166.0}\n"}
,{"stream_name":"stdout","time":522.345971976,"data":"  {\"round\": 1, \"clients_done\": 20, \"of\": 100, \"lr\": 0.001, \"ce_mean\": 0.13146795643319328, \"grad_norm\": 0.8466505970028665, \"skipped\": 0, \"elapsed_s\": 202.9}\n"}
,{"stream_name":"stdout","time":563.935296459,"data":"  {\"round\": 1, \"clients_done\": 25, \"of\": 100, \"lr\": 0.001, \"ce_mean\": 0.2678975849996358, \"grad_norm\": 1.5884646115603147, \"skipped\": 0, \"elapsed_s\": 244.5}\n"}
,{"stream_name":"stdout","time":600.82677919,"data":"  {\"round\": 1, \"clients_done\": 30, \"of\": 100, \"lr\": 0.001, \"ce_mean\": 0.2961363727297515, \"grad_norm\": 1.8366691809322837, \"skipped\": 0, \"elapsed_s\": 281.4}\n"}
,{"stream_name":"stdout","time":630.351338032,"data":"  {\"round\": 1, \"clients_done\": 35, \"of\": 100, \"lr\": 0.001, \"ce_mean\": 0.3052966342408241, \"grad_norm\": 1.8762270602493074, \"skipped\": 0, \"elapsed_s\": 310.9}\n"}
,{"stream_name":"stdout","time":668.187690715,"data":"  {\"round\": 1, \"clients_done\": 40, \"of\": 100, \"lr\": 0.001, \"ce_mean\": 0.2428518607033996, \"grad_norm\": 1.4499071207253222, \"skipped\": 0, \"elapsed_s\": 348.8}\n"}
,{"stream_name":"stdout","time":696.57118409,"data":"  {\"round\": 1, \"clients_done\": 45, \"of\": 100, \"lr\": 0.001, \"ce_mean\": 0.2753634312993249, \"grad_norm\": 1.7409963099846648, \"skipped\": 0, \"elapsed_s\": 377.1}\n"}
,{"stream_name":"stdout","time":733.074782076,"data":"  {\"round\": 1, \"clients_done\": 50, \"of\": 100, \"lr\": 0.001, \"ce_mean\": 0.20025563652759862, \"grad_norm\": 1.243833498694449, \"skipped\": 0, \"elapsed_s\": 413.6}\n"}
,{"stream_name":"stdout","time":757.245189653,"data":"  {\"round\": 1, \"clients_done\": 55, \"of\": 100, \"lr\": 0.001, \"ce_mean\": 0.22800797266317596, \"grad_norm\": 1.4086606722351507, \"skipped\": 0, \"elapsed_s\": 437.8}\n"}
,{"stream_name":"stdout","time":792.008742033,"data":"  {\"round\": 1, \"clients_done\": 60, \"of\": 100, \"lr\": 0.001, \"ce_mean\": 0.254323035456949, \"grad_norm\": 1.4326515834921931, \"skipped\": 0, \"elapsed_s\": 472.6}\n"}
,{"stream_name":"stdout","time":813.049273068,"data":"  {\"round\": 1, \"clients_done\": 65, \"of\": 100, \"lr\": 0.001, \"ce_mean\": 0.2794659510607968, \"grad_norm\": 1.5678454454852884, \"skipped\": 0, \"elapsed_s\": 493.6}\n"}
,{"stream_name":"stdout","time":841.319530205,"data":"  {\"round\": 1, \"clients_done\": 70, \"of\": 100, \"lr\": 0.001, \"ce_mean\": 0.3351043394975439, \"grad_norm\": 1.8356672306124582, \"skipped\": 0, \"elapsed_s\": 521.9}\n"}
,{"stream_name":"stdout","time":863.46529951,"data":"  {\"round\": 1, \"clients_done\": 75, \"of\": 100, \"lr\": 0.001, \"ce_mean\": 0.2704463656857717, \"grad_norm\": 1.670226941005789, \"skipped\": 0, \"elapsed_s\": 544.0}\n"}
,{"stream_name":"stdout","time":882.779805937,"data":"  {\"round\": 1, \"clients_done\": 80, \"of\": 100, \"lr\": 0.001, \"ce_mean\": 0.2649278382997255, \"grad_norm\": 1.582588107429416, \"skipped\": 0, \"elapsed_s\": 563.3}\n"}
,{"stream_name":"stdout","time":905.721341222,"data":"  {\"round\": 1, \"clients_done\": 85, \"of\": 100, \"lr\": 0.001, \"ce_mean\": 0.31950508004287753, \"grad_norm\": 1.6201962351545913, \"skipped\": 0, \"elapsed_s\": 586.3}\n"}
,{"stream_name":"stdout","time":925.188541497,"data":"  {\"round\": 1, \"clients_done\": 90, \"of\": 100, \"lr\": 0.001, \"ce_mean\": 0.4565805574742759, \"grad_norm\": 2.1356497415682165, \"skipped\": 0, \"elapsed_s\": 605.8}\n"}
,{"stream_name":"stdout","time":940.544761911,"data":"  {\"round\": 1, \"clients_done\": 95, \"of\": 100, \"lr\": 0.001, \"ce_mean\": 0.2904745825607839, \"grad_norm\": 1.5043095883136521, \"skipped\": 0, \"elapsed_s\": 621.1}\n"}
,{"stream_name":"stdout","time":950.60670862,"data":"  {\"round\": 1, \"clients_done\": 100, \"of\": 100, \"lr\": 0.001, \"ce_mean\": 0.4412883520126343, \"grad_norm\": 1.699783166249593, \"skipped\": 0, \"elapsed_s\": 631.2}\n"}
,{"stream_name":"stdout","time":983.786474795,"data":"  {\"round\": 1, \"completed\": true, \"accuracy\": 0.513958, \"precision_macro\": 0.374855, \"precision_micro\": 0.513958, \"precision_weighted\": 0.500466, \"recall_macro\": 0.273247, \"recall_micro\": 0.513958, \"recall_weighted\": 0.513958, \"f1_macro\": 0.2481, \"f1_micro\": 0.513958, \"f1_weighted\": 0.449103, \"train_s\": 631.2, \"aggregate_s\": 0.1, \"eval_s\": 33.0, \"round_s\": 664.3, \"commit_s\": 0.0, \"worst_round_s\": 664.4}\n"}
,{"stream_name":"stdout","time":1054.389944298,"data":"  {\"round\": 2, \"clients_done\": 5, \"of\": 100, \"lr\": 0.0009989829694114164, \"ce_mean\": 0.17806934998569637, \"grad_norm\": 1.595984230828611, \"skipped\": 1, \"elapsed_s\": 70.6}\n"}
,{"stream_name":"stdout","time":1099.172086966,"data":"  {\"round\": 2, \"clients_done\": 10, \"of\": 100, \"lr\": 0.0009989829694114164, \"ce_mean\": 0.16151514351595275, \"grad_norm\": 1.4283830888575038, \"skipped\": 0, \"elapsed_s\": 115.4}\n"}
,{"stream_name":"stdout","time":1147.073834474,"data":"  {\"round\": 2, \"clients_done\": 15, \"of\": 100, \"lr\": 0.0009989829694114164, \"ce_mean\": 0.1449563302511966, \"grad_norm\": 1.0603925984863674, \"skipped\": 0, \"elapsed_s\": 163.3}\n"}
,{"stream_name":"stdout","time":1188.859392426,"data":"  {\"round\": 2, \"clients_done\": 20, \"of\": 100, \"lr\": 0.0009989829694114164, \"ce_mean\": 0.11143700853526163, \"grad_norm\": 0.9364382517423561, \"skipped\": 0, \"elapsed_s\": 205.1}\n"}
,{"stream_name":"stdout","time":1227.085249734,"data":"  {\"round\": 2, \"clients_done\": 25, \"of\": 100, \"lr\": 0.0009989829694114164, \"ce_mean\": 0.2362951745520105, \"grad_norm\": 1.7120921884105478, \"skipped\": 0, \"elapsed_s\": 243.3}\n"}
,{"stream_name":"stdout","time":1264.843976205,"data":"  {\"round\": 2, \"clients_done\": 30, \"of\": 100, \"lr\": 0.0009989829694114164, \"ce_mean\": 0.252207867304484, \"grad_norm\": 1.8682992299397787, \"skipped\": 0, \"elapsed_s\": 281.1}\n"}
,{"stream_name":"stdout","time":1290.849957777,"data":"  {\"round\": 2, \"clients_done\": 35, \"of\": 100, \"lr\": 0.0009989829694114164, \"ce_mean\": 0.26911215319858034, \"grad_norm\": 2.035313419754155, \"skipped\": 0, \"elapsed_s\": 307.1}\n"}
,{"stream_name":"stdout","time":1329.116633765,"data":"  {\"round\": 2, \"clients_done\": 40, \"of\": 100, \"lr\": 0.0009989829694114164, \"ce_mean\": 0.20499461732136973, \"grad_norm\": 1.6162538444639718, \"skipped\": 0, \"elapsed_s\": 345.3}\n"}
,{"stream_name":"stdout","time":1358.411036247,"data":"  {\"round\": 2, \"clients_done\": 45, \"of\": 100, \"lr\": 0.0009989829694114164, \"ce_mean\": 0.23600859445130162, \"grad_norm\": 1.8757517076694346, \"skipped\": 0, \"elapsed_s\": 374.6}\n"}
,{"stream_name":"stdout","time":1388.092122672,"data":"  {\"round\": 2, \"clients_done\": 50, \"of\": 100, \"lr\": 0.0009989829694114164, \"ce_mean\": 0.16513915893717232, \"grad_norm\": 1.353657363099201, \"skipped\": 0, \"elapsed_s\": 404.3}\n"}
,{"stream_name":"stdout","time":1419.975757242,"data":"  {\"round\": 2, \"clients_done\": 55, \"of\": 100, \"lr\": 0.0009989829694114164, \"ce_mean\": 0.18504627850038785, \"grad_norm\": 1.5852339940713653, \"skipped\": 0, \"elapsed_s\": 436.2}\n"}
,{"stream_name":"stdout","time":1445.046525018,"data":"  {\"round\": 2, \"clients_done\": 60, \"of\": 100, \"lr\": 0.0009989829694114164, \"ce_mean\": 0.21677535534251316, \"grad_norm\": 1.5471345656318083, \"skipped\": 0, \"elapsed_s\": 461.3}\n"}
,{"stream_name":"stdout","time":1466.315527593,"data":"  {\"round\": 2, \"clients_done\": 65, \"of\": 100, \"lr\": 0.0009989829694114164, \"ce_mean\": 0.23575511287550602, \"grad_norm\": 1.6964936700854067, \"skipped\": 0, \"elapsed_s\": 482.5}\n"}
,{"stream_name":"stdout","time":1489.055925499,"data":"  {\"round\": 2, \"clients_done\": 70, \"of\": 100, \"lr\": 0.0009989829694114164, \"ce_mean\": 0.3152656334673049, \"grad_norm\": 2.1369457544126753, \"skipped\": 0, \"elapsed_s\": 505.3}\n"}
,{"stream_name":"stdout","time":1509.731806977,"data":"  {\"round\": 2, \"clients_done\": 75, \"of\": 100, \"lr\": 0.0009989829694114164, \"ce_mean\": 0.22659935711099088, \"grad_norm\": 1.7795494683354878, \"skipped\": 0, \"elapsed_s\": 525.9}\n"}
,{"stream_name":"stdout","time":1527.221707852,"data":"  {\"round\": 2, \"clients_done\": 80, \"of\": 100, \"lr\": 0.0009989829694114164, \"ce_mean\": 0.21067385876040662, \"grad_norm\": 1.7032118395948963, \"skipped\": 0, \"elapsed_s\": 543.4}\n"}
,{"stream_name":"stdout","time":1549.210955285,"data":"  {\"round\": 2, \"clients_done\": 85, \"of\": 100, \"lr\": 0.0009989829694114164, \"ce_mean\": 0.26192069407987495, \"grad_norm\": 1.7715077005374205, \"skipped\": 0, \"elapsed_s\": 565.4}\n"}
,{"stream_name":"stdout","time":1560.325235908,"data":"  {\"round\": 2, \"clients_done\": 90, \"of\": 100, \"lr\": 0.0009989829694114164, \"ce_mean\": 0.366605507455221, \"grad_norm\": 2.3959556021341464, \"skipped\": 0, \"elapsed_s\": 576.5}\n"}
,{"stream_name":"stdout","time":1573.219577212,"data":"  {\"round\": 2, \"clients_done\": 95, \"of\": 100, \"lr\": 0.0009989829694114164, \"ce_mean\": 0.21280638523365494, \"grad_norm\": 1.6913809358798964, \"skipped\": 0, \"elapsed_s\": 589.4}\n"}
,{"stream_name":"stdout","time":1580.816053042,"data":"  {\"round\": 2, \"clients_done\": 100, \"of\": 100, \"lr\": 0.0009989829694114164, \"ce_mean\": 0.3061471978823344, \"grad_norm\": 1.8727316856384277, \"skipped\": 0, \"elapsed_s\": 597.0}\n"}
,{"stream_name":"stdout","time":1595.267405029,"data":"  {\"round\": 2, \"completed\": true, \"accuracy\": 0.731654, \"precision_macro\": 0.608875, \"precision_micro\": 0.731654, \"precision_weighted\": 0.694806, \"recall_macro\": 0.553681, \"recall_micro\": 0.731654, \"recall_weighted\": 0.731654, \"f1_macro\": 0.553509, \"f1_micro\": 0.731654, \"f1_weighted\": 0.700659, \"train_s\": 597.0, \"aggregate_s\": 0.2, \"eval_s\": 14.3, \"round_s\": 611.5, \"commit_s\": 0.0, \"worst_round_s\": 664.4}\n"}
,{"stream_name":"stdout","time":1659.516331574,"data":"  {\"round\": 3, \"clients_done\": 5, \"of\": 100, \"lr\": 0.0009959360568425068, \"ce_mean\": 0.1523112192018127, \"grad_norm\": 1.578786116635789, \"skipped\": 1, \"elapsed_s\": 64.2}\n"}
,{"stream_name":"stdout","time":1702.988362482,"data":"  {\"round\": 3, \"clients_done\": 10, \"of\": 100, \"lr\": 0.0009959360568425068, \"ce_mean\": 0.13911036441200658, \"grad_norm\": 1.4191409415820462, \"skipped\": 0, \"elapsed_s\": 107.7}\n"}
,{"stream_name":"stdout","time":1742.426163671,"data":"  {\"round\": 3, \"clients_done\": 15, \"of\": 100, \"lr\": 0.0009959360568425068, \"ce_mean\": 0.12158702370063151, \"grad_norm\": 1.0936883285510224, \"skipped\": 0, \"elapsed_s\": 147.1}\n"}
,{"stream_name":"stdout","time":1775.188717953,"data":"  {\"round\": 3, \"clients_done\": 20, \"of\": 100, \"lr\": 0.0009959360568425068, \"ce_mean\": 0.09553940176106185, \"grad_norm\": 0.9348619858995616, \"skipped\": 0, \"elapsed_s\": 179.9}\n"}
,{"stream_name":"stdout","time":1810.054691346,"data":"  {\"round\": 3, \"clients_done\": 25, \"of\": 100, \"lr\": 0.0009959360568425068, \"ce_mean\": 0.20650862402571388, \"grad_norm\": 1.7217202068764568, \"skipped\": 0, \"elapsed_s\": 214.8}\n"}
,{"stream_name":"stdout","time":1837.896344828,"data":"  {\"round\": 3, \"clients_done\": 30, \"of\": 100, \"lr\": 0.0009959360568425068, \"ce_mean\": 0.2251675055373119, \"grad_norm\": 2.0003066267940692, \"skipped\": 0, \"elapsed_s\": 242.6}\n"}
,{"stream_name":"stdout","time":1868.020634154,"data":"  {\"round\": 3, \"clients_done\": 35, \"of\": 100, \"lr\": 0.0009959360568425068, \"ce_mean\": 0.23490915143869656, \"grad_norm\": 2.0566168796289825, \"skipped\": 0, \"elapsed_s\": 272.7}\n"}
,{"stream_name":"stdout","time":1890.607086743,"data":"  {\"round\": 3, \"clients_done\": 40, \"of\": 100, \"lr\": 0.0009959360568425068, \"ce_mean\": 0.17679176263524274, \"grad_norm\": 1.6090820884592854, \"skipped\": 0, \"elapsed_s\": 295.3}\n"}
,{"stream_name":"stdout","time":1919.536808165,"data":"  {\"round\": 3, \"clients_done\": 45, \"of\": 100, \"lr\": 0.0009959360568425068, \"ce_mean\": 0.20408892446046528, \"grad_norm\": 1.8414979451862656, \"skipped\": 0, \"elapsed_s\": 324.3}\n"}
,{"stream_name":"stdout","time":1938.271772534,"data":"  {\"round\": 3, \"clients_done\": 50, \"of\": 100, \"lr\": 0.0009959360568425068, \"ce_mean\": 0.14341903463025862, \"grad_norm\": 1.3336141817420524, \"skipped\": 0, \"elapsed_s\": 343.0}\n"}
,{"stream_name":"stdout","time":1964.012343741,"data":"  {\"round\": 3, \"clients_done\": 55, \"of\": 100, \"lr\": 0.0009959360568425068, \"ce_mean\": 0.1570850906426295, \"grad_norm\": 1.4508493039823205, \"skipped\": 1, \"elapsed_s\": 368.7}\n"}
,{"stream_name":"stdout","time":1980.874696076,"data":"  {\"round\": 3, \"clients_done\": 60, \"of\": 100, \"lr\": 0.0009959360568425068, \"ce_mean\": 0.18539888580034156, \"grad_norm\": 1.5483378934617829, \"skipped\": 0, \"elapsed_s\": 385.6}\n"}
,{"stream_name":"stdout","time":2004.419330703,"data":"  {\"round\": 3, \"clients_done\": 65, \"of\": 100, \"lr\": 0.0009959360568425068, \"ce_mean\": 0.20231360846786137, \"grad_norm\": 1.6612246062894944, \"skipped\": 0, \"elapsed_s\": 409.1}\n"}
,{"stream_name":"stdout","time":2026.7933049,"data":"  {\"round\": 3, \"clients_done\": 70, \"of\": 100, \"lr\": 0.0009959360568425068, \"ce_mean\": 0.2717004676774747, \"grad_norm\": 2.1152043362278077, \"skipped\": 0, \"elapsed_s\": 431.5}\n"}
,{"stream_name":"stdout","time":2042.272511805,"data":"  {\"round\": 3, \"clients_done\": 75, \"of\": 100, \"lr\": 0.0009959360568425068, \"ce_mean\": 0.19194054089004187, \"grad_norm\": 1.7359216264683566, \"skipped\": 0, \"elapsed_s\": 447.0}\n"}
,{"stream_name":"stdout","time":2060.216115807,"data":"  {\"round\": 3, \"clients_done\": 80, \"of\": 100, \"lr\": 0.0009959360568425068, \"ce_mean\": 0.17611987434298837, \"grad_norm\": 1.687386059853101, \"skipped\": 0, \"elapsed_s\": 464.9}\n"}
,{"stream_name":"stdout","time":2072.744689509,"data":"  {\"round\": 3, \"clients_done\": 85, \"of\": 100, \"lr\": 0.0009959360568425068, \"ce_mean\": 0.22419409944246782, \"grad_norm\": 1.7516035011113322, \"skipped\": 0, \"elapsed_s\": 477.5}\n"}
,{"stream_name":"stdout","time":2089.962738607,"data":"  {\"round\": 3, \"clients_done\": 90, \"of\": 100, \"lr\": 0.0009959360568425068, \"ce_mean\": 0.1937248034354968, \"grad_norm\": 1.7329949645623475, \"skipped\": 1, \"elapsed_s\": 494.7}\n"}
,{"stream_name":"stdout","time":2100.648147763,"data":"  {\"round\": 3, \"clients_done\": 95, \"of\": 100, \"lr\": 0.0009959360568425068, \"ce_mean\": 0.1724879181330105, \"grad_norm\": 1.6616989112303187, \"skipped\": 0, \"elapsed_s\": 505.4}\n"}
,{"stream_name":"stdout","time":2109.634479337,"data":"  {\"round\": 3, \"clients_done\": 100, \"of\": 100, \"lr\": 0.0009959360568425068, \"ce_mean\": 0.24944231715588283, \"grad_norm\": 1.8778692897866351, \"skipped\": 1, \"elapsed_s\": 514.4}\n"}
,{"stream_name":"stdout","time":2123.879550088,"data":"  {\"round\": 3, \"completed\": true, \"accuracy\": 0.749207, \"precision_macro\": 0.668879, \"precision_micro\": 0.749207, \"precision_weighted\": 0.731393, \"recall_macro\": 0.632473, \"recall_micro\": 0.749207, \"recall_weighted\": 0.749207, \"f1_macro\": 0.635361, \"f1_micro\": 0.749207, \"f1_weighted\": 0.732604, \"train_s\": 514.4, \"aggregate_s\": 0.1, \"eval_s\": 14.1, \"round_s\": 528.6, \"commit_s\": 0.0, \"worst_round_s\": 664.4}\n"}
,{"stream_name":"stdout","time":2188.239887465,"data":"  {\"round\": 4, \"clients_done\": 5, \"of\": 100, \"lr\": 0.0009908717827105773, \"ce_mean\": 0.13529681355687845, \"grad_norm\": 1.5802526631974716, \"skipped\": 1, \"elapsed_s\": 64.3}\n"}
,{"stream_name":"stdout","time":2231.819495785,"data":"  {\"round\": 4, \"clients_done\": 10, \"of\": 100, \"lr\": 0.0009908717827105773, \"ce_mean\": 0.12467275981182635, \"grad_norm\": 1.417351365771652, \"skipped\": 1, \"elapsed_s\": 107.9}\n"}
,{"stream_name":"stdout","time":2271.064062656,"data":"  {\"round\": 4, \"clients_done\": 15, \"of\": 100, \"lr\": 0.0009908717827105773, \"ce_mean\": 0.10871205978301744, \"grad_norm\": 1.0810448944544726, \"skipped\": 1, \"elapsed_s\": 147.2}\n"}
,{"stream_name":"stdout","time":2304.467750548,"data":"  {\"round\": 4, \"clients_done\": 20, \"of\": 100, \"lr\": 0.0009908717827105773, \"ce_mean\": 0.08517126042208226, \"grad_norm\": 0.9084984209897707, \"skipped\": 0, \"elapsed_s\": 180.6}\n"}
,{"stream_name":"stdout","time":2339.209353851,"data":"  {\"round\": 4, \"clients_done\": 25, \"of\": 100, \"lr\": 0.0009908717827105773, \"ce_mean\": 0.18549100435697116, \"grad_norm\": 1.7147475733901516, \"skipped\": 0, \"elapsed_s\": 215.3}\n"}
,{"stream_name":"stdout","time":2367.170268002,"data":"  {\"round\": 4, \"clients_done\": 30, \"of\": 100, \"lr\": 0.0009908717827105773, \"ce_mean\": 0.19906298223021782, \"grad_norm\": 1.9973664426055893, \"skipped\": 0, \"elapsed_s\": 243.3}\n"}
,{"stream_name":"stdout","time":2397.869894439,"data":"  {\"round\": 4, \"clients_done\": 35, \"of\": 100, \"lr\": 0.0009908717827105773, \"ce_mean\": 0.20947752062906355, \"grad_norm\": 2.055037871836549, \"skipped\": 1, \"elapsed_s\": 274.0}\n"}
,{"stream_name":"stdout","time":2420.83442192,"data":"  {\"round\": 4, \"clients_done\": 40, \"of\": 100, \"lr\": 0.0009908717827105773, \"ce_mean\": 0.15751833988381997, \"grad_norm\": 1.6088430711001611, \"skipped\": 1, \"elapsed_s\": 297.0}\n"}
,{"stream_name":"stdout","time":2449.493667818,"data":"  {\"round\": 4, \"clients_done\": 45, \"of\": 100, \"lr\": 0.0009908717827105773, \"ce_mean\": 0.1842759732000842, \"grad_norm\": 1.828605094498503, \"skipped\": 1, \"elapsed_s\": 325.6}\n"}
,{"stream_name":"stdout","time":2469.154684442,"data":"  {\"round\": 4, \"clients_done\": 50, \"of\": 100, \"lr\": 0.0009908717827105773, \"ce_mean\": 0.12807942071703873, \"grad_norm\": 1.2985549703260237, \"skipped\": 0, \"elapsed_s\": 345.3}\n"}
,{"stream_name":"stdout","time":2494.070571463,"data":"  {\"round\": 4, \"clients_done\": 55, \"of\": 100, \"lr\": 0.0009908717827105773, \"ce_mean\": 0.13767018419630983, \"grad_norm\": 1.5550855704233155, \"skipped\": 0, \"elapsed_s\": 370.2}\n"}
,{"stream_name":"stdout","time":2515.742146742,"data":"  {\"round\": 4, \"clients_done\": 60, \"of\": 100, \"lr\": 0.0009908717827105773, \"ce_mean\": 0.16538324404559276, \"grad_norm\": 1.5152400840255082, \"skipped\": 0, \"elapsed_s\": 391.9}\n"}
,{"stream_name":"stdout","time":2538.913214789,"data":"  {\"round\": 4, \"clients_done\": 65, \"of\": 100, \"lr\": 0.0009908717827105773, \"ce_mean\": 0.1820404872321781, \"grad_norm\": 1.6137810054736867, \"skipped\": 0, \"elapsed_s\": 415.0}\n"}
,{"stream_name":"stdout","time":2557.926188032,"data":"  {\"round\": 4, \"clients_done\": 70, \"of\": 100, \"lr\": 0.0009908717827105773, \"ce_mean\": 0.23988223745803203, \"grad_norm\": 2.088419865379649, \"skipped\": 1, \"elapsed_s\": 434.0}\n"}
,{"stream_name":"stdout","time":2575.095303557,"data":"  {\"round\": 4, \"clients_done\": 75, \"of\": 100, \"lr\": 0.0009908717827105773, \"ce_mean\": 0.1732146722807301, \"grad_norm\": 1.6794917703532486, \"skipped\": 0, \"elapsed_s\": 451.2}\n"}
,{"stream_name":"stdout","time":2591.759154362,"data":"  {\"round\": 4, \"clients_done\": 80, \"of\": 100, \"lr\": 0.0009908717827105773, \"ce_mean\": 0.15774698303517512, \"grad_norm\": 1.6514272201464373, \"skipped\": 1, \"elapsed_s\": 467.9}\n"}
,{"stream_name":"stdout","time":2608.446445837,"data":"  {\"round\": 4, \"clients_done\": 85, \"of\": 100, \"lr\": 0.0009908717827105773, \"ce_mean\": 0.19989708578510648, \"grad_norm\": 1.7044883776622213, \"skipped\": 0, \"elapsed_s\": 484.6}\n"}
,{"stream_name":"stdout","time":2622.193094549,"data":"  {\"round\": 4, \"clients_done\": 90, \"of\": 100, \"lr\": 0.0009908717827105773, \"ce_mean\": 0.28480686094702745, \"grad_norm\": 2.3592422113185973, \"skipped\": 0, \"elapsed_s\": 498.3}\n"}
,{"stream_name":"stdout","time":2638.25134182,"data":"  {\"round\": 4, \"clients_done\": 95, \"of\": 100, \"lr\": 0.0009908717827105773, \"ce_mean\": 0.14956183367610526, \"grad_norm\": 1.6074766285042243, \"skipped\": 0, \"elapsed_s\": 514.4}\n"}
,{"stream_name":"stdout","time":2648.246869696,"data":"  {\"round\": 4, \"clients_done\": 100, \"of\": 100, \"lr\": 0.0009908717827105773, \"ce_mean\": 0.21707924207051596, \"grad_norm\": 1.815871238708496, \"skipped\": 0, \"elapsed_s\": 524.4}\n"}
,{"stream_name":"stdout","time":2663.188853415,"data":"  {\"round\": 4, \"completed\": true, \"accuracy\": 0.737608, \"precision_macro\": 0.688863, \"precision_micro\": 0.737608, \"precision_weighted\": 0.739865, \"recall_macro\": 0.671834, \"recall_micro\": 0.737608, \"recall_weighted\": 0.737608, \"f1_macro\": 0.67043, \"f1_micro\": 0.737608, \"f1_weighted\": 0.732584, \"train_s\": 524.4, \"aggregate_s\": 0.1, \"eval_s\": 14.8, \"round_s\": 539.3, \"commit_s\": 0.0, \"worst_round_s\": 664.4}\n"}
,{"stream_name":"stdout","time":2726.132353681,"data":"  {\"round\": 5, \"clients_done\": 5, \"of\": 100, \"lr\": 0.0009838109572043196, \"ce_mean\": 0.12289975029685683, \"grad_norm\": 1.5918202886606365, \"skipped\": 1, \"elapsed_s\": 62.9}\n"}
,{"stream_name":"stdout","time":2770.069877565,"data":"  {\"round\": 5, \"clients_done\": 10, \"of\": 100, \"lr\": 0.0009838109572043196, \"ce_mean\": 0.11371073164315862, \"grad_norm\": 1.3765216639641358, \"skipped\": 1, \"elapsed_s\": 106.9}\n"}
,{"stream_name":"stdout","time":2809.501124482,"data":"  {\"round\": 5, \"clients_done\": 15, \"of\": 100, \"lr\": 0.0009838109572043196, \"ce_mean\": 0.09966687383705268, \"grad_norm\": 1.0644855269835105, \"skipped\": 0, \"elapsed_s\": 146.3}\n"}
,{"stream_name":"stdout","time":2842.989733088,"data":"  {\"round\": 5, \"clients_done\": 20, \"of\": 100, \"lr\": 0.0009838109572043196, \"ce_mean\": 0.0791156068980265, \"grad_norm\": 0.882562376612382, \"skipped\": 0, \"elapsed_s\": 179.8}\n"}
,{"stream_name":"stdout","time":2877.310440613,"data":"  {\"round\": 5, \"clients_done\": 25, \"of\": 100, \"lr\": 0.0009838109572043196, \"ce_mean\": 0.16762347719562587, \"grad_norm\": 1.7242280191449977, \"skipped\": 1, \"elapsed_s\": 214.1}\n"}
,{"stream_name":"stdout","time":2905.63211685,"data":"  {\"round\": 5, \"clients_done\": 30, \"of\": 100, \"lr\": 0.0009838109572043196, \"ce_mean\": 0.18354753369807472, \"grad_norm\": 2.005468157245827, \"skipped\": 0, \"elapsed_s\": 242.4}\n"}
,{"stream_name":"stdout","time":2935.5132322,"data":"  {\"round\": 5, \"clients_done\": 35, \"of\": 100, \"lr\": 0.0009838109572043196, \"ce_mean\": 0.1937226144441627, \"grad_norm\": 2.0439350659712505, \"skipped\": 2, \"elapsed_s\": 272.3}\n"}
,{"stream_name":"stdout","time":2958.525700921,"data":"  {\"round\": 5, \"clients_done\": 40, \"of\": 100, \"lr\": 0.0009838109572043196, \"ce_mean\": 0.1452165359908503, \"grad_norm\": 1.6103654438837192, \"skipped\": 1, \"elapsed_s\": 295.3}\n"}
,{"stream_name":"stdout","time":2986.764023722,"data":"  {\"round\": 5, \"clients_done\": 45, \"of\": 100, \"lr\": 0.0009838109572043196, \"ce_mean\": 0.1678465335829967, \"grad_norm\": 1.7826233823309396, \"skipped\": 0, \"elapsed_s\": 323.6}\n"}
,{"stream_name":"stdout","time":3006.747707035,"data":"  {\"round\": 5, \"clients_done\": 50, \"of\": 100, \"lr\": 0.0009838109572043196, \"ce_mean\": 0.11818934471745399, \"grad_norm\": 1.2818993880381828, \"skipped\": 1, \"elapsed_s\": 343.6}\n"}
,{"stream_name":"stdout","time":3031.907758889,"data":"  {\"round\": 5, \"clients_done\": 55, \"of\": 100, \"lr\": 0.0009838109572043196, \"ce_mean\": 0.12542340434189383, \"grad_norm\": 1.5399315367353723, \"skipped\": 0, \"elapsed_s\": 368.7}\n"}
,{"stream_name":"stdout","time":3049.838011315,"data":"  {\"round\": 5, \"clients_done\": 60, \"of\": 100, \"lr\": 0.0009838109572043196, \"ce_mean\": 0.15355539979844657, \"grad_norm\": 1.4668398699902414, \"skipped\": 0, \"elapsed_s\": 386.6}\n"}
,{"stream_name":"stdout","time":3072.838072399,"data":"  {\"round\": 5, \"clients_done\": 65, \"of\": 100, \"lr\": 0.0009838109572043196, \"ce_mean\": 0.17083039969252936, \"grad_norm\": 1.5699603666814772, \"skipped\": 0, \"elapsed_s\": 409.6}\n"}
,{"stream_name":"stdout","time":3087.824640476,"data":"  {\"round\": 5, \"clients_done\": 70, \"of\": 100, \"lr\": 0.0009838109572043196, \"ce_mean\": 0.22319760310758155, \"grad_norm\": 2.0580345046707267, \"skipped\": 0, \"elapsed_s\": 424.6}\n"}
,{"stream_name":"stdout","time":3108.246615087,"data":"  {\"round\": 5, \"clients_done\": 75, \"of\": 100, \"lr\": 0.0009838109572043196, \"ce_mean\": 0.14853152789278515, \"grad_norm\": 1.5236394504248272, \"skipped\": 1, \"elapsed_s\": 445.0}\n"}
,{"stream_name":"stdout","time":3121.031934983,"data":"  {\"round\": 5, \"clients_done\": 80, \"of\": 100, \"lr\": 0.0009838109572043196, \"ce_mean\": 0.14589211011024975, \"grad_norm\": 1.5950919486380912, \"skipped\": 0, \"elapsed_s\": 457.8}\n"}
,{"stream_name":"stdout","time":3138.473444004,"data":"  {\"round\": 5, \"clients_done\": 85, \"of\": 100, \"lr\": 0.0009838109572043196, \"ce_mean\": 0.18420113727545281, \"grad_norm\": 1.6708560627736864, \"skipped\": 0, \"elapsed_s\": 475.3}\n"}
,{"stream_name":"stdout","time":3148.866734209,"data":"  {\"round\": 5, \"clients_done\": 90, \"of\": 100, \"lr\": 0.0009838109572043196, \"ce_mean\": 0.1718968110926011, \"grad_norm\": 1.7446666762408087, \"skipped\": 0, \"elapsed_s\": 485.7}\n"}
,{"stream_name":"stdout","time":3162.427701677,"data":"  {\"round\": 5, \"clients_done\": 95, \"of\": 100, \"lr\": 0.0009838109572043196, \"ce_mean\": 0.17734337754136933, \"grad_norm\": 1.7860768716166338, \"skipped\": 0, \"elapsed_s\": 499.2}\n"}
,{"stream_name":"stdout","time":3168.601240186,"data":"  {\"round\": 5, \"clients_done\": 100, \"of\": 100, \"lr\": 0.0009838109572043196, \"ce_mean\": 0.19874363853817895, \"grad_norm\": 1.8745157877604166, \"skipped\": 1, \"elapsed_s\": 505.4}\n"}
,{"stream_name":"stdout","time":3183.143818092,"data":"  {\"round\": 5, \"completed\": true, \"accuracy\": 0.72503, \"precision_macro\": 0.696318, \"precision_micro\": 0.72503, \"precision_weighted\": 0.743571, \"recall_macro\": 0.691753, \"recall_micro\": 0.72503, \"recall_weighted\": 0.72503, \"f1_macro\": 0.684394, \"f1_micro\": 0.72503, \"f1_weighted\": 0.725748, \"train_s\": 505.4, \"aggregate_s\": 0.1, \"eval_s\": 14.4, \"round_s\": 519.9, \"commit_s\": 0.0, \"worst_round_s\": 664.4}\n"}
,{"stream_name":"stdout","time":3246.921440395,"data":"  {\"round\": 6, \"clients_done\": 5, \"of\": 100, \"lr\": 0.000974782594770281, \"ce_mean\": 0.11312425431038398, \"grad_norm\": 1.5650992001325923, \"skipped\": 1, \"elapsed_s\": 63.8}\n"}
,{"stream_name":"stdout","time":3290.562464263,"data":"  {\"round\": 6, \"clients_done\": 10, \"of\": 100, \"lr\": 0.000974782594770281, \"ce_mean\": 0.1048663043648357, \"grad_norm\": 1.3821490075650993, \"skipped\": 1, \"elapsed_s\": 107.4}\n"}
,{"stream_name":"stdout","time":3330.47015315,"data":"  {\"round\": 6, \"clients_done\": 15, \"of\": 100, \"lr\": 0.000974782594770281, \"ce_mean\": 0.09320608201009702, \"grad_norm\": 1.0462244479856098, \"skipped\": 1, \"elapsed_s\": 147.3}\n"}
,{"stream_name":"stdout","time":3364.416054153,"data":"  {\"round\": 6, \"clients_done\": 20, \"of\": 100, \"lr\": 0.000974782594770281, \"ce_mean\": 0.07395974166101689, \"grad_norm\": 0.8541448030540412, \"skipped\": 0, \"elapsed_s\": 181.3}\n"}
,{"stream_name":"stdout","time":3398.984778905,"data":"  {\"round\": 6, \"clients_done\": 25, \"of\": 100, \"lr\": 0.000974782594770281, \"ce_mean\": 0.15641637277892412, \"grad_norm\": 1.7096518597978885, \"skipped\": 2, \"elapsed_s\": 215.8}\n"}
,{"stream_name":"stdout","time":3427.717044495,"data":"  {\"round\": 6, \"clients_done\": 30, \"of\": 100, \"lr\": 0.000974782594770281, \"ce_mean\": 0.17122843486224393, \"grad_norm\": 2.008041451299317, \"skipped\": 0, \"elapsed_s\": 244.6}\n"}
,{"stream_name":"stdout","time":3458.874770766,"data":"  {\"round\": 6, \"clients_done\": 35, \"of\": 100, \"lr\": 0.000974782594770281, \"ce_mean\": 0.18409124796822568, \"grad_norm\": 2.056023719326762, \"skipped\": 1, \"elapsed_s\": 275.7}\n"}
,{"stream_name":"stdout","time":3481.869445082,"data":"  {\"round\": 6, \"clients_done\": 40, \"of\": 100, \"lr\": 0.000974782594770281, \"ce_mean\": 0.1345198833648932, \"grad_norm\": 1.617704545766779, \"skipped\": 1, \"elapsed_s\": 298.7}\n"}
,{"stream_name":"stdout","time":3510.610693351,"data":"  {\"round\": 6, \"clients_done\": 45, \"of\": 100, \"lr\": 0.000974782594770281, \"ce_mean\": 0.15612351002627545, \"grad_norm\": 1.7902814498709605, \"skipped\": 0, \"elapsed_s\": 327.5}\n"}
,{"stream_name":"stdout","time":3530.592465223,"data":"  {\"round\": 6, \"clients_done\": 50, \"of\": 100, \"lr\": 0.000974782594770281, \"ce_mean\": 0.10822945301447029, \"grad_norm\": 1.2625374825753162, \"skipped\": 0, \"elapsed_s\": 347.4}\n"}
,{"stream_name":"stdout","time":3555.967233463,"data":"  {\"round\": 6, \"clients_done\": 55, \"of\": 100, \"lr\": 0.000974782594770281, \"ce_mean\": 0.1177315099430558, \"grad_norm\": 1.5420505802541695, \"skipped\": 1, \"elapsed_s\": 372.8}\n"}
,{"stream_name":"stdout","time":3573.453712351,"data":"  {\"round\": 6, \"clients_done\": 60, \"of\": 100, \"lr\": 0.000974782594770281, \"ce_mean\": 0.14307633499001451, \"grad_norm\": 1.4493610323903867, \"skipped\": 0, \"elapsed_s\": 390.3}\n"}
,{"stream_name":"stdout","time":3596.410789618,"data":"  {\"round\": 6, \"clients_done\": 65, \"of\": 100, \"lr\": 0.000974782594770281, \"ce_mean\": 0.15859800944396105, \"grad_norm\": 1.5581462552762144, \"skipped\": 0, \"elapsed_s\": 413.3}\n"}
,{"stream_name":"stdout","time":3611.581338078,"data":"  {\"round\": 6, \"clients_done\": 70, \"of\": 100, \"lr\": 0.000974782594770281, \"ce_mean\": 0.20589773995535715, \"grad_norm\": 2.0380379561054913, \"skipped\": 0, \"elapsed_s\": 428.4}\n"}
,{"stream_name":"stdout","time":3632.347531909,"data":"  {\"round\": 6, \"clients_done\": 75, \"of\": 100, \"lr\": 0.000974782594770281, \"ce_mean\": 0.1450095279611272, \"grad_norm\": 1.635403639978642, \"skipped\": 0, \"elapsed_s\": 449.2}\n"}
,{"stream_name":"stdout","time":3645.322438135,"data":"  {\"round\": 6, \"clients_done\": 80, \"of\": 100, \"lr\": 0.000974782594770281, \"ce_mean\": 0.1623927985785903, \"grad_norm\": 1.5980868380763689, \"skipped\": 1, \"elapsed_s\": 462.2}\n"}
,{"stream_name":"stdout","time":3663.237852664,"data":"  {\"round\": 6, \"clients_done\": 85, \"of\": 100, \"lr\": 0.000974782594770281, \"ce_mean\": 0.17337727799790173, \"grad_norm\": 1.6514987176137872, \"skipped\": 0, \"elapsed_s\": 480.1}\n"}
,{"stream_name":"stdout","time":3674.502148404,"data":"  {\"round\": 6, \"clients_done\": 90, \"of\": 100, \"lr\": 0.000974782594770281, \"ce_mean\": 0.15898594221602622, \"grad_norm\": 1.7120380019692285, \"skipped\": 1, \"elapsed_s\": 491.4}\n"}
,{"stream_name":"stdout","time":3687.740414289,"data":"  {\"round\": 6, \"clients_done\": 95, \"of\": 100, \"lr\": 0.000974782594770281, \"ce_mean\": 0.16388731228085016, \"grad_norm\": 1.7624863511934055, \"skipped\": 0, \"elapsed_s\": 504.6}\n"}
,{"stream_name":"stdout","time":3694.056969533,"data":"  {\"round\": 6, \"clients_done\": 100, \"of\": 100, \"lr\": 0.000974782594770281, \"ce_mean\": 0.18535950070335752, \"grad_norm\": 1.8406600225539433, \"skipped\": 1, \"elapsed_s\": 510.9}\n"}
,{"stream_name":"stdout","time":3708.594970181,"data":"  {\"round\": 6, \"completed\": true, \"accuracy\": 0.718132, \"precision_macro\": 0.693778, \"precision_micro\": 0.718132, \"precision_weighted\": 0.742648, \"recall_macro\": 0.700821, \"recall_micro\": 0.718132, \"recall_weighted\": 0.718132, \"f1_macro\": 0.688094, \"f1_micro\": 0.718132, \"f1_weighted\": 0.720068, \"train_s\": 510.9, \"aggregate_s\": 0.1, \"eval_s\": 14.4, \"round_s\": 525.4, \"commit_s\": 0.0, \"worst_round_s\": 664.4}\n"}
,{"stream_name":"stdout","time":3771.874076815,"data":"  {\"round\": 7, \"clients_done\": 5, \"of\": 100, \"lr\": 0.0009638237948862808, \"ce_mean\": 0.10613493959559357, \"grad_norm\": 1.5807687570382882, \"skipped\": 1, \"elapsed_s\": 63.3}\n"}
,{"stream_name":"stdout","time":3814.680774049,"data":"  {\"round\": 7, \"clients_done\": 10, \"of\": 100, \"lr\": 0.0009638237948862808, \"ce_mean\": 0.09948574446030857, \"grad_norm\": 1.3824300347553415, \"skipped\": 1, \"elapsed_s\": 106.1}\n"}
,{"stream_name":"stdout","time":3854.254180264,"data":"  {\"round\": 7, \"clients_done\": 15, \"of\": 100, \"lr\": 0.0009638237948862808, \"ce_mean\": 0.08694620751913969, \"grad_norm\": 1.059460870150862, \"skipped\": 0, \"elapsed_s\": 145.6}\n"}
,{"stream_name":"stdout","time":3887.70794245,"data":"  {\"round\": 7, \"clients_done\": 20, \"of\": 100, \"lr\": 0.0009638237948862808, \"ce_mean\": 0.07047653884338818, \"grad_norm\": 0.8376357263798336, \"skipped\": 0, \"elapsed_s\": 179.1}\n"}
,{"stream_name":"stdout","time":3921.903498445,"data":"  {\"round\": 7, \"clients_done\": 25, \"of\": 100, \"lr\": 0.0009638237948862808, \"ce_mean\": 0.14563298436589453, \"grad_norm\": 1.7101499899839743, \"skipped\": 0, \"elapsed_s\": 213.3}\n"}
,{"stream_name":"stdout","time":3950.077495548,"data":"  {\"round\": 7, \"clients_done\": 30, \"of\": 100, \"lr\": 0.0009638237948862808, \"ce_mean\": 0.16180864712487347, \"grad_norm\": 2.0186005256436617, \"skipped\": 1, \"elapsed_s\": 241.5}\n"}
,{"stream_name":"stdout","time":3980.139193814,"data":"  {\"round\": 7, \"clients_done\": 35, \"of\": 100, \"lr\": 0.0009638237948862808, \"ce_mean\": 0.17293348349735066, \"grad_norm\": 2.1132776978700334, \"skipped\": 2, \"elapsed_s\": 271.5}\n"}
,{"stream_name":"stdout","time":4003.570062995,"data":"  {\"round\": 7, \"clients_done\": 40, \"of\": 100, \"lr\": 0.0009638237948862808, \"ce_mean\": 0.12679414201313838, \"grad_norm\": 1.6282777238423212, \"skipped\": 1, \"elapsed_s\": 295.0}\n"}
,{"stream_name":"stdout","time":4031.185266067,"data":"  {\"round\": 7, \"clients_done\": 45, \"of\": 100, \"lr\": 0.0009638237948862808, \"ce_mean\": 0.14423378123129862, \"grad_norm\": 1.75914906399611, \"skipped\": 0, \"elapsed_s\": 322.6}\n"}
,{"stream_name":"stdout","time":4051.074186226,"data":"  {\"round\": 7, \"clients_done\": 50, \"of\": 100, \"lr\": 0.0009638237948862808, \"ce_mean\": 0.10183057518360936, \"grad_norm\": 1.2548447772761318, \"skipped\": 0, \"elapsed_s\": 342.5}\n"}
,{"stream_name":"stdout","time":4075.655093735,"data":"  {\"round\": 7, \"clients_done\": 55, \"of\": 100, \"lr\": 0.0009638237948862808, \"ce_mean\": 0.11131838926446616, \"grad_norm\": 1.5430914267654365, \"skipped\": 1, \"elapsed_s\": 367.0}\n"}
,{"stream_name":"stdout","time":4093.47070563,"data":"  {\"round\": 7, \"clients_done\": 60, \"of\": 100, \"lr\": 0.0009638237948862808, \"ce_mean\": 0.13486702890610816, \"grad_norm\": 1.4518753085001361, \"skipped\": 0, \"elapsed_s\": 384.9}\n"}
,{"stream_name":"stdout","time":4116.210750706,"data":"  {\"round\": 7, \"clients_done\": 65, \"of\": 100, \"lr\": 0.0009638237948862808, \"ce_mean\": 0.14993392197065067, \"grad_norm\": 1.530034696509676, \"skipped\": 0, \"elapsed_s\": 407.6}\n"}
,{"stream_name":"stdout","time":4131.719624828,"data":"  {\"round\": 7, \"clients_done\": 70, \"of\": 100, \"lr\": 0.0009638237948862808, \"ce_mean\": 0.1925822108245093, \"grad_norm\": 2.0328320716038224, \"skipped\": 1, \"elapsed_s\": 423.1}\n"}
,{"stream_name":"stdout","time":4151.862114535,"data":"  {\"round\": 7, \"clients_done\": 75, \"of\": 100, \"lr\": 0.0009638237948862808, \"ce_mean\": 0.13563138289417295, \"grad_norm\": 1.6346845009344086, \"skipped\": 0, \"elapsed_s\": 443.2}\n"}
,{"stream_name":"stdout","time":4164.945404105,"data":"  {\"round\": 7, \"clients_done\": 80, \"of\": 100, \"lr\": 0.0009638237948862808, \"ce_mean\": 0.126816650154968, \"grad_norm\": 1.5199791160789695, \"skipped\": 0, \"elapsed_s\": 456.3}\n"}
,{"stream_name":"stdout","time":4182.980744105,"data":"  {\"round\": 7, \"clients_done\": 85, \"of\": 100, \"lr\": 0.0009638237948862808, \"ce_mean\": 0.11682274810269348, \"grad_norm\": 1.7208510178786058, \"skipped\": 0, \"elapsed_s\": 474.4}\n"}
,{"stream_name":"stdout","time":4193.817210629,"data":"  {\"round\": 7, \"clients_done\": 90, \"of\": 100, \"lr\": 0.0009638237948862808, \"ce_mean\": 0.14833510076480141, \"grad_norm\": 1.6984301096418581, \"skipped\": 1, \"elapsed_s\": 485.2}\n"}
,{"stream_name":"stdout","time":4206.884272786,"data":"  {\"round\": 7, \"clients_done\": 95, \"of\": 100, \"lr\": 0.0009638237948862808, \"ce_mean\": 0.15267024957795247, \"grad_norm\": 1.7839232243197949, \"skipped\": 1, \"elapsed_s\": 498.3}\n"}
,{"stream_name":"stdout","time":4213.204137717,"data":"  {\"round\": 7, \"clients_done\": 100, \"of\": 100, \"lr\": 0.0009638237948862808, \"ce_mean\": 0.1746771494547526, \"grad_norm\": 1.7833369663783483, \"skipped\": 1, \"elapsed_s\": 504.6}\n"}
,{"stream_name":"stdout","time":4227.628661011,"data":"  {\"round\": 7, \"completed\": true, \"accuracy\": 0.710278, \"precision_macro\": 0.696561, \"precision_micro\": 0.710278, \"precision_weighted\": 0.74437, \"recall_macro\": 0.704751, \"recall_micro\": 0.710278, \"recall_weighted\": 0.710278, \"f1_macro\": 0.689604, \"f1_micro\": 0.710278, \"f1_weighted\": 0.71281, \"train_s\": 504.6, \"aggregate_s\": 0.1, \"eval_s\": 14.3, \"round_s\": 519.0, \"commit_s\": 0.0, \"worst_round_s\": 664.4}\n"}
,{"stream_name":"stdout","time":4291.730346664,"data":"  {\"round\": 8, \"clients_done\": 5, \"of\": 100, \"lr\": 0.0009509795896116975, \"ce_mean\": 0.10009523506463873, \"grad_norm\": 1.5758218052982418, \"skipped\": 1, \"elapsed_s\": 64.1}\n"}
,{"stream_name":"stdout","time":4335.321739216,"data":"  {\"round\": 8, \"clients_done\": 10, \"of\": 100, \"lr\": 0.0009509795896116975, \"ce_mean\": 0.09494813222641346, \"grad_norm\": 1.372558966341568, \"skipped\": 1, \"elapsed_s\": 107.7}\n"}
,{"stream_name":"stdout","time":4374.330630028,"data":"  {\"round\": 8, \"clients_done\": 15, \"of\": 100, \"lr\": 0.0009509795896116975, \"ce_mean\": 0.08294880328004349, \"grad_norm\": 1.0509026837645408, \"skipped\": 1, \"elapsed_s\": 146.7}\n"}
,{"stream_name":"stdout","time":4407.607149207,"data":"  {\"round\": 8, \"clients_done\": 20, \"of\": 100, \"lr\": 0.0009509795896116975, \"ce_mean\": 0.06758741618168017, \"grad_norm\": 0.8303219361504723, \"skipped\": 1, \"elapsed_s\": 180.0}\n"}
,{"stream_name":"stdout","time":4442.213023026,"data":"  {\"round\": 8, \"clients_done\": 25, \"of\": 100, \"lr\": 0.0009509795896116975, \"ce_mean\": 0.13914975123618967, \"grad_norm\": 1.7128860701375932, \"skipped\": 1, \"elapsed_s\": 214.6}\n"}
,{"stream_name":"stdout","time":4469.891559161,"data":"  {\"round\": 8, \"clients_done\": 30, \"of\": 100, \"lr\": 0.0009509795896116975, \"ce_mean\": 0.1511171347695767, \"grad_norm\": 2.0091850963818287, \"skipped\": 0, \"elapsed_s\": 242.3}\n"}
,{"stream_name":"stdout","time":4500.554005179,"data":"  {\"round\": 8, \"clients_done\": 35, \"of\": 100, \"lr\": 0.0009509795896116975, \"ce_mean\": 0.16765419864494438, \"grad_norm\": 2.079622769262381, \"skipped\": 2, \"elapsed_s\": 272.9}\n"}
,{"stream_name":"stdout","time":4523.028742644,"data":"  {\"round\": 8, \"clients_done\": 40, \"of\": 100, \"lr\": 0.0009509795896116975, \"ce_mean\": 0.12129376095411015, \"grad_norm\": 1.6258356625733137, \"skipped\": 2, \"elapsed_s\": 295.4}\n"}
,{"stream_name":"stdout","time":4552.096661505,"data":"  {\"round\": 8, \"clients_done\": 45, \"of\": 100, \"lr\": 0.0009509795896116975, \"ce_mean\": 0.13671045777610563, \"grad_norm\": 1.7664589399060067, \"skipped\": 2, \"elapsed_s\": 324.5}\n"}
,{"stream_name":"stdout","time":4571.877787275,"data":"  {\"round\": 8, \"clients_done\": 50, \"of\": 100, \"lr\": 0.0009509795896116975, \"ce_mean\": 0.09548331513385798, \"grad_norm\": 1.2631410885746088, \"skipped\": 0, \"elapsed_s\": 344.2}\n"}
,{"stream_name":"stdout","time":4597.490099453,"data":"  {\"round\": 8, \"clients_done\": 55, \"of\": 100, \"lr\": 0.0009509795896116975, \"ce_mean\": 0.1037862546229041, \"grad_norm\": 1.5428389690715933, \"skipped\": 1, \"elapsed_s\": 369.8}\n"}
,{"stream_name":"stdout","time":4614.650249781,"data":"  {\"round\": 8, \"clients_done\": 60, \"of\": 100, \"lr\": 0.0009509795896116975, \"ce_mean\": 0.12661509351100103, \"grad_norm\": 1.4278137162706517, \"skipped\": 0, \"elapsed_s\": 387.0}\n"}
,{"stream_name":"stdout","time":4637.970531019,"data":"  {\"round\": 8, \"clients_done\": 65, \"of\": 100, \"lr\": 0.0009509795896116975, \"ce_mean\": 0.14461718615009134, \"grad_norm\": 1.5071153685944905, \"skipped\": 0, \"elapsed_s\": 410.3}\n"}
,{"stream_name":"stdout","time":4652.967849937,"data":"  {\"round\": 8, \"clients_done\": 70, \"of\": 100, \"lr\": 0.0009509795896116975, \"ce_mean\": 0.18195366977660124, \"grad_norm\": 2.0222367720170453, \"skipped\": 1, \"elapsed_s\": 425.3}\n"}
,{"stream_name":"stdout","time":4673.683381951,"data":"  {\"round\": 8, \"clients_done\": 75, \"of\": 100, \"lr\": 0.0009509795896116975, \"ce_mean\": 0.12317511346019654, \"grad_norm\": 1.4947733448794314, \"skipped\": 0, \"elapsed_s\": 446.0}\n"}
,{"stream_name":"stdout","time":4686.43737407,"data":"  {\"round\": 8, \"clients_done\": 80, \"of\": 100, \"lr\": 0.0009509795896116975, \"ce_mean\": 0.1479366423417237, \"grad_norm\": 1.6026673477275457, \"skipped\": 1, \"elapsed_s\": 458.8}\n"}
,{"stream_name":"stdout","time":4704.150101644,"data":"  {\"round\": 8, \"clients_done\": 85, \"of\": 100, \"lr\": 0.0009509795896116975, \"ce_mean\": 0.1547224850664726, \"grad_norm\": 1.604911788000929, \"skipped\": 0, \"elapsed_s\": 476.5}\n"}
,{"stream_name":"stdout","time":4715.080467588,"data":"  {\"round\": 8, \"clients_done\": 90, \"of\": 100, \"lr\": 0.0009509795896116975, \"ce_mean\": 0.22108878670157966, \"grad_norm\": 2.3072271288824022, \"skipped\": 1, \"elapsed_s\": 487.5}\n"}
,{"stream_name":"stdout","time":4727.927532821,"data":"  {\"round\": 8, \"clients_done\": 95, \"of\": 100, \"lr\": 0.0009509795896116975, \"ce_mean\": 0.14598287747600885, \"grad_norm\": 1.7518408587598424, \"skipped\": 0, \"elapsed_s\": 500.3}\n"}
,{"stream_name":"stdout","time":4734.541776285,"data":"  {\"round\": 8, \"clients_done\": 100, \"of\": 100, \"lr\": 0.0009509795896116975, \"ce_mean\": 0.163716797601609, \"grad_norm\": 1.7396434965587797, \"skipped\": 1, \"elapsed_s\": 506.9}\n"}
,{"stream_name":"stdout","time":4749.030155501,"data":"  {\"round\": 8, \"completed\": true, \"accuracy\": 0.709881, \"precision_macro\": 0.697311, \"precision_micro\": 0.709881, \"precision_weighted\": 0.74415, \"recall_macro\": 0.707236, \"recall_micro\": 0.709881, \"recall_weighted\": 0.709881, \"f1_macro\": 0.690615, \"f1_micro\": 0.709881, \"f1_weighted\": 0.711911, \"train_s\": 506.9, \"aggregate_s\": 0.1, \"eval_s\": 14.3, \"round_s\": 521.4, \"commit_s\": 0.0, \"worst_round_s\": 664.4}\n"}
,{"stream_name":"stdout","time":4812.216720738,"data":"  {\"round\": 9, \"clients_done\": 5, \"of\": 100, \"lr\": 0.0009363027585410778, \"ce_mean\": 0.09472062754076581, \"grad_norm\": 1.567363650299782, \"skipped\": 2, \"elapsed_s\": 63.2}\n"}
,{"stream_name":"stdout","time":4856.099112458,"data":"  {\"round\": 9, \"clients_done\": 10, \"of\": 100, \"lr\": 0.0009363027585410778, \"ce_mean\": 0.09030565875307016, \"grad_norm\": 1.3790084332375525, \"skipped\": 1, \"elapsed_s\": 107.1}\n"}
,{"stream_name":"stdout","time":4895.179712371,"data":"  {\"round\": 9, \"clients_done\": 15, \"of\": 100, \"lr\": 0.0009363027585410778, \"ce_mean\": 0.0778819121273942, \"grad_norm\": 1.0564764935569595, \"skipped\": 1, \"elapsed_s\": 146.1}\n"}
,{"stream_name":"stdout","time":4928.626546712,"data":"  {\"round\": 9, \"clients_done\": 20, \"of\": 100, \"lr\": 0.0009363027585410778, \"ce_mean\": 0.06509126347603558, \"grad_norm\": 0.8200372380318401, \"skipped\": 0, \"elapsed_s\": 179.6}\n"}
,{"stream_name":"stdout","time":4962.849104289,"data":"  {\"round\": 9, \"clients_done\": 25, \"of\": 100, \"lr\": 0.0009363027585410778, \"ce_mean\": 0.13384661033971987, \"grad_norm\": 1.7069079271003382, \"skipped\": 1, \"elapsed_s\": 213.8}\n"}
,{"stream_name":"stdout","time":4990.728033589,"data":"  {\"round\": 9, \"clients_done\": 30, \"of\": 100, \"lr\": 0.0009363027585410778, \"ce_mean\": 0.14516898398457267, \"grad_norm\": 2.008025999493927, \"skipped\": 1, \"elapsed_s\": 241.7}\n"}
,{"stream_name":"stdout","time":5020.889813061,"data":"  {\"round\": 9, \"clients_done\": 35, \"of\": 100, \"lr\": 0.0009363027585410778, \"ce_mean\": 0.1595039047471758, \"grad_norm\": 2.1037638642364995, \"skipped\": 2, \"elapsed_s\": 271.8}\n"}
,{"stream_name":"stdout","time":5044.261434146,"data":"  {\"round\": 9, \"clients_done\": 40, \"of\": 100, \"lr\": 0.0009363027585410778, \"ce_mean\": 0.11463478960948956, \"grad_norm\": 1.600277360932918, \"skipped\": 2, \"elapsed_s\": 295.2}\n"}
,{"stream_name":"stdout","time":5071.927056204,"data":"  {\"round\": 9, \"clients_done\": 45, \"of\": 100, \"lr\": 0.0009363027585410778, \"ce_mean\": 0.13015407173933383, \"grad_norm\": 1.7185492783963323, \"skipped\": 1, \"elapsed_s\": 322.9}\n"}
,{"stream_name":"stdout","time":5091.828712225,"data":"  {\"round\": 9, \"clients_done\": 50, \"of\": 100, \"lr\": 0.0009363027585410778, \"ce_mean\": 0.09058921600626248, \"grad_norm\": 1.260647424527713, \"skipped\": 0, \"elapsed_s\": 342.8}\n"}
,{"stream_name":"stdout","time":5116.756339153,"data":"  {\"round\": 9, \"clients_done\": 55, \"of\": 100, \"lr\": 0.0009363027585410778, \"ce_mean\": 0.09880900873708082, \"grad_norm\": 1.5217583184550212, \"skipped\": 1, \"elapsed_s\": 367.7}\n"}
,{"stream_name":"stdout","time":5135.88653811,"data":"  {\"round\": 9, \"clients_done\": 60, \"of\": 100, \"lr\": 0.0009363027585410778, \"ce_mean\": 0.12145168836726698, \"grad_norm\": 1.4291504261105559, \"skipped\": 1, \"elapsed_s\": 386.9}\n"}
,{"stream_name":"stdout","time":5160.164874459,"data":"  {\"round\": 9, \"clients_done\": 65, \"of\": 100, \"lr\": 0.0009363027585410778, \"ce_mean\": 0.1383998563504332, \"grad_norm\": 1.4913916324175553, \"skipped\": 0, \"elapsed_s\": 411.1}\n"}
,{"stream_name":"stdout","time":5175.410399803,"data":"  {\"round\": 9, \"clients_done\": 70, \"of\": 100, \"lr\": 0.0009363027585410778, \"ce_mean\": 0.1723522848334194, \"grad_norm\": 1.9886527069344009, \"skipped\": 1, \"elapsed_s\": 426.4}\n"}
,{"stream_name":"stdout","time":5195.893216429,"data":"  {\"round\": 9, \"clients_done\": 75, \"of\": 100, \"lr\": 0.0009363027585410778, \"ce_mean\": 0.12217492851421988, \"grad_norm\": 1.6072524914638602, \"skipped\": 0, \"elapsed_s\": 446.8}\n"}
,{"stream_name":"stdout","time":5208.785331194,"data":"  {\"round\": 9, \"clients_done\": 80, \"of\": 100, \"lr\": 0.0009363027585410778, \"ce_mean\": 0.11411662451548926, \"grad_norm\": 1.485431214557191, \"skipped\": 0, \"elapsed_s\": 459.8}\n"}
,{"stream_name":"stdout","time":5226.341397215,"data":"  {\"round\": 9, \"clients_done\": 85, \"of\": 100, \"lr\": 0.0009363027585410778, \"ce_mean\": 0.14621760536404427, \"grad_norm\": 1.5874488652385217, \"skipped\": 0, \"elapsed_s\": 477.3}\n"}
,{"stream_name":"stdout","time":5237.11382774,"data":"  {\"round\": 9, \"clients_done\": 90, \"of\": 100, \"lr\": 0.0009363027585410778, \"ce_mean\": 0.1329777406438641, \"grad_norm\": 1.6537326772305654, \"skipped\": 1, \"elapsed_s\": 488.1}\n"}
,{"stream_name":"stdout","time":5250.335886195,"data":"  {\"round\": 9, \"clients_done\": 95, \"of\": 100, \"lr\": 0.0009363027585410778, \"ce_mean\": 0.13851785509368222, \"grad_norm\": 1.7219985336159307, \"skipped\": 1, \"elapsed_s\": 501.3}\n"}
,{"stream_name":"stdout","time":5256.942259358,"data":"  {\"round\": 9, \"clients_done\": 100, \"of\": 100, \"lr\": 0.0009363027585410778, \"ce_mean\": 0.16007657732282365, \"grad_norm\": 1.7382699148995535, \"skipped\": 1, \"elapsed_s\": 507.9}\n"}
,{"stream_name":"stdout","time":5271.503165058,"data":"  {\"round\": 9, \"completed\": true, \"accuracy\": 0.708575, \"precision_macro\": 0.699106, \"precision_micro\": 0.708575, \"precision_weighted\": 0.744105, \"recall_macro\": 0.709493, \"recall_micro\": 0.708575, \"recall_weighted\": 0.708575, \"f1_macro\": 0.690936, \"f1_micro\": 0.708575, \"f1_weighted\": 0.709011, \"train_s\": 507.9, \"aggregate_s\": 0.1, \"eval_s\": 14.4, \"round_s\": 522.4, \"commit_s\": 0.0, \"worst_round_s\": 664.4}\n"}
,{"stream_name":"stdout","time":5334.42926781,"data":"  {\"round\": 10, \"clients_done\": 5, \"of\": 100, \"lr\": 0.0009198536119214611, \"ce_mean\": 0.09017352614291879, \"grad_norm\": 1.5498644451762356, \"skipped\": 2, \"elapsed_s\": 62.9}\n"}
,{"stream_name":"stdout","time":5378.198542969,"data":"  {\"round\": 10, \"clients_done\": 10, \"of\": 100, \"lr\": 0.0009198536119214611, \"ce_mean\": 0.08582976864112875, \"grad_norm\": 1.3578281861050172, \"skipped\": 1, \"elapsed_s\": 106.7}\n"}
,{"stream_name":"stdout","time":5416.162941671,"data":"  {\"round\": 10, \"clients_done\": 15, \"of\": 100, \"lr\": 0.0009198536119214611, \"ce_mean\": 0.07519115045565082, \"grad_norm\": 1.0463298211554855, \"skipped\": 1, \"elapsed_s\": 144.6}\n"}
,{"stream_name":"stdout","time":5450.527269236,"data":"  {\"round\": 10, \"clients_done\": 20, \"of\": 100, \"lr\": 0.0009198536119214611, \"ce_mean\": 0.06202763648811783, \"grad_norm\": 0.8072807390948324, \"skipped\": 1, \"elapsed_s\": 179.0}\n"}
,{"stream_name":"stdout","time":5483.065009966,"data":"  {\"round\": 10, \"clients_done\": 25, \"of\": 100, \"lr\": 0.0009198536119214611, \"ce_mean\": 0.12690074408232277, \"grad_norm\": 1.7064064367493588, \"skipped\": 1, \"elapsed_s\": 211.5}\n"}
,{"stream_name":"stdout","time":5513.173221989,"data":"  {\"round\": 10, \"clients_done\": 30, \"of\": 100, \"lr\": 0.0009198536119214611, \"ce_mean\": 0.1376056285039616, \"grad_norm\": 1.976146250118611, \"skipped\": 1, \"elapsed_s\": 241.6}\n"}
,{"stream_name":"stdout","time":5545.41135607,"data":"  {\"round\": 10, \"clients_done\": 35, \"of\": 100, \"lr\": 0.0009198536119214611, \"ce_mean\": 0.1530500773817851, \"grad_norm\": 2.093301885142697, \"skipped\": 2, \"elapsed_s\": 273.9}\n"}
,{"stream_name":"stdout","time":5571.218013726,"data":"  {\"round\": 10, \"clients_done\": 40, \"of\": 100, \"lr\": 0.0009198536119214611, \"ce_mean\": 0.1096890625715955, \"grad_norm\": 1.5841423146535925, \"skipped\": 2, \"elapsed_s\": 299.7}\n"}
,{"stream_name":"stdout","time":5596.53831423,"data":"  {\"round\": 10, \"clients_done\": 45, \"of\": 100, \"lr\": 0.0009198536119214611, \"ce_mean\": 0.12424227777355445, \"grad_norm\": 1.71995345247006, \"skipped\": 1, \"elapsed_s\": 325.0}\n"}
,{"stream_name":"stdout","time":5619.319326793,"data":"  {\"round\": 10, \"clients_done\": 50, \"of\": 100, \"lr\": 0.0009198536119214611, \"ce_mean\": 0.08491028157335213, \"grad_norm\": 1.2389842318662558, \"skipped\": 1, \"elapsed_s\": 347.8}\n"}
,{"stream_name":"stdout","time":5640.859091221,"data":"  {\"round\": 10, \"clients_done\": 55, \"of\": 100, \"lr\": 0.0009198536119214611, \"ce_mean\": 0.09579310633919456, \"grad_norm\": 1.5037526217373935, \"skipped\": 2, \"elapsed_s\": 369.3}\n"}
,{"stream_name":"stdout","time":5662.085269476,"data":"  {\"round\": 10, \"clients_done\": 60, \"of\": 100, \"lr\": 0.0009198536119214611, \"ce_mean\": 0.11517236399096112, \"grad_norm\": 1.4198894944301872, \"skipped\": 1, \"elapsed_s\": 390.6}\n"}
,{"stream_name":"stdout","time":5681.275457138,"data":"  {\"round\": 10, \"clients_done\": 65, \"of\": 100, \"lr\": 0.0009198536119214611, \"ce_mean\": 0.13244982331166624, \"grad_norm\": 1.481963025722579, \"skipped\": 1, \"elapsed_s\": 409.8}\n"}
,{"stream_name":"stdout","time":5701.070757113,"data":"  {\"round\": 10, \"clients_done\": 70, \"of\": 100, \"lr\": 0.0009198536119214611, \"ce_mean\": 0.16733434473946507, \"grad_norm\": 1.9965904985549132, \"skipped\": 0, \"elapsed_s\": 429.6}\n"}
,{"stream_name":"stdout","time":5716.966102807,"data":"  {\"round\": 10, \"clients_done\": 75, \"of\": 100, \"lr\": 0.0009198536119214611, \"ce_mean\": 0.11570973018948123, \"grad_norm\": 1.5829637925401867, \"skipped\": 0, \"elapsed_s\": 445.4}\n"}
,{"stream_name":"stdout","time":5734.389654536,"data":"  {\"round\": 10, \"clients_done\": 80, \"of\": 100, \"lr\": 0.0009198536119214611, \"ce_mean\": 0.11080172623446549, \"grad_norm\": 1.4623060778761463, \"skipped\": 0, \"elapsed_s\": 462.9}\n"}
,{"stream_name":"stdout","time":5747.427506718,"data":"  {\"round\": 10, \"clients_done\": 85, \"of\": 100, \"lr\": 0.0009198536119214611, \"ce_mean\": 0.14174702314307988, \"grad_norm\": 1.5734404545680734, \"skipped\": 0, \"elapsed_s\": 475.9}\n"}
,{"stream_name":"stdout","time":5762.226509559,"data":"  {\"round\": 10, \"clients_done\": 90, \"of\": 100, \"lr\": 0.0009198536119214611, \"ce_mean\": 0.20443850413638012, \"grad_norm\": 2.2852644588484434, \"skipped\": 1, \"elapsed_s\": 490.7}\n"}
,{"stream_name":"stdout","time":5771.378481158,"data":"  {\"round\": 10, \"clients_done\": 95, \"of\": 100, \"lr\": 0.0009198536119214611, \"ce_mean\": 0.1300022907073429, \"grad_norm\": 1.4336456340805537, \"skipped\": 0, \"elapsed_s\": 499.9}\n"}
,{"stream_name":"stdout","time":5780.037242291,"data":"  {\"round\": 10, \"clients_done\": 100, \"of\": 100, \"lr\": 0.0009198536119214611, \"ce_mean\": 0.1549557917423099, \"grad_norm\": 1.7629413654536554, \"skipped\": 1, \"elapsed_s\": 508.5}\n"}
,{"stream_name":"stdout","time":5794.485585674,"data":"  {\"round\": 10, \"completed\": true, \"accuracy\": 0.705477, \"precision_macro\": 0.698918, \"precision_micro\": 0.705477, \"precision_weighted\": 0.744794, \"recall_macro\": 0.711071, \"recall_micro\": 0.705477, \"recall_weighted\": 0.705477, \"f1_macro\": 0.691256, \"f1_micro\": 0.705477, \"f1_weighted\": 0.706328, \"train_s\": 508.5, \"aggregate_s\": 0.2, \"eval_s\": 14.3, \"round_s\": 522.9, \"commit_s\": 0.0, \"worst_round_s\": 664.4}\n"}
,{"stream_name":"stdout","time":5858.855360127,"data":"  {\"round\": 11, \"clients_done\": 5, \"of\": 100, \"lr\": 0.0009016997428246386, \"ce_mean\": 0.08529100803329792, \"grad_norm\": 1.5099485353549114, \"skipped\": 1, \"elapsed_s\": 64.4}\n"}
,{"stream_name":"stdout","time":5902.094694414,"data":"  {\"round\": 11, \"clients_done\": 10, \"of\": 100, \"lr\": 0.0009016997428246386, \"ce_mean\": 0.08182325657884931, \"grad_norm\": 1.3674195313990367, \"skipped\": 1, \"elapsed_s\": 107.6}\n"}
,{"stream_name":"stdout","time":5942.035766901,"data":"  {\"round\": 11, \"clients_done\": 15, \"of\": 100, \"lr\": 0.0009016997428246386, \"ce_mean\": 0.07137863826330915, \"grad_norm\": 1.050831880045377, \"skipped\": 1, \"elapsed_s\": 147.5}\n"}
,{"stream_name":"stdout","time":5975.864300764,"data":"  {\"round\": 11, \"clients_done\": 20, \"of\": 100, \"lr\": 0.0009016997428246386, \"ce_mean\": 0.06003126795636176, \"grad_norm\": 0.7955916967147436, \"skipped\": 1, \"elapsed_s\": 181.4}\n"}
,{"stream_name":"stdout","time":6010.310205918,"data":"  {\"round\": 11, \"clients_done\": 25, \"of\": 100, \"lr\": 0.0009016997428246386, \"ce_mean\": 0.12162266916303492, \"grad_norm\": 1.7069800077979245, \"skipped\": 1, \"elapsed_s\": 215.8}\n"}
,{"stream_name":"stdout","time":6038.807241998,"data":"  {\"round\": 11, \"clients_done\": 30, \"of\": 100, \"lr\": 0.0009016997428246386, \"ce_mean\": 0.132292913920239, \"grad_norm\": 1.9957152517624557, \"skipped\": 0, \"elapsed_s\": 244.3}\n"}
,{"stream_name":"stdout","time":6068.865058552,"data":"  {\"round\": 11, \"clients_done\": 35, \"of\": 100, \"lr\": 0.0009016997428246386, \"ce_mean\": 0.14817576950064704, \"grad_norm\": 2.0759453584044487, \"skipped\": 2, \"elapsed_s\": 274.4}\n"}
,{"stream_name":"stdout","time":6092.540026598,"data":"  {\"round\": 11, \"clients_done\": 40, \"of\": 100, \"lr\": 0.0009016997428246386, \"ce_mean\": 0.1063568473211831, \"grad_norm\": 1.567717593016862, \"skipped\": 2, \"elapsed_s\": 298.1}\n"}
,{"stream_name":"stdout","time":6120.322833108,"data":"  {\"round\": 11, \"clients_done\": 45, \"of\": 100, \"lr\": 0.0009016997428246386, \"ce_mean\": 0.11927699414179524, \"grad_norm\": 1.7284846137282803, \"skipped\": 2, \"elapsed_s\": 325.8}\n"}
,{"stream_name":"stdout","time":6140.209806273,"data":"  {\"round\": 11, \"clients_done\": 50, \"of\": 100, \"lr\": 0.0009016997428246386, \"ce_mean\": 0.08154351261756486, \"grad_norm\": 1.2640753332413808, \"skipped\": 1, \"elapsed_s\": 345.7}\n"}
,{"stream_name":"stdout","time":6165.221718456,"data":"  {\"round\": 11, \"clients_done\": 55, \"of\": 100, \"lr\": 0.0009016997428246386, \"ce_mean\": 0.09127743723038835, \"grad_norm\": 1.4867635582083925, \"skipped\": 1, \"elapsed_s\": 370.7}\n"}
,{"stream_name":"stdout","time":6182.854231938,"data":"  {\"round\": 11, \"clients_done\": 60, \"of\": 100, \"lr\": 0.0009016997428246386, \"ce_mean\": 0.1108240194098894, \"grad_norm\": 1.4297672537870185, \"skipped\": 1, \"elapsed_s\": 388.4}\n"}
,{"stream_name":"stdout","time":6205.829450253,"data":"  {\"round\": 11, \"clients_done\": 65, \"of\": 100, \"lr\": 0.0009016997428246386, \"ce_mean\": 0.12779829304208867, \"grad_norm\": 1.48357445034585, \"skipped\": 1, \"elapsed_s\": 411.3}\n"}
,{"stream_name":"stdout","time":6221.471842176,"data":"  {\"round\": 11, \"clients_done\": 70, \"of\": 100, \"lr\": 0.0009016997428246386, \"ce_mean\": 0.15939041011589616, \"grad_norm\": 1.9997463762267562, \"skipped\": 1, \"elapsed_s\": 427.0}\n"}
,{"stream_name":"stdout","time":6242.213034034,"data":"  {\"round\": 11, \"clients_done\": 75, \"of\": 100, \"lr\": 0.0009016997428246386, \"ce_mean\": 0.11053505252869036, \"grad_norm\": 1.583262171431987, \"skipped\": 1, \"elapsed_s\": 447.7}\n"}
,{"stream_name":"stdout","time":6255.139965069,"data":"  {\"round\": 11, \"clients_done\": 80, \"of\": 100, \"lr\": 0.0009016997428246386, \"ce_mean\": 0.13246705390212632, \"grad_norm\": 1.5987762041146834, \"skipped\": 0, \"elapsed_s\": 460.7}\n"}
,{"stream_name":"stdout","time":6272.815513401,"data":"  {\"round\": 11, \"clients_done\": 85, \"of\": 100, \"lr\": 0.0009016997428246386, \"ce_mean\": 0.13646618626426485, \"grad_norm\": 1.5813449608545647, \"skipped\": 0, \"elapsed_s\": 478.3}\n"}
,{"stream_name":"stdout","time":6283.899159759,"data":"  {\"round\": 11, \"clients_done\": 90, \"of\": 100, \"lr\": 0.0009016997428246386, \"ce_mean\": 0.19737966535146712, \"grad_norm\": 2.2981088193490535, \"skipped\": 1, \"elapsed_s\": 489.4}\n"}
,{"stream_name":"stdout","time":6296.750040419,"data":"  {\"round\": 11, \"clients_done\": 95, \"of\": 100, \"lr\": 0.0009016997428246386, \"ce_mean\": 0.12670691783033958, \"grad_norm\": 1.7300371785802164, \"skipped\": 0, \"elapsed_s\": 502.3}\n"}
,{"stream_name":"stdout","time":6303.133536111,"data":"  {\"round\": 11, \"clients_done\": 100, \"of\": 100, \"lr\": 0.0009016997428246386, \"ce_mean\": 0.1498132524036226, \"grad_norm\": 1.7337844122023809, \"skipped\": 1, \"elapsed_s\": 508.6}\n"}
,{"stream_name":"stdout","time":6317.62820338,"data":"  {\"round\": 11, \"completed\": true, \"accuracy\": 0.702337, \"precision_macro\": 0.700389, \"precision_micro\": 0.702337, \"precision_weighted\": 0.744952, \"recall_macro\": 0.710547, \"recall_micro\": 0.702337, \"recall_weighted\": 0.702337, \"f1_macro\": 0.689425, \"f1_micro\": 0.702337, \"f1_weighted\": 0.702196, \"train_s\": 508.6, \"aggregate_s\": 0.1, \"eval_s\": 14.4, \"round_s\": 523.1, \"commit_s\": 0.0, \"worst_round_s\": 664.4}\n"}
,{"stream_name":"stdout","time":6380.930600521,"data":"  {\"round\": 12, \"clients_done\": 5, \"of\": 100, \"lr\": 0.0008819157493927215, \"ce_mean\": 0.08200187683105468, \"grad_norm\": 1.502780648164971, \"skipped\": 2, \"elapsed_s\": 63.3}\n"}
,{"stream_name":"stdout","time":6424.700885857,"data":"  {\"round\": 12, \"clients_done\": 10, \"of\": 100, \"lr\": 0.0008819157493927215, \"ce_mean\": 0.0790610315234822, \"grad_norm\": 1.3530910569081458, \"skipped\": 1, \"elapsed_s\": 107.0}\n"}
,{"stream_name":"stdout","time":6463.739693442,"data":"  {\"round\": 12, \"clients_done\": 15, \"of\": 100, \"lr\": 0.0008819157493927215, \"ce_mean\": 0.06914813937238434, \"grad_norm\": 1.0476237697035384, \"skipped\": 0, \"elapsed_s\": 146.1}\n"}
,{"stream_name":"stdout","time":6498.282754862,"data":"  {\"round\": 12, \"clients_done\": 20, \"of\": 100, \"lr\": 0.0008819157493927215, \"ce_mean\": 0.05836815456692263, \"grad_norm\": 0.7875988088923392, \"skipped\": 0, \"elapsed_s\": 180.6}\n"}
,{"stream_name":"stdout","time":6530.814355046,"data":"  {\"round\": 12, \"clients_done\": 25, \"of\": 100, \"lr\": 0.0008819157493927215, \"ce_mean\": 0.11601992507479084, \"grad_norm\": 1.6982011937383394, \"skipped\": 1, \"elapsed_s\": 213.2}\n"}
,{"stream_name":"stdout","time":6561.888234946,"data":"  {\"round\": 12, \"clients_done\": 30, \"of\": 100, \"lr\": 0.0008819157493927215, \"ce_mean\": 0.12766954676825026, \"grad_norm\": 1.9556378198538715, \"skipped\": 1, \"elapsed_s\": 244.2}\n"}
,{"stream_name":"stdout","time":6589.320298482,"data":"  {\"round\": 12, \"clients_done\": 35, \"of\": 100, \"lr\": 0.0008819157493927215, \"ce_mean\": 0.14438349505543507, \"grad_norm\": 2.0988400656215025, \"skipped\": 2, \"elapsed_s\": 271.7}\n"}
,{"stream_name":"stdout","time":6615.470043502,"data":"  {\"round\": 12, \"clients_done\": 40, \"of\": 100, \"lr\": 0.0008819157493927215, \"ce_mean\": 0.10166710101264663, \"grad_norm\": 1.5555661198680353, \"skipped\": 2, \"elapsed_s\": 297.8}\n"}
,{"stream_name":"stdout","time":6640.717344437,"data":"  {\"round\": 12, \"clients_done\": 45, \"of\": 100, \"lr\": 0.0008819157493927215, \"ce_mean\": 0.11502418038086523, \"grad_norm\": 1.6836041358504343, \"skipped\": 2, \"elapsed_s\": 323.1}\n"}
,{"stream_name":"stdout","time":6663.580692043,"data":"  {\"round\": 12, \"clients_done\": 50, \"of\": 100, \"lr\": 0.0008819157493927215, \"ce_mean\": 0.07849184587379587, \"grad_norm\": 1.253699656967793, \"skipped\": 0, \"elapsed_s\": 345.9}\n"}
,{"stream_name":"stdout","time":6685.180940222,"data":"  {\"round\": 12, \"clients_done\": 55, \"of\": 100, \"lr\": 0.0008819157493927215, \"ce_mean\": 0.08796852171378748, \"grad_norm\": 1.4772169493545955, \"skipped\": 1, \"elapsed_s\": 367.6}\n"}
,{"stream_name":"stdout","time":6706.54481713,"data":"  {\"round\": 12, \"clients_done\": 60, \"of\": 100, \"lr\": 0.0008819157493927215, \"ce_mean\": 0.10566002823585688, \"grad_norm\": 1.4136486497036247, \"skipped\": 1, \"elapsed_s\": 388.9}\n"}
,{"stream_name":"stdout","time":6726.008818649,"data":"  {\"round\": 12, \"clients_done\": 65, \"of\": 100, \"lr\": 0.0008819157493927215, \"ce_mean\": 0.1241836788906682, \"grad_norm\": 1.4748437769981735, \"skipped\": 0, \"elapsed_s\": 408.4}\n"}
,{"stream_name":"stdout","time":6745.337481678,"data":"  {\"round\": 12, \"clients_done\": 70, \"of\": 100, \"lr\": 0.0008819157493927215, \"ce_mean\": 0.15329814311886622, \"grad_norm\": 1.9814642787964876, \"skipped\": 1, \"elapsed_s\": 427.7}\n"}
,{"stream_name":"stdout","time":6761.634459093,"data":"  {\"round\": 12, \"clients_done\": 75, \"of\": 100, \"lr\": 0.0008819157493927215, \"ce_mean\": 0.10691916588509437, \"grad_norm\": 1.560126605922311, \"skipped\": 1, \"elapsed_s\": 444.0}\n"}
,{"stream_name":"stdout","time":6778.802145069,"data":"  {\"round\": 12, \"clients_done\": 80, \"of\": 100, \"lr\": 0.0008819157493927215, \"ce_mean\": 0.10230104159204195, \"grad_norm\": 1.4654993477014961, \"skipped\": 0, \"elapsed_s\": 461.2}\n"}
,{"stream_name":"stdout","time":6792.601417286,"data":"  {\"round\": 12, \"clients_done\": 85, \"of\": 100, \"lr\": 0.0008819157493927215, \"ce_mean\": 0.13164339652739765, \"grad_norm\": 1.557430583200637, \"skipped\": 0, \"elapsed_s\": 475.0}\n"}
,{"stream_name":"stdout","time":6806.524916474,"data":"  {\"round\": 12, \"clients_done\": 90, \"of\": 100, \"lr\": 0.0008819157493927215, \"ce_mean\": 0.191406492203001, \"grad_norm\": 2.2728983933817917, \"skipped\": 1, \"elapsed_s\": 488.9}\n"}
,{"stream_name":"stdout","time":6816.404013661,"data":"  {\"round\": 12, \"clients_done\": 95, \"of\": 100, \"lr\": 0.0008819157493927215, \"ce_mean\": 0.09797457768366886, \"grad_norm\": 1.479344012920673, \"skipped\": 1, \"elapsed_s\": 498.7}\n"}
,{"stream_name":"stdout","time":6825.02857026,"data":"  {\"round\": 12, \"clients_done\": 100, \"of\": 100, \"lr\": 0.0008819157493927215, \"ce_mean\": 0.14881923864777966, \"grad_norm\": 1.7701027175465078, \"skipped\": 1, \"elapsed_s\": 507.4}\n"}
,{"stream_name":"stdout","time":6839.48002634,"data":"  {\"round\": 12, \"completed\": true, \"accuracy\": 0.701003, \"precision_macro\": 0.696868, \"precision_micro\": 0.701003, \"precision_weighted\": 0.744029, \"recall_macro\": 0.716009, \"recall_micro\": 0.701003, \"recall_weighted\": 0.701003, \"f1_macro\": 0.691602, \"f1_micro\": 0.701003, \"f1_weighted\": 0.6999, \"train_s\": 507.4, \"aggregate_s\": 0.1, \"eval_s\": 14.3, \"round_s\": 521.8, \"commit_s\": 0.0, \"worst_round_s\": 664.4}\n"}
,{"stream_name":"stdout","time":6902.879694482,"data":"  {\"round\": 13, \"clients_done\": 5, \"of\": 100, \"lr\": 0.0008605829282983752, \"ce_mean\": 0.07984266059343205, \"grad_norm\": 1.498299674100654, \"skipped\": 2, \"elapsed_s\": 63.4}\n"}
,{"stream_name":"stdout","time":6945.568032628,"data":"  {\"round\": 13, \"clients_done\": 10, \"of\": 100, \"lr\": 0.0008605829282983752, \"ce_mean\": 0.07568412373084149, \"grad_norm\": 1.3456831837428436, \"skipped\": 2, \"elapsed_s\": 106.1}\n"}
,{"stream_name":"stdout","time":6985.622779841,"data":"  {\"round\": 13, \"clients_done\": 15, \"of\": 100, \"lr\": 0.0008605829282983752, \"ce_mean\": 0.06609347848781275, \"grad_norm\": 1.0334617593323807, \"skipped\": 1, \"elapsed_s\": 146.1}\n"}
,{"stream_name":"stdout","time":7018.755658321,"data":"  {\"round\": 13, \"clients_done\": 20, \"of\": 100, \"lr\": 0.0008605829282983752, \"ce_mean\": 0.05604677406146372, \"grad_norm\": 0.7877445358166592, \"skipped\": 0, \"elapsed_s\": 179.3}\n"}
,{"stream_name":"stdout","time":7054.039454581,"data":"  {\"round\": 13, \"clients_done\": 25, \"of\": 100, \"lr\": 0.0008605829282983752, \"ce_mean\": 0.1126887335706113, \"grad_norm\": 1.7166406432194496, \"skipped\": 1, \"elapsed_s\": 214.5}\n"}
,{"stream_name":"stdout","time":7082.58264043,"data":"  {\"round\": 13, \"clients_done\": 30, \"of\": 100, \"lr\": 0.0008605829282983752, \"ce_mean\": 0.12393908944689794, \"grad_norm\": 1.978721340658211, \"skipped\": 1, \"elapsed_s\": 243.1}\n"}
,{"stream_name":"stdout","time":7113.389486848,"data":"  {\"round\": 13, \"clients_done\": 35, \"of\": 100, \"lr\": 0.0008605829282983752, \"ce_mean\": 0.13928577015369248, \"grad_norm\": 2.089413532412913, \"skipped\": 2, \"elapsed_s\": 273.9}\n"}
,{"stream_name":"stdout","time":7136.608127481,"data":"  {\"round\": 13, \"clients_done\": 40, \"of\": 100, \"lr\": 0.0008605829282983752, \"ce_mean\": 0.09782464259530792, \"grad_norm\": 1.5666117290597508, \"skipped\": 2, \"elapsed_s\": 297.1}\n"}
,{"stream_name":"stdout","time":7165.328154434,"data":"  {\"round\": 13, \"clients_done\": 45, \"of\": 100, \"lr\": 0.0008605829282983752, \"ce_mean\": 0.11063533942856475, \"grad_norm\": 1.7017832499064371, \"skipped\": 1, \"elapsed_s\": 325.8}\n"}
,{"stream_name":"stdout","time":7184.949004162,"data":"  {\"round\": 13, \"clients_done\": 50, \"of\": 100, \"lr\": 0.0008605829282983752, \"ce_mean\": 0.07580674599394817, \"grad_norm\": 1.2496794638398803, \"skipped\": 0, \"elapsed_s\": 345.5}\n"}
,{"stream_name":"stdout","time":7210.066450669,"data":"  {\"round\": 13, \"clients_done\": 55, \"of\": 100, \"lr\": 0.0008605829282983752, \"ce_mean\": 0.08383101821368767, \"grad_norm\": 1.4743803090622782, \"skipped\": 1, \"elapsed_s\": 370.6}\n"}
,{"stream_name":"stdout","time":7227.558671159,"data":"  {\"round\": 13, \"clients_done\": 60, \"of\": 100, \"lr\": 0.0008605829282983752, \"ce_mean\": 0.10248134302538495, \"grad_norm\": 1.4268828103708666, \"skipped\": 1, \"elapsed_s\": 388.1}\n"}
,{"stream_name":"stdout","time":7251.344310452,"data":"  {\"round\": 13, \"clients_done\": 65, \"of\": 100, \"lr\": 0.0008605829282983752, \"ce_mean\": 0.11985418431190141, \"grad_norm\": 1.4499134708543149, \"skipped\": 0, \"elapsed_s\": 411.8}\n"}
,{"stream_name":"stdout","time":7266.539110053,"data":"  {\"round\": 13, \"clients_done\": 70, \"of\": 100, \"lr\": 0.0008605829282983752, \"ce_mean\": 0.14879951161786545, \"grad_norm\": 1.9636523033961777, \"skipped\": 1, \"elapsed_s\": 427.1}\n"}
,{"stream_name":"stdout","time":7287.134939637,"data":"  {\"round\": 13, \"clients_done\": 75, \"of\": 100, \"lr\": 0.0008605829282983752, \"ce_mean\": 0.09965704992619527, \"grad_norm\": 1.4578800043202764, \"skipped\": 1, \"elapsed_s\": 447.6}\n"}
,{"stream_name":"stdout","time":7300.009191611,"data":"  {\"round\": 13, \"clients_done\": 80, \"of\": 100, \"lr\": 0.0008605829282983752, \"ce_mean\": 0.09816489348540434, \"grad_norm\": 1.4450675345755912, \"skipped\": 0, \"elapsed_s\": 460.5}\n"}
,{"stream_name":"stdout","time":7317.73679748,"data":"  {\"round\": 13, \"clients_done\": 85, \"of\": 100, \"lr\": 0.0008605829282983752, \"ce_mean\": 0.12670998866897226, \"grad_norm\": 1.5663960126807988, \"skipped\": 0, \"elapsed_s\": 478.2}\n"}
,{"stream_name":"stdout","time":7328.251711857,"data":"  {\"round\": 13, \"clients_done\": 90, \"of\": 100, \"lr\": 0.0008605829282983752, \"ce_mean\": 0.11379437845362651, \"grad_norm\": 1.6324074681150618, \"skipped\": 1, \"elapsed_s\": 488.8}\n"}
,{"stream_name":"stdout","time":7341.261832242,"data":"  {\"round\": 13, \"clients_done\": 95, \"of\": 100, \"lr\": 0.0008605829282983752, \"ce_mean\": 0.11828554315897945, \"grad_norm\": 1.7041883980062105, \"skipped\": 1, \"elapsed_s\": 501.8}\n"}
,{"stream_name":"stdout","time":7347.551062171,"data":"  {\"round\": 13, \"clients_done\": 100, \"of\": 100, \"lr\": 0.0008605829282983752, \"ce_mean\": 0.139867183140346, \"grad_norm\": 1.6774688720703126, \"skipped\": 1, \"elapsed_s\": 508.1}\n"}
,{"stream_name":"stdout","time":7362.190398212,"data":"  {\"round\": 13, \"completed\": true, \"accuracy\": 0.697387, \"precision_macro\": 0.696788, \"precision_micro\": 0.697387, \"precision_weighted\": 0.744209, \"recall_macro\": 0.716612, \"recall_micro\": 0.697387, \"recall_weighted\": 0.697387, \"f1_macro\": 0.689805, \"f1_micro\": 0.697387, \"f1_weighted\": 0.694911, \"train_s\": 508.1, \"aggregate_s\": 0.1, \"eval_s\": 14.5, \"round_s\": 522.7, \"commit_s\": 0.0, \"worst_round_s\": 664.4}\n"}
,{"stream_name":"stdout","time":7425.624020103,"data":"  {\"round\": 14, \"clients_done\": 5, \"of\": 100, \"lr\": 0.0008377889406793518, \"ce_mean\": 0.07716209943904433, \"grad_norm\": 1.4868890806686046, \"skipped\": 2, \"elapsed_s\": 63.4}\n"}
,{"stream_name":"stdout","time":7468.642126836,"data":"  {\"round\": 14, \"clients_done\": 10, \"of\": 100, \"lr\": 0.0008377889406793518, \"ce_mean\": 0.07339754071866952, \"grad_norm\": 1.3553692680513163, \"skipped\": 1, \"elapsed_s\": 106.4}\n"}
,{"stream_name":"stdout","time":7508.107312743,"data":"  {\"round\": 14, \"clients_done\": 15, \"of\": 100, \"lr\": 0.0008377889406793518, \"ce_mean\": 0.06431168893996941, \"grad_norm\": 1.0264053803775572, \"skipped\": 1, \"elapsed_s\": 145.9}\n"}
,{"stream_name":"stdout","time":7541.322667579,"data":"  {\"round\": 14, \"clients_done\": 20, \"of\": 100, \"lr\": 0.0008377889406793518, \"ce_mean\": 0.055066547805456806, \"grad_norm\": 0.7845609376756407, \"skipped\": 0, \"elapsed_s\": 179.1}\n"}
,{"stream_name":"stdout","time":7575.958673127,"data":"  {\"round\": 14, \"clients_done\": 25, \"of\": 100, \"lr\": 0.0008377889406793518, \"ce_mean\": 0.10982751134616225, \"grad_norm\": 1.7128414324860075, \"skipped\": 1, \"elapsed_s\": 213.8}\n"}
,{"stream_name":"stdout","time":7603.726273265,"data":"  {\"round\": 14, \"clients_done\": 30, \"of\": 100, \"lr\": 0.0008377889406793518, \"ce_mean\": 0.11914297250600961, \"grad_norm\": 1.951139504127657, \"skipped\": 1, \"elapsed_s\": 241.6}\n"}
,{"stream_name":"stdout","time":7633.736901212,"data":"  {\"round\": 14, \"clients_done\": 35, \"of\": 100, \"lr\": 0.0008377889406793518, \"ce_mean\": 0.13882879204902157, \"grad_norm\": 2.084624441495873, \"skipped\": 2, \"elapsed_s\": 271.5}\n"}
,{"stream_name":"stdout","time":7657.087547923,"data":"  {\"round\": 14, \"clients_done\": 40, \"of\": 100, \"lr\": 0.0008377889406793518, \"ce_mean\": 0.09490718002543072, \"grad_norm\": 1.5675562167796921, \"skipped\": 2, \"elapsed_s\": 294.9}\n"}
,{"stream_name":"stdout","time":7685.124706027,"data":"  {\"round\": 14, \"clients_done\": 45, \"of\": 100, \"lr\": 0.0008377889406793518, \"ce_mean\": 0.106219411110578, \"grad_norm\": 1.7054353397431097, \"skipped\": 2, \"elapsed_s\": 322.9}\n"}
,{"stream_name":"stdout","time":7704.998933563,"data":"  {\"round\": 14, \"clients_done\": 50, \"of\": 100, \"lr\": 0.0008377889406793518, \"ce_mean\": 0.07241169590448412, \"grad_norm\": 1.2504643060554677, \"skipped\": 0, \"elapsed_s\": 342.8}\n"}
,{"stream_name":"stdout","time":7729.595086677,"data":"  {\"round\": 14, \"clients_done\": 55, \"of\": 100, \"lr\": 0.0008377889406793518, \"ce_mean\": 0.08019290163298716, \"grad_norm\": 1.46867029475692, \"skipped\": 1, \"elapsed_s\": 367.4}\n"}
,{"stream_name":"stdout","time":7747.089115478,"data":"  {\"round\": 14, \"clients_done\": 60, \"of\": 100, \"lr\": 0.0008377889406793518, \"ce_mean\": 0.09931162361139478, \"grad_norm\": 1.4104151950855575, \"skipped\": 0, \"elapsed_s\": 384.9}\n"}
,{"stream_name":"stdout","time":7769.985932557,"data":"  {\"round\": 14, \"clients_done\": 65, \"of\": 100, \"lr\": 0.0008377889406793518, \"ce_mean\": 0.11640477840137105, \"grad_norm\": 1.446321582417243, \"skipped\": 1, \"elapsed_s\": 407.8}\n"}
,{"stream_name":"stdout","time":7785.484989564,"data":"  {\"round\": 14, \"clients_done\": 70, \"of\": 100, \"lr\": 0.0008377889406793518, \"ce_mean\": 0.14296567302104857, \"grad_norm\": 1.9606318197959711, \"skipped\": 1, \"elapsed_s\": 423.3}\n"}
,{"stream_name":"stdout","time":7806.332068559,"data":"  {\"round\": 14, \"clients_done\": 75, \"of\": 100, \"lr\": 0.0008377889406793518, \"ce_mean\": 0.09860603414851127, \"grad_norm\": 1.5325126373510567, \"skipped\": 0, \"elapsed_s\": 444.1}\n"}
,{"stream_name":"stdout","time":7818.837331717,"data":"  {\"round\": 14, \"clients_done\": 80, \"of\": 100, \"lr\": 0.0008377889406793518, \"ce_mean\": 0.0952773075766545, \"grad_norm\": 1.4359305245535714, \"skipped\": 0, \"elapsed_s\": 456.7}\n"}
,{"stream_name":"stdout","time":7836.509243297,"data":"  {\"round\": 14, \"clients_done\": 85, \"of\": 100, \"lr\": 0.0008377889406793518, \"ce_mean\": 0.08480662789574281, \"grad_norm\": 1.6799093154662432, \"skipped\": 1, \"elapsed_s\": 474.3}\n"}
,{"stream_name":"stdout","time":7847.779882844,"data":"  {\"round\": 14, \"clients_done\": 90, \"of\": 100, \"lr\": 0.0008377889406793518, \"ce_mean\": 0.11050757418251711, \"grad_norm\": 1.6264205591136631, \"skipped\": 1, \"elapsed_s\": 485.6}\n"}
,{"stream_name":"stdout","time":7861.03705811,"data":"  {\"round\": 14, \"clients_done\": 95, \"of\": 100, \"lr\": 0.0008377889406793518, \"ce_mean\": 0.09253431868077057, \"grad_norm\": 1.5128407280565956, \"skipped\": 0, \"elapsed_s\": 498.9}\n"}
,{"stream_name":"stdout","time":7867.529592151,"data":"  {\"round\": 14, \"clients_done\": 100, \"of\": 100, \"lr\": 0.0008377889406793518, \"ce_mean\": 0.13536513335380462, \"grad_norm\": 1.6569095875596658, \"skipped\": 2, \"elapsed_s\": 505.3}\n"}
,{"stream_name":"stdout","time":7882.06349769,"data":"  {\"round\": 14, \"completed\": true, \"accuracy\": 0.70147, \"precision_macro\": 0.696307, \"precision_micro\": 0.70147, \"precision_weighted\": 0.744529, \"recall_macro\": 0.717772, \"recall_micro\": 0.70147, \"recall_weighted\": 0.70147, \"f1_macro\": 0.690994, \"f1_micro\": 0.70147, \"f1_weighted\": 0.699601, \"train_s\": 505.3, \"aggregate_s\": 0.1, \"eval_s\": 14.4, \"round_s\": 519.9, \"commit_s\": 0.0, \"worst_round_s\": 664.4}\n"}
,{"stream_name":"stdout","time":7946.917827453,"data":"  {\"round\": 15, \"clients_done\": 5, \"of\": 100, \"lr\": 0.0008136274519200731, \"ce_mean\": 0.07386511503628124, \"grad_norm\": 1.4555764812191223, \"skipped\": 1, \"elapsed_s\": 64.8}\n"}
,{"stream_name":"stdout","time":7992.349458256,"data":"  {\"round\": 15, \"clients_done\": 10, \"of\": 100, \"lr\": 0.0008136274519200731, \"ce_mean\": 0.07204436382597887, \"grad_norm\": 1.3645587733391358, \"skipped\": 1, \"elapsed_s\": 110.3}\n"}
,{"stream_name":"stdout","time":8031.959324432,"data":"  {\"round\": 15, \"clients_done\": 15, \"of\": 100, \"lr\": 0.0008136274519200731, \"ce_mean\": 0.06285131326699132, \"grad_norm\": 1.0311261179740774, \"skipped\": 1, \"elapsed_s\": 149.9}\n"}
,{"stream_name":"stdout","time":8066.909378814,"data":"  {\"round\": 15, \"clients_done\": 20, \"of\": 100, \"lr\": 0.0008136274519200731, \"ce_mean\": 0.05308976276315373, \"grad_norm\": 0.7804421623833746, \"skipped\": 0, \"elapsed_s\": 184.8}\n"}
,{"stream_name":"stdout","time":8100.569918553,"data":"  {\"round\": 15, \"clients_done\": 25, \"of\": 100, \"lr\": 0.0008136274519200731, \"ce_mean\": 0.10539827333451207, \"grad_norm\": 1.703033290619167, \"skipped\": 2, \"elapsed_s\": 218.5}\n"}
,{"stream_name":"stdout","time":8132.681439936,"data":"  {\"round\": 15, \"clients_done\": 30, \"of\": 100, \"lr\": 0.0008136274519200731, \"ce_mean\": 0.11480848026661737, \"grad_norm\": 1.9423215302378543, \"skipped\": 1, \"elapsed_s\": 250.6}\n"}
,{"stream_name":"stdout","time":8163.403657838,"data":"  {\"round\": 15, \"clients_done\": 35, \"of\": 100, \"lr\": 0.0008136274519200731, \"ce_mean\": 0.13137725966775005, \"grad_norm\": 2.04924258993561, \"skipped\": 3, \"elapsed_s\": 281.3}\n"}
,{"stream_name":"stdout","time":8190.72663476,"data":"  {\"round\": 15, \"clients_done\": 40, \"of\": 100, \"lr\": 0.0008136274519200731, \"ce_mean\": 0.09142132085089809, \"grad_norm\": 1.5698096132697947, \"skipped\": 2, \"elapsed_s\": 308.7}\n"}
,{"stream_name":"stdout","time":8218.750087628,"data":"  {\"round\": 15, \"clients_done\": 45, \"of\": 100, \"lr\": 0.0008136274519200731, \"ce_mean\": 0.10345152711496873, \"grad_norm\": 1.6830394966578042, \"skipped\": 2, \"elapsed_s\": 336.7}\n"}
,{"stream_name":"stdout","time":8243.56588923,"data":"  {\"round\": 15, \"clients_done\": 50, \"of\": 100, \"lr\": 0.0008136274519200731, \"ce_mean\": 0.06912405671832088, \"grad_norm\": 1.2393222610737766, \"skipped\": 0, \"elapsed_s\": 361.5}\n"}
,{"stream_name":"stdout","time":8267.446932545,"data":"  {\"round\": 15, \"clients_done\": 55, \"of\": 100, \"lr\": 0.0008136274519200731, \"ce_mean\": 0.07820123438297052, \"grad_norm\": 1.46500887847099, \"skipped\": 1, \"elapsed_s\": 385.4}\n"}
,{"stream_name":"stdout","time":8290.095448755,"data":"  {\"round\": 15, \"clients_done\": 60, \"of\": 100, \"lr\": 0.0008136274519200731, \"ce_mean\": 0.09524622566040306, \"grad_norm\": 1.4185751123366013, \"skipped\": 0, \"elapsed_s\": 408.0}\n"}
,{"stream_name":"stdout","time":8311.357338664,"data":"  {\"round\": 15, \"clients_done\": 65, \"of\": 100, \"lr\": 0.0008136274519200731, \"ce_mean\": 0.1126682326727705, \"grad_norm\": 1.4448499837882904, \"skipped\": 1, \"elapsed_s\": 429.3}\n"}
,{"stream_name":"stdout","time":8332.626263509,"data":"  {\"round\": 15, \"clients_done\": 70, \"of\": 100, \"lr\": 0.0008136274519200731, \"ce_mean\": 0.1389127467859866, \"grad_norm\": 1.9447315301256203, \"skipped\": 2, \"elapsed_s\": 450.6}\n"}
,{"stream_name":"stdout","time":8351.175400916,"data":"  {\"round\": 15, \"clients_done\": 75, \"of\": 100, \"lr\": 0.0008136274519200731, \"ce_mean\": 0.09599198540337651, \"grad_norm\": 1.5454234390807666, \"skipped\": 0, \"elapsed_s\": 469.1}\n"}
,{"stream_name":"stdout","time":8368.842101814,"data":"  {\"round\": 15, \"clients_done\": 80, \"of\": 100, \"lr\": 0.0008136274519200731, \"ce_mean\": 0.09249249756566345, \"grad_norm\": 1.4092962198736125, \"skipped\": 0, \"elapsed_s\": 486.8}\n"}
,{"stream_name":"stdout","time":8384.375454876,"data":"  {\"round\": 15, \"clients_done\": 85, \"of\": 100, \"lr\": 0.0008136274519200731, \"ce_mean\": 0.11930648528047373, \"grad_norm\": 1.5697304282761027, \"skipped\": 1, \"elapsed_s\": 502.3}\n"}
,{"stream_name":"stdout","time":8399.418237267,"data":"  {\"round\": 15, \"clients_done\": 90, \"of\": 100, \"lr\": 0.0008136274519200731, \"ce_mean\": 0.17696463523184713, \"grad_norm\": 2.296759338751526, \"skipped\": 1, \"elapsed_s\": 517.4}\n"}
,{"stream_name":"stdout","time":8410.500787028,"data":"  {\"round\": 15, \"clients_done\": 95, \"of\": 100, \"lr\": 0.0008136274519200731, \"ce_mean\": 0.09060352618877704, \"grad_norm\": 1.4912197641225962, \"skipped\": 1, \"elapsed_s\": 528.4}\n"}
,{"stream_name":"stdout","time":8419.950898895,"data":"  {\"round\": 15, \"clients_done\": 100, \"of\": 100, \"lr\": 0.0008136274519200731, \"ce_mean\": 0.14044473058890297, \"grad_norm\": 1.7557583953697644, \"skipped\": 2, \"elapsed_s\": 537.9}\n"}
,{"stream_name":"stdout","time":8434.279680381,"data":"  {\"round\": 15, \"completed\": true, \"accuracy\": 0.699733, \"precision_macro\": 0.693112, \"precision_micro\": 0.699733, \"precision_weighted\": 0.742866, \"recall_macro\": 0.717168, \"recall_micro\": 0.699733, \"recall_weighted\": 0.699733, \"f1_macro\": 0.688113, \"f1_micro\": 0.699733, \"f1_weighted\": 0.696896, \"train_s\": 537.9, \"aggregate_s\": 0.1, \"eval_s\": 14.2, \"round_s\": 552.2, \"commit_s\": 0.0, \"worst_round_s\": 664.4}\n"}
,{"stream_name":"stdout","time":8503.127547847,"data":"  {\"round\": 16, \"clients_done\": 5, \"of\": 100, \"lr\": 0.000788197746760474, \"ce_mean\": 0.07177909584932549, \"grad_norm\": 1.4522891022438227, \"skipped\": 2, \"elapsed_s\": 68.8}\n"}
,{"stream_name":"stdout","time":8551.88932257,"data":"  {\"round\": 16, \"clients_done\": 10, \"of\": 100, \"lr\": 0.000788197746760474, \"ce_mean\": 0.06897586502191674, \"grad_norm\": 1.3751357682788645, \"skipped\": 2, \"elapsed_s\": 117.6}\n"}
,{"stream_name":"stdout","time":8593.937283918,"data":"  {\"round\": 16, \"clients_done\": 15, \"of\": 100, \"lr\": 0.000788197746760474, \"ce_mean\": 0.06084709305195171, \"grad_norm\": 1.024139269642499, \"skipped\": 1, \"elapsed_s\": 159.6}\n"}
,{"stream_name":"stdout","time":8631.555347471,"data":"  {\"round\": 16, \"clients_done\": 20, \"of\": 100, \"lr\": 0.000788197746760474, \"ce_mean\": 0.05211366901406285, \"grad_norm\": 0.776277570428475, \"skipped\": 1, \"elapsed_s\": 197.3}\n"}
,{"stream_name":"stdout","time":8665.995273756,"data":"  {\"round\": 16, \"clients_done\": 25, \"of\": 100, \"lr\": 0.000788197746760474, \"ce_mean\": 0.1013898756033452, \"grad_norm\": 1.6903433325799113, \"skipped\": 2, \"elapsed_s\": 231.7}\n"}
,{"stream_name":"stdout","time":8697.380992729,"data":"  {\"round\": 16, \"clients_done\": 30, \"of\": 100, \"lr\": 0.000788197746760474, \"ce_mean\": 0.11111926646367741, \"grad_norm\": 1.9401182105184085, \"skipped\": 1, \"elapsed_s\": 263.1}\n"}
,{"stream_name":"stdout","time":8726.13640844,"data":"  {\"round\": 16, \"clients_done\": 35, \"of\": 100, \"lr\": 0.000788197746760474, \"ce_mean\": 0.12828309881533734, \"grad_norm\": 2.059249801080722, \"skipped\": 2, \"elapsed_s\": 291.9}\n"}
,{"stream_name":"stdout","time":8752.496123258,"data":"  {\"round\": 16, \"clients_done\": 40, \"of\": 100, \"lr\": 0.000788197746760474, \"ce_mean\": 0.08875316273082387, \"grad_norm\": 1.5531917269978006, \"skipped\": 2, \"elapsed_s\": 318.2}\n"}
,{"stream_name":"stdout","time":8778.826083112,"data":"  {\"round\": 16, \"clients_done\": 45, \"of\": 100, \"lr\": 0.000788197746760474, \"ce_mean\": 0.09975002281961504, \"grad_norm\": 1.6835943351183342, \"skipped\": 2, \"elapsed_s\": 344.5}\n"}
,{"stream_name":"stdout","time":8802.165423155,"data":"  {\"round\": 16, \"clients_done\": 50, \"of\": 100, \"lr\": 0.000788197746760474, \"ce_mean\": 0.06752617095662815, \"grad_norm\": 1.2269532550349533, \"skipped\": 0, \"elapsed_s\": 367.9}\n"}
,{"stream_name":"stdout","time":8825.102328479,"data":"  {\"round\": 16, \"clients_done\": 55, \"of\": 100, \"lr\": 0.000788197746760474, \"ce_mean\": 0.0755156007680026, \"grad_norm\": 1.457005587491122, \"skipped\": 2, \"elapsed_s\": 390.8}\n"}
,{"stream_name":"stdout","time":8846.443764178,"data":"  {\"round\": 16, \"clients_done\": 60, \"of\": 100, \"lr\": 0.000788197746760474, \"ce_mean\": 0.09344423648922942, \"grad_norm\": 1.4119048894837845, \"skipped\": 1, \"elapsed_s\": 412.1}\n"}
,{"stream_name":"stdout","time":8866.679424003,"data":"  {\"round\": 16, \"clients_done\": 65, \"of\": 100, \"lr\": 0.000788197746760474, \"ce_mean\": 0.10972816985553663, \"grad_norm\": 1.4379818209727981, \"skipped\": 0, \"elapsed_s\": 432.4}\n"}
,{"stream_name":"stdout","time":8885.920328383,"data":"  {\"round\": 16, \"clients_done\": 70, \"of\": 100, \"lr\": 0.000788197746760474, \"ce_mean\": 0.13555708791324184, \"grad_norm\": 1.9395110806322373, \"skipped\": 2, \"elapsed_s\": 451.6}\n"}
,{"stream_name":"stdout","time":8903.349164294,"data":"  {\"round\": 16, \"clients_done\": 75, \"of\": 100, \"lr\": 0.000788197746760474, \"ce_mean\": 0.09294824746146489, \"grad_norm\": 1.5443343772853848, \"skipped\": 1, \"elapsed_s\": 469.1}\n"}
,{"stream_name":"stdout","time":8920.166447314,"data":"  {\"round\": 16, \"clients_done\": 80, \"of\": 100, \"lr\": 0.000788197746760474, \"ce_mean\": 0.08974641630548308, \"grad_norm\": 1.3919075630806588, \"skipped\": 0, \"elapsed_s\": 485.9}\n"}
,{"stream_name":"stdout","time":8934.822817968,"data":"  {\"round\": 16, \"clients_done\": 85, \"of\": 100, \"lr\": 0.000788197746760474, \"ce_mean\": 0.11566124043393793, \"grad_norm\": 1.5564984688080548, \"skipped\": 0, \"elapsed_s\": 500.5}\n"}
,{"stream_name":"stdout","time":8949.546038822,"data":"  {\"round\": 16, \"clients_done\": 90, \"of\": 100, \"lr\": 0.000788197746760474, \"ce_mean\": 0.1719361096802503, \"grad_norm\": 2.3132058913308913, \"skipped\": 1, \"elapsed_s\": 515.3}\n"}
,{"stream_name":"stdout","time":8960.14597922,"data":"  {\"round\": 16, \"clients_done\": 95, \"of\": 100, \"lr\": 0.000788197746760474, \"ce_mean\": 0.08765541076660156, \"grad_norm\": 1.5238008939302885, \"skipped\": 1, \"elapsed_s\": 525.8}\n"}
,{"stream_name":"stdout","time":8969.169044067,"data":"  {\"round\": 16, \"clients_done\": 100, \"of\": 100, \"lr\": 0.000788197746760474, \"ce_mean\": 0.1346591530045914, \"grad_norm\": 1.7875492435475295, \"skipped\": 2, \"elapsed_s\": 534.9}\n"}
,{"stream_name":"stdout","time":8983.614954715,"data":"  {\"round\": 16, \"completed\": true, \"accuracy\": 0.692708, \"precision_macro\": 0.693414, \"precision_micro\": 0.692708, \"precision_weighted\": 0.742327, \"recall_macro\": 0.717079, \"recall_micro\": 0.692708, \"recall_weighted\": 0.692708, \"f1_macro\": 0.68637, \"f1_micro\": 0.692708, \"f1_weighted\": 0.688187, \"train_s\": 534.9, \"aggregate_s\": 0.1, \"eval_s\": 14.3, \"round_s\": 549.3, \"commit_s\": 0.0, \"worst_round_s\": 664.4}\n"}
,{"stream_name":"stdout","time":9048.225130568,"data":"  {\"round\": 17, \"clients_done\": 5, \"of\": 100, \"lr\": 0.00076160432131371, \"ce_mean\": 0.06914260331974473, \"grad_norm\": 1.4395529103833575, \"skipped\": 2, \"elapsed_s\": 64.6}\n"}
,{"stream_name":"stdout","time":9092.562202406,"data":"  {\"round\": 17, \"clients_done\": 10, \"of\": 100, \"lr\": 0.00076160432131371, \"ce_mean\": 0.06654833546579908, \"grad_norm\": 1.3436412964100057, \"skipped\": 1, \"elapsed_s\": 108.9}\n"}
,{"stream_name":"stdout","time":9132.290269792,"data":"  {\"round\": 17, \"clients_done\": 15, \"of\": 100, \"lr\": 0.00076160432131371, \"ce_mean\": 0.05758346882011821, \"grad_norm\": 1.031123082129964, \"skipped\": 1, \"elapsed_s\": 148.6}\n"}
,{"stream_name":"stdout","time":9167.161141888,"data":"  {\"round\": 17, \"clients_done\": 20, \"of\": 100, \"lr\": 0.00076160432131371, \"ce_mean\": 0.05020615221196019, \"grad_norm\": 0.7775175478133435, \"skipped\": 1, \"elapsed_s\": 183.5}\n"}
,{"stream_name":"stdout","time":9201.898521645,"data":"  {\"round\": 17, \"clients_done\": 25, \"of\": 100, \"lr\": 0.00076160432131371, \"ce_mean\": 0.09849190901107895, \"grad_norm\": 1.7222667414620276, \"skipped\": 2, \"elapsed_s\": 218.3}\n"}
,{"stream_name":"stdout","time":9231.28241602,"data":"  {\"round\": 17, \"clients_done\": 30, \"of\": 100, \"lr\": 0.00076160432131371, \"ce_mean\": 0.10927251501928402, \"grad_norm\": 1.9310187153876581, \"skipped\": 2, \"elapsed_s\": 247.7}\n"}
,{"stream_name":"stdout","time":9262.066107607,"data":"  {\"round\": 17, \"clients_done\": 35, \"of\": 100, \"lr\": 0.00076160432131371, \"ce_mean\": 0.12435406736641805, \"grad_norm\": 2.0181685982967266, \"skipped\": 2, \"elapsed_s\": 278.4}\n"}
,{"stream_name":"stdout","time":9285.887280709,"data":"  {\"round\": 17, \"clients_done\": 40, \"of\": 100, \"lr\": 0.00076160432131371, \"ce_mean\": 0.08681807084517046, \"grad_norm\": 1.552196549670088, \"skipped\": 2, \"elapsed_s\": 302.3}\n"}
,{"stream_name":"stdout","time":9314.303876489,"data":"  {\"round\": 17, \"clients_done\": 45, \"of\": 100, \"lr\": 0.00076160432131371, \"ce_mean\": 0.09646869748562949, \"grad_norm\": 1.6537939657916416, \"skipped\": 2, \"elapsed_s\": 330.7}\n"}
,{"stream_name":"stdout","time":9335.170940418,"data":"  {\"round\": 17, \"clients_done\": 50, \"of\": 100, \"lr\": 0.00076160432131371, \"ce_mean\": 0.06464687708055926, \"grad_norm\": 1.2310291193772886, \"skipped\": 0, \"elapsed_s\": 351.6}\n"}
,{"stream_name":"stdout","time":9359.776491212,"data":"  {\"round\": 17, \"clients_done\": 55, \"of\": 100, \"lr\": 0.00076160432131371, \"ce_mean\": 0.07314170041432864, \"grad_norm\": 1.4577702562211674, \"skipped\": 1, \"elapsed_s\": 376.1}\n"}
,{"stream_name":"stdout","time":9378.405658785,"data":"  {\"round\": 17, \"clients_done\": 60, \"of\": 100, \"lr\": 0.00076160432131371, \"ce_mean\": 0.09167016938675282, \"grad_norm\": 1.4282577869503996, \"skipped\": 1, \"elapsed_s\": 394.8}\n"}
,{"stream_name":"stdout","time":9401.516748698,"data":"  {\"round\": 17, \"clients_done\": 65, \"of\": 100, \"lr\": 0.00076160432131371, \"ce_mean\": 0.10772130161665062, \"grad_norm\": 1.4407115291456851, \"skipped\": 0, \"elapsed_s\": 417.9}\n"}
,{"stream_name":"stdout","time":9417.709005757,"data":"  {\"round\": 17, \"clients_done\": 70, \"of\": 100, \"lr\": 0.00076160432131371, \"ce_mean\": 0.12976876914353289, \"grad_norm\": 1.9288732940446651, \"skipped\": 2, \"elapsed_s\": 434.1}\n"}
,{"stream_name":"stdout","time":9438.097792521,"data":"  {\"round\": 17, \"clients_done\": 75, \"of\": 100, \"lr\": 0.00076160432131371, \"ce_mean\": 0.09081109679571472, \"grad_norm\": 1.5285704962097773, \"skipped\": 1, \"elapsed_s\": 454.5}\n"}
,{"stream_name":"stdout","time":9451.433657816,"data":"  {\"round\": 17, \"clients_done\": 80, \"of\": 100, \"lr\": 0.00076160432131371, \"ce_mean\": 0.08667120449784874, \"grad_norm\": 1.365623466749698, \"skipped\": 1, \"elapsed_s\": 467.8}\n"}
,{"stream_name":"stdout","time":9469.20781695,"data":"  {\"round\": 17, \"clients_done\": 85, \"of\": 100, \"lr\": 0.00076160432131371, \"ce_mean\": 0.11159529959320262, \"grad_norm\": 1.5444621027401804, \"skipped\": 0, \"elapsed_s\": 485.6}\n"}
,{"stream_name":"stdout","time":9480.178138097,"data":"  {\"round\": 17, \"clients_done\": 90, \"of\": 100, \"lr\": 0.00076160432131371, \"ce_mean\": 0.10235749369375276, \"grad_norm\": 1.6113669459474382, \"skipped\": 1, \"elapsed_s\": 496.6}\n"}
,{"stream_name":"stdout","time":9493.377467386,"data":"  {\"round\": 17, \"clients_done\": 95, \"of\": 100, \"lr\": 0.00076160432131371, \"ce_mean\": 0.0841763657789964, \"grad_norm\": 1.4865114182692307, \"skipped\": 1, \"elapsed_s\": 509.8}\n"}
,{"stream_name":"stdout","time":9499.636578197,"data":"  {\"round\": 17, \"clients_done\": 100, \"of\": 100, \"lr\": 0.00076160432131371, \"ce_mean\": 0.1275378908429827, \"grad_norm\": 1.6592740013485863, \"skipped\": 1, \"elapsed_s\": 516.0}\n"}
,{"stream_name":"stdout","time":9514.093162268,"data":"  {\"round\": 17, \"completed\": true, \"accuracy\": 0.688596, \"precision_macro\": 0.690286, \"precision_micro\": 0.688596, \"precision_weighted\": 0.739714, \"recall_macro\": 0.716014, \"recall_micro\": 0.688596, \"recall_weighted\": 0.688596, \"f1_macro\": 0.683303, \"f1_micro\": 0.688596, \"f1_weighted\": 0.681852, \"train_s\": 516.0, \"aggregate_s\": 0.1, \"eval_s\": 14.3, \"round_s\": 530.4, \"commit_s\": 0.0, \"worst_round_s\": 664.4}\n"}
,{"stream_name":"stdout","time":9578.30435586,"data":"  {\"round\": 18, \"clients_done\": 5, \"of\": 100, \"lr\": 0.0007339564536692134, \"ce_mean\": 0.06722964813666994, \"grad_norm\": 1.4501879336493753, \"skipped\": 1, \"elapsed_s\": 64.2}\n"}
,{"stream_name":"stdout","time":9622.863147787,"data":"  {\"round\": 18, \"clients_done\": 10, \"of\": 100, \"lr\": 0.0007339564536692134, \"ce_mean\": 0.06421404929162891, \"grad_norm\": 1.3563570082983594, \"skipped\": 1, \"elapsed_s\": 108.7}\n"}
,{"stream_name":"stdout","time":9661.427721366,"data":"  {\"round\": 18, \"clients_done\": 15, \"of\": 100, \"lr\": 0.0007339564536692134, \"ce_mean\": 0.05514872184107689, \"grad_norm\": 1.0395631204873645, \"skipped\": 1, \"elapsed_s\": 147.3}\n"}
,{"stream_name":"stdout","time":9697.353025356,"data":"  {\"round\": 18, \"clients_done\": 20, \"of\": 100, \"lr\": 0.0007339564536692134, \"ce_mean\": 0.04892642206425289, \"grad_norm\": 0.7770539976710038, \"skipped\": 0, \"elapsed_s\": 183.2}\n"}
,{"stream_name":"stdout","time":9729.561951513,"data":"  {\"round\": 18, \"clients_done\": 25, \"of\": 100, \"lr\": 0.0007339564536692134, \"ce_mean\": 0.09541532985528829, \"grad_norm\": 1.7116653648871325, \"skipped\": 2, \"elapsed_s\": 215.4}\n"}
,{"stream_name":"stdout","time":9760.526047698,"data":"  {\"round\": 18, \"clients_done\": 30, \"of\": 100, \"lr\": 0.0007339564536692134, \"ce_mean\": 0.10428350657103998, \"grad_norm\": 1.9216168978918902, \"skipped\": 1, \"elapsed_s\": 246.4}\n"}
,{"stream_name":"stdout","time":9787.809209295,"data":"  {\"round\": 18, \"clients_done\": 35, \"of\": 100, \"lr\": 0.0007339564536692134, \"ce_mean\": 0.12224925958583258, \"grad_norm\": 2.0883119622621713, \"skipped\": 2, \"elapsed_s\": 273.7}\n"}
,{"stream_name":"stdout","time":9813.961549661,"data":"  {\"round\": 18, \"clients_done\": 40, \"of\": 100, \"lr\": 0.0007339564536692134, \"ce_mean\": 0.08363613453079179, \"grad_norm\": 1.558226894703079, \"skipped\": 2, \"elapsed_s\": 299.8}\n"}
,{"stream_name":"stdout","time":9839.012060584,"data":"  {\"round\": 18, \"clients_done\": 45, \"of\": 100, \"lr\": 0.0007339564536692134, \"ce_mean\": 0.09340062035708602, \"grad_norm\": 1.6702531982568154, \"skipped\": 2, \"elapsed_s\": 324.9}\n"}
,{"stream_name":"stdout","time":9862.353114435,"data":"  {\"round\": 18, \"clients_done\": 50, \"of\": 100, \"lr\": 0.0007339564536692134, \"ce_mean\": 0.06284634198132234, \"grad_norm\": 1.2527599601567705, \"skipped\": 1, \"elapsed_s\": 348.2}\n"}
,{"stream_name":"stdout","time":9884.180282574,"data":"  {\"round\": 18, \"clients_done\": 55, \"of\": 100, \"lr\": 0.0007339564536692134, \"ce_mean\": 0.07168677178296176, \"grad_norm\": 1.4610004425048828, \"skipped\": 2, \"elapsed_s\": 370.1}\n"}
,{"stream_name":"stdout","time":9906.126289503,"data":"  {\"round\": 18, \"clients_done\": 60, \"of\": 100, \"lr\": 0.0007339564536692134, \"ce_mean\": 0.08837814663731774, \"grad_norm\": 1.4135122077409612, \"skipped\": 1, \"elapsed_s\": 392.0}\n"}
,{"stream_name":"stdout","time":9925.086640307,"data":"  {\"round\": 18, \"clients_done\": 65, \"of\": 100, \"lr\": 0.0007339564536692134, \"ce_mean\": 0.1045767737414223, \"grad_norm\": 1.4268227045381616, \"skipped\": 0, \"elapsed_s\": 411.0}\n"}
,{"stream_name":"stdout","time":9944.990069416,"data":"  {\"round\": 18, \"clients_done\": 70, \"of\": 100, \"lr\": 0.0007339564536692134, \"ce_mean\": 0.12657179410443806, \"grad_norm\": 1.9482839882521712, \"skipped\": 2, \"elapsed_s\": 430.9}\n"}
,{"stream_name":"stdout","time":9961.360191051,"data":"  {\"round\": 18, \"clients_done\": 75, \"of\": 100, \"lr\": 0.0007339564536692134, \"ce_mean\": 0.08784694997820094, \"grad_norm\": 1.524596014288929, \"skipped\": 1, \"elapsed_s\": 447.3}\n"}
,{"stream_name":"stdout","time":9979.27679685,"data":"  {\"round\": 18, \"clients_done\": 80, \"of\": 100, \"lr\": 0.0007339564536692134, \"ce_mean\": 0.0848076788123679, \"grad_norm\": 1.3831837824577295, \"skipped\": 1, \"elapsed_s\": 465.2}\n"}
,{"stream_name":"stdout","time":9992.565670402,"data":"  {\"round\": 18, \"clients_done\": 85, \"of\": 100, \"lr\": 0.0007339564536692134, \"ce_mean\": 0.10876758032796742, \"grad_norm\": 1.5449099530586519, \"skipped\": 0, \"elapsed_s\": 478.5}\n"}
,{"stream_name":"stdout","time":10007.797139302,"data":"  {\"round\": 18, \"clients_done\": 90, \"of\": 100, \"lr\": 0.0007339564536692134, \"ce_mean\": 0.1637780046288347, \"grad_norm\": 2.2738226400335777, \"skipped\": 1, \"elapsed_s\": 493.7}\n"}
,{"stream_name":"stdout","time":10017.358738188,"data":"  {\"round\": 18, \"clients_done\": 95, \"of\": 100, \"lr\": 0.0007339564536692134, \"ce_mean\": 0.09693746028936877, \"grad_norm\": 1.381939117977347, \"skipped\": 0, \"elapsed_s\": 503.2}\n"}
,{"stream_name":"stdout","time":10026.339576921,"data":"  {\"round\": 18, \"clients_done\": 100, \"of\": 100, \"lr\": 0.0007339564536692134, \"ce_mean\": 0.12808252504358741, \"grad_norm\": 1.8214726473024379, \"skipped\": 2, \"elapsed_s\": 512.2}\n"}
,{"stream_name":"stdout","time":10040.789685723,"data":"  {\"round\": 18, \"completed\": true, \"accuracy\": 0.692281, \"precision_macro\": 0.691433, \"precision_micro\": 0.692281, \"precision_weighted\": 0.741212, \"recall_macro\": 0.715955, \"recall_micro\": 0.692281, \"recall_weighted\": 0.692281, \"f1_macro\": 0.683559, \"f1_micro\": 0.692281, \"f1_weighted\": 0.6871, \"train_s\": 512.2, \"aggregate_s\": 0.1, \"eval_s\": 14.3, \"round_s\": 526.7, \"commit_s\": 0.0, \"worst_round_s\": 664.4}\n"}
,{"stream_name":"stdout","time":10105.668610664,"data":"  {\"round\": 19, \"clients_done\": 5, \"of\": 100, \"lr\": 0.000705367754845585, \"ce_mean\": 0.06494687546131223, \"grad_norm\": 1.4565582985101744, \"skipped\": 2, \"elapsed_s\": 64.8}\n"}
,{"stream_name":"stdout","time":10149.888703706,"data":"  {\"round\": 19, \"clients_done\": 10, \"of\": 100, \"lr\": 0.000705367754845585, \"ce_mean\": 0.062003702209542516, \"grad_norm\": 1.3516297527780428, \"skipped\": 1, \"elapsed_s\": 109.1}\n"}
,{"stream_name":"stdout","time":10190.545775364,"data":"  {\"round\": 19, \"clients_done\": 15, \"of\": 100, \"lr\": 0.000705367754845585, \"ce_mean\": 0.05370679993826464, \"grad_norm\": 1.0241323165801746, \"skipped\": 1, \"elapsed_s\": 149.7}\n"}
,{"stream_name":"stdout","time":10225.034015287,"data":"  {\"round\": 19, \"clients_done\": 20, \"of\": 100, \"lr\": 0.000705367754845585, \"ce_mean\": 0.04720088217755873, \"grad_norm\": 0.7748786871381801, \"skipped\": 0, \"elapsed_s\": 184.2}\n"}
,{"stream_name":"stdout","time":10259.981030738,"data":"  {\"round\": 19, \"clients_done\": 25, \"of\": 100, \"lr\": 0.000705367754845585, \"ce_mean\": 0.09158984226966972, \"grad_norm\": 1.700923065641033, \"skipped\": 1, \"elapsed_s\": 219.2}\n"}
,{"stream_name":"stdout","time":10289.541089775,"data":"  {\"round\": 19, \"clients_done\": 30, \"of\": 100, \"lr\": 0.000705367754845585, \"ce_mean\": 0.10115882583811313, \"grad_norm\": 1.9113195955300633, \"skipped\": 2, \"elapsed_s\": 248.7}\n"}
,{"stream_name":"stdout","time":10319.488068869,"data":"  {\"round\": 19, \"clients_done\": 35, \"of\": 100, \"lr\": 0.000705367754845585, \"ce_mean\": 0.11896919002725188, \"grad_norm\": 2.069616849585316, \"skipped\": 3, \"elapsed_s\": 278.7}\n"}
,{"stream_name":"stdout","time":10343.48504448,"data":"  {\"round\": 19, \"clients_done\": 40, \"of\": 100, \"lr\": 0.000705367754845585, \"ce_mean\": 0.08143567395699688, \"grad_norm\": 1.5374700730846773, \"skipped\": 2, \"elapsed_s\": 302.7}\n"}
,{"stream_name":"stdout","time":10371.561339494,"data":"  {\"round\": 19, \"clients_done\": 45, \"of\": 100, \"lr\": 0.000705367754845585, \"ce_mean\": 0.0904186379059551, \"grad_norm\": 1.6455217090604404, \"skipped\": 2, \"elapsed_s\": 330.7}\n"}
,{"stream_name":"stdout","time":10392.237257108,"data":"  {\"round\": 19, \"clients_done\": 50, \"of\": 100, \"lr\": 0.000705367754845585, \"ce_mean\": 0.059807941218349495, \"grad_norm\": 1.2326083126144307, \"skipped\": 0, \"elapsed_s\": 351.4}\n"}
,{"stream_name":"stdout","time":10416.724378317,"data":"  {\"round\": 19, \"clients_done\": 55, \"of\": 100, \"lr\": 0.000705367754845585, \"ce_mean\": 0.06970939852974632, \"grad_norm\": 1.4568328857421875, \"skipped\": 2, \"elapsed_s\": 375.9}\n"}
,{"stream_name":"stdout","time":10435.900706715,"data":"  {\"round\": 19, \"clients_done\": 60, \"of\": 100, \"lr\": 0.000705367754845585, \"ce_mean\": 0.08505360470261684, \"grad_norm\": 1.4178834072379178, \"skipped\": 1, \"elapsed_s\": 395.1}\n"}
,{"stream_name":"stdout","time":10458.108552828,"data":"  {\"round\": 19, \"clients_done\": 65, \"of\": 100, \"lr\": 0.000705367754845585, \"ce_mean\": 0.10127278790466406, \"grad_norm\": 1.4470991041234695, \"skipped\": 0, \"elapsed_s\": 417.3}\n"}
,{"stream_name":"stdout","time":10474.718127294,"data":"  {\"round\": 19, \"clients_done\": 70, \"of\": 100, \"lr\": 0.000705367754845585, \"ce_mean\": 0.1227605267989734, \"grad_norm\": 1.97435111053719, \"skipped\": 1, \"elapsed_s\": 433.9}\n"}
,{"stream_name":"stdout","time":10494.996903507,"data":"  {\"round\": 19, \"clients_done\": 75, \"of\": 100, \"lr\": 0.000705367754845585, \"ce_mean\": 0.08432799277545737, \"grad_norm\": 1.511929628660353, \"skipped\": 0, \"elapsed_s\": 454.2}\n"}
,{"stream_name":"stdout","time":10508.616651492,"data":"  {\"round\": 19, \"clients_done\": 80, \"of\": 100, \"lr\": 0.000705367754845585, \"ce_mean\": 0.08187338419006643, \"grad_norm\": 1.382048469580314, \"skipped\": 1, \"elapsed_s\": 467.8}\n"}
,{"stream_name":"stdout","time":10525.83097321,"data":"  {\"round\": 19, \"clients_done\": 85, \"of\": 100, \"lr\": 0.000705367754845585, \"ce_mean\": 0.10607765027491116, \"grad_norm\": 1.5470310580084352, \"skipped\": 1, \"elapsed_s\": 485.0}\n"}
,{"stream_name":"stdout","time":10536.519563331,"data":"  {\"round\": 19, \"clients_done\": 90, \"of\": 100, \"lr\": 0.000705367754845585, \"ce_mean\": 0.16061240944710803, \"grad_norm\": 2.3118942745740374, \"skipped\": 2, \"elapsed_s\": 495.7}\n"}
,{"stream_name":"stdout","time":10549.759205943,"data":"  {\"round\": 19, \"clients_done\": 95, \"of\": 100, \"lr\": 0.000705367754845585, \"ce_mean\": 0.10087706990046456, \"grad_norm\": 1.684015990055698, \"skipped\": 1, \"elapsed_s\": 509.0}\n"}
,{"stream_name":"stdout","time":10556.142820405,"data":"  {\"round\": 19, \"clients_done\": 100, \"of\": 100, \"lr\": 0.000705367754845585, \"ce_mean\": 0.12037022000267392, \"grad_norm\": 1.6720118931361607, \"skipped\": 1, \"elapsed_s\": 515.3}\n"}
,{"stream_name":"stdout","time":10570.747554652,"data":"  {\"round\": 19, \"completed\": true, \"accuracy\": 0.687706, \"precision_macro\": 0.683325, \"precision_micro\": 0.687706, \"precision_weighted\": 0.73728, \"recall_macro\": 0.719189, \"recall_micro\": 0.687706, \"recall_weighted\": 0.687706, \"f1_macro\": 0.681129, \"f1_micro\": 0.687706, \"f1_weighted\": 0.679372, \"train_s\": 515.3, \"aggregate_s\": 0.1, \"eval_s\": 14.5, \"round_s\": 529.9, \"commit_s\": 0.0, \"worst_round_s\": 664.4}\n"}
,{"stream_name":"stdout","time":10634.969428847,"data":"  {\"round\": 20, \"clients_done\": 5, \"of\": 100, \"lr\": 0.0006759557019385474, \"ce_mean\": 0.06298860949139262, \"grad_norm\": 1.4514287904251453, \"skipped\": 2, \"elapsed_s\": 64.2}\n"}
,{"stream_name":"stdout","time":10678.897551156,"data":"  {\"round\": 20, \"clients_done\": 10, \"of\": 100, \"lr\": 0.0006759557019385474, \"ce_mean\": 0.06110013423075203, \"grad_norm\": 1.358111712040792, \"skipped\": 2, \"elapsed_s\": 108.1}\n"}
,{"stream_name":"stdout","time":10719.030591548,"data":"  {\"round\": 20, \"clients_done\": 15, \"of\": 100, \"lr\": 0.0006759557019385474, \"ce_mean\": 0.05253896701780611, \"grad_norm\": 1.0235949721720818, \"skipped\": 1, \"elapsed_s\": 148.3}\n"}
,{"stream_name":"stdout","time":10752.680420934,"data":"  {\"round\": 20, \"clients_done\": 20, \"of\": 100, \"lr\": 0.0006759557019385474, \"ce_mean\": 0.04651962252829572, \"grad_norm\": 0.7693541821815985, \"skipped\": 0, \"elapsed_s\": 181.9}\n"}
,{"stream_name":"stdout","time":10788.334666817,"data":"  {\"round\": 20, \"clients_done\": 25, \"of\": 100, \"lr\": 0.0006759557019385474, \"ce_mean\": 0.09001334827189907, \"grad_norm\": 1.7083550549755016, \"skipped\": 2, \"elapsed_s\": 217.6}\n"}
,{"stream_name":"stdout","time":10817.158659304,"data":"  {\"round\": 20, \"clients_done\": 30, \"of\": 100, \"lr\": 0.0006759557019385474, \"ce_mean\": 0.09801004386623861, \"grad_norm\": 1.8925552677046433, \"skipped\": 1, \"elapsed_s\": 246.4}\n"}
,{"stream_name":"stdout","time":10848.050256338,"data":"  {\"round\": 20, \"clients_done\": 35, \"of\": 100, \"lr\": 0.0006759557019385474, \"ce_mean\": 0.1153645616896609, \"grad_norm\": 2.076083295422732, \"skipped\": 3, \"elapsed_s\": 277.3}\n"}
,{"stream_name":"stdout","time":10871.386536394,"data":"  {\"round\": 20, \"clients_done\": 40, \"of\": 100, \"lr\": 0.0006759557019385474, \"ce_mean\": 0.07823377145000916, \"grad_norm\": 1.5646432826246335, \"skipped\": 2, \"elapsed_s\": 300.6}\n"}
,{"stream_name":"stdout","time":10900.020526653,"data":"  {\"round\": 20, \"clients_done\": 45, \"of\": 100, \"lr\": 0.0006759557019385474, \"ce_mean\": 0.08782052050956786, \"grad_norm\": 1.6262774596034302, \"skipped\": 2, \"elapsed_s\": 329.2}\n"}
,{"stream_name":"stdout","time":10919.341407611,"data":"  {\"round\": 20, \"clients_done\": 50, \"of\": 100, \"lr\": 0.0006759557019385474, \"ce_mean\": 0.05840850606580549, \"grad_norm\": 1.235551166153462, \"skipped\": 0, \"elapsed_s\": 348.6}\n"}
,{"stream_name":"stdout","time":10944.810697728,"data":"  {\"round\": 20, \"clients_done\": 55, \"of\": 100, \"lr\": 0.0006759557019385474, \"ce_mean\": 0.06596792827952992, \"grad_norm\": 1.4869355288418857, \"skipped\": 2, \"elapsed_s\": 374.0}\n"}
,{"stream_name":"stdout","time":10962.044007896,"data":"  {\"round\": 20, \"clients_done\": 60, \"of\": 100, \"lr\": 0.0006759557019385474, \"ce_mean\": 0.08367321537990197, \"grad_norm\": 1.418146137578295, \"skipped\": 0, \"elapsed_s\": 391.3}\n"}
,{"stream_name":"stdout","time":10986.018963761,"data":"  {\"round\": 20, \"clients_done\": 65, \"of\": 100, \"lr\": 0.0006759557019385474, \"ce_mean\": 0.09895007468966156, \"grad_norm\": 1.4339827345293972, \"skipped\": 1, \"elapsed_s\": 415.2}\n"}
,{"stream_name":"stdout","time":11001.298079036,"data":"  {\"round\": 20, \"clients_done\": 70, \"of\": 100, \"lr\": 0.0006759557019385474, \"ce_mean\": 0.119614013469939, \"grad_norm\": 1.9524757757573408, \"skipped\": 2, \"elapsed_s\": 430.5}\n"}
,{"stream_name":"stdout","time":11021.772117265,"data":"  {\"round\": 20, \"clients_done\": 75, \"of\": 100, \"lr\": 0.0006759557019385474, \"ce_mean\": 0.08177791427214011, \"grad_norm\": 1.5192448077815595, \"skipped\": 1, \"elapsed_s\": 451.0}\n"}
,{"stream_name":"stdout","time":11034.571345036,"data":"  {\"round\": 20, \"clients_done\": 80, \"of\": 100, \"lr\": 0.0006759557019385474, \"ce_mean\": 0.07927574857997434, \"grad_norm\": 1.3808250537817028, \"skipped\": 1, \"elapsed_s\": 463.8}\n"}
,{"stream_name":"stdout","time":11052.341701005,"data":"  {\"round\": 20, \"clients_done\": 85, \"of\": 100, \"lr\": 0.0006759557019385474, \"ce_mean\": 0.10411082317421211, \"grad_norm\": 1.5664685175345376, \"skipped\": 1, \"elapsed_s\": 481.6}\n"}
,{"stream_name":"stdout","time":11063.145414838,"data":"  {\"round\": 20, \"clients_done\": 90, \"of\": 100, \"lr\": 0.0006759557019385474, \"ce_mean\": 0.0949447919737618, \"grad_norm\": 1.6043977557488207, \"skipped\": 2, \"elapsed_s\": 492.4}\n"}
,{"stream_name":"stdout","time":11076.289085941,"data":"  {\"round\": 20, \"clients_done\": 95, \"of\": 100, \"lr\": 0.0006759557019385474, \"ce_mean\": 0.09880401057775841, \"grad_norm\": 1.6891298504657926, \"skipped\": 1, \"elapsed_s\": 505.5}\n"}
,{"stream_name":"stdout","time":11082.570712208,"data":"  {\"round\": 20, \"clients_done\": 100, \"of\": 100, \"lr\": 0.0006759557019385474, \"ce_mean\": 0.11915087018694197, \"grad_norm\": 1.6953466506231398, \"skipped\": 1, \"elapsed_s\": 511.8}\n"}
,{"stream_name":"stdout","time":11097.006093626,"data":"  {\"round\": 20, \"completed\": true, \"accuracy\": 0.68598, \"precision_macro\": 0.681667, \"precision_micro\": 0.68598, \"precision_weighted\": 0.737462, \"recall_macro\": 0.720134, \"recall_micro\": 0.68598, \"recall_weighted\": 0.68598, \"f1_macro\": 0.680702, \"f1_micro\": 0.68598, \"f1_weighted\": 0.67722, \"train_s\": 511.8, \"aggregate_s\": 0.1, \"eval_s\": 14.3, \"round_s\": 526.2, \"commit_s\": 0.0, \"worst_round_s\": 664.4}\n"}
,{"stream_name":"stdout","time":11162.853687233,"data":"  {\"round\": 21, \"clients_done\": 5, \"of\": 100, \"lr\": 0.000645841155382361, \"ce_mean\": 0.061123090509549366, \"grad_norm\": 1.4382716574941878, \"skipped\": 1, \"elapsed_s\": 65.8}\n"}
,{"stream_name":"stdout","time":11207.58774946,"data":"  {\"round\": 21, \"clients_done\": 10, \"of\": 100, \"lr\": 0.000645841155382361, \"ce_mean\": 0.05810571326321657, \"grad_norm\": 1.3452135396795117, \"skipped\": 1, \"elapsed_s\": 110.5}\n"}
,{"stream_name":"stdout","time":11248.731381622,"data":"  {\"round\": 21, \"clients_done\": 15, \"of\": 100, \"lr\": 0.000645841155382361, \"ce_mean\": 0.05032067388786258, \"grad_norm\": 1.0239413521923888, \"skipped\": 1, \"elapsed_s\": 151.7}\n"}
,{"stream_name":"stdout","time":11282.378107863,"data":"  {\"round\": 21, \"clients_done\": 20, \"of\": 100, \"lr\": 0.000645841155382361, \"ce_mean\": 0.04518545274254229, \"grad_norm\": 0.777872757945987, \"skipped\": 0, \"elapsed_s\": 185.3}\n"}
,{"stream_name":"stdout","time":11317.505191493,"data":"  {\"round\": 21, \"clients_done\": 25, \"of\": 100, \"lr\": 0.000645841155382361, \"ce_mean\": 0.08653996939754798, \"grad_norm\": 1.698988394263299, \"skipped\": 2, \"elapsed_s\": 220.5}\n"}
,{"stream_name":"stdout","time":11346.399705462,"data":"  {\"round\": 21, \"clients_done\": 30, \"of\": 100, \"lr\": 0.000645841155382361, \"ce_mean\": 0.09479041763498813, \"grad_norm\": 1.9385016564477848, \"skipped\": 2, \"elapsed_s\": 249.4}\n"}
,{"stream_name":"stdout","time":11377.102262072,"data":"  {\"round\": 21, \"clients_done\": 35, \"of\": 100, \"lr\": 0.000645841155382361, \"ce_mean\": 0.11326585459055417, \"grad_norm\": 2.070447071077574, \"skipped\": 2, \"elapsed_s\": 280.1}\n"}
,{"stream_name":"stdout","time":11400.536496428,"data":"  {\"round\": 21, \"clients_done\": 40, \"of\": 100, \"lr\": 0.000645841155382361, \"ce_mean\": 0.07566563223114461, \"grad_norm\": 1.5880366798020529, \"skipped\": 2, \"elapsed_s\": 303.5}\n"}
,{"stream_name":"stdout","time":11428.999994192,"data":"  {\"round\": 21, \"clients_done\": 45, \"of\": 100, \"lr\": 0.000645841155382361, \"ce_mean\": 0.08504322531694423, \"grad_norm\": 1.6620242912612275, \"skipped\": 1, \"elapsed_s\": 332.0}\n"}
,{"stream_name":"stdout","time":11449.221848859,"data":"  {\"round\": 21, \"clients_done\": 50, \"of\": 100, \"lr\": 0.000645841155382361, \"ce_mean\": 0.056683211447237015, \"grad_norm\": 1.2496273685866761, \"skipped\": 0, \"elapsed_s\": 352.2}\n"}
,{"stream_name":"stdout","time":11474.572182646,"data":"  {\"round\": 21, \"clients_done\": 55, \"of\": 100, \"lr\": 0.000645841155382361, \"ce_mean\": 0.0651548614393658, \"grad_norm\": 1.4128083553273598, \"skipped\": 1, \"elapsed_s\": 377.5}\n"}
,{"stream_name":"stdout","time":11492.23469476,"data":"  {\"round\": 21, \"clients_done\": 60, \"of\": 100, \"lr\": 0.000645841155382361, \"ce_mean\": 0.0800883252289993, \"grad_norm\": 1.4133514426459242, \"skipped\": 0, \"elapsed_s\": 395.2}\n"}
,{"stream_name":"stdout","time":11515.664740574,"data":"  {\"round\": 21, \"clients_done\": 65, \"of\": 100, \"lr\": 0.000645841155382361, \"ce_mean\": 0.09725279676113203, \"grad_norm\": 1.4545419806077076, \"skipped\": 1, \"elapsed_s\": 418.6}\n"}
,{"stream_name":"stdout","time":11531.133857063,"data":"  {\"round\": 21, \"clients_done\": 70, \"of\": 100, \"lr\": 0.000645841155382361, \"ce_mean\": 0.11676746715198863, \"grad_norm\": 1.9711760717975206, \"skipped\": 1, \"elapsed_s\": 434.1}\n"}
,{"stream_name":"stdout","time":11552.386076362,"data":"  {\"round\": 21, \"clients_done\": 75, \"of\": 100, \"lr\": 0.000645841155382361, \"ce_mean\": 0.07983238964888711, \"grad_norm\": 1.4625986004402625, \"skipped\": 0, \"elapsed_s\": 455.4}\n"}
,{"stream_name":"stdout","time":11565.234551623,"data":"  {\"round\": 21, \"clients_done\": 80, \"of\": 100, \"lr\": 0.000645841155382361, \"ce_mean\": 0.07927896801569287, \"grad_norm\": 1.3964737704361727, \"skipped\": 0, \"elapsed_s\": 468.2}\n"}
,{"stream_name":"stdout","time":11582.976744807,"data":"  {\"round\": 21, \"clients_done\": 85, \"of\": 100, \"lr\": 0.000645841155382361, \"ce_mean\": 0.10007541599800127, \"grad_norm\": 1.5589336549147426, \"skipped\": 0, \"elapsed_s\": 485.9}\n"}
,{"stream_name":"stdout","time":11593.946120837,"data":"  {\"round\": 21, \"clients_done\": 90, \"of\": 100, \"lr\": 0.000645841155382361, \"ce_mean\": 0.09274143542883531, \"grad_norm\": 1.610193648428287, \"skipped\": 2, \"elapsed_s\": 496.9}\n"}
,{"stream_name":"stdout","time":11607.004504515,"data":"  {\"round\": 21, \"clients_done\": 95, \"of\": 100, \"lr\": 0.000645841155382361, \"ce_mean\": 0.09767972182024165, \"grad_norm\": 1.6795257664629337, \"skipped\": 1, \"elapsed_s\": 510.0}\n"}
,{"stream_name":"stdout","time":11613.275276309,"data":"  {\"round\": 21, \"clients_done\": 100, \"of\": 100, \"lr\": 0.000645841155382361, \"ce_mean\": 0.11413397595535314, \"grad_norm\": 1.6855043397598448, \"skipped\": 2, \"elapsed_s\": 516.2}\n"}
,{"stream_name":"stdout","time":11627.729419611,"data":"  {\"round\": 21, \"completed\": true, \"accuracy\": 0.679147, \"precision_macro\": 0.675553, \"precision_micro\": 0.679147, \"precision_weighted\": 0.733806, \"recall_macro\": 0.715108, \"recall_micro\": 0.679147, \"recall_weighted\": 0.679147, \"f1_macro\": 0.671529, \"f1_micro\": 0.679147, \"f1_weighted\": 0.667721, \"train_s\": 516.2, \"aggregate_s\": 0.1, \"eval_s\": 14.3, \"round_s\": 530.7, \"commit_s\": 0.0, \"worst_round_s\": 664.4}\n"}
,{"stream_name":"stdout","time":11690.896870291,"data":"  {\"round\": 22, \"clients_done\": 5, \"of\": 100, \"lr\": 0.0006151478623083757, \"ce_mean\": 0.05959002472633539, \"grad_norm\": 1.451490109465843, \"skipped\": 2, \"elapsed_s\": 63.1}\n"}
,{"stream_name":"stdout","time":11735.952195839,"data":"  {\"round\": 22, \"clients_done\": 10, \"of\": 100, \"lr\": 0.0006151478623083757, \"ce_mean\": 0.05563957624788368, \"grad_norm\": 1.3556536485656716, \"skipped\": 1, \"elapsed_s\": 108.2}\n"}
,{"stream_name":"stdout","time":11775.350835969,"data":"  {\"round\": 22, \"clients_done\": 15, \"of\": 100, \"lr\": 0.0006151478623083757, \"ce_mean\": 0.04878382064996835, \"grad_norm\": 1.0177093518100682, \"skipped\": 1, \"elapsed_s\": 147.6}\n"}
,{"stream_name":"stdout","time":11810.248021418,"data":"  {\"round\": 22, \"clients_done\": 20, \"of\": 100, \"lr\": 0.0006151478623083757, \"ce_mean\": 0.04341307989984965, \"grad_norm\": 0.7716616623693233, \"skipped\": 0, \"elapsed_s\": 182.5}\n"}
,{"stream_name":"stdout","time":11843.568690631,"data":"  {\"round\": 22, \"clients_done\": 25, \"of\": 100, \"lr\": 0.0006151478623083757, \"ce_mean\": 0.08432193300617274, \"grad_norm\": 1.6959699943884095, \"skipped\": 1, \"elapsed_s\": 215.8}\n"}
,{"stream_name":"stdout","time":11873.75939255,"data":"  {\"round\": 22, \"clients_done\": 30, \"of\": 100, \"lr\": 0.0006151478623083757, \"ce_mean\": 0.0923177752917326, \"grad_norm\": 1.9022447339794304, \"skipped\": 2, \"elapsed_s\": 246.0}\n"}
,{"stream_name":"stdout","time":11902.427447879,"data":"  {\"round\": 22, \"clients_done\": 35, \"of\": 100, \"lr\": 0.0006151478623083757, \"ce_mean\": 0.10991039895530777, \"grad_norm\": 2.0613291912356524, \"skipped\": 3, \"elapsed_s\": 274.7}\n"}
,{"stream_name":"stdout","time":11928.46175467,"data":"  {\"round\": 22, \"clients_done\": 40, \"of\": 100, \"lr\": 0.0006151478623083757, \"ce_mean\": 0.07409862171519886, \"grad_norm\": 1.5515824035465542, \"skipped\": 2, \"elapsed_s\": 300.7}\n"}
,{"stream_name":"stdout","time":11954.234306783,"data":"  {\"round\": 22, \"clients_done\": 45, \"of\": 100, \"lr\": 0.0006151478623083757, \"ce_mean\": 0.08244298146870321, \"grad_norm\": 1.643286717580464, \"skipped\": 1, \"elapsed_s\": 326.5}\n"}
,{"stream_name":"stdout","time":11977.700093166,"data":"  {\"round\": 22, \"clients_done\": 50, \"of\": 100, \"lr\": 0.0006151478623083757, \"ce_mean\": 0.05454697081950628, \"grad_norm\": 1.2432030729860186, \"skipped\": 0, \"elapsed_s\": 349.9}\n"}
,{"stream_name":"stdout","time":11999.507255911,"data":"  {\"round\": 22, \"clients_done\": 55, \"of\": 100, \"lr\": 0.0006151478623083757, \"ce_mean\": 0.06346438147804954, \"grad_norm\": 1.4511841860684482, \"skipped\": 2, \"elapsed_s\": 371.8}\n"}
,{"stream_name":"stdout","time":12021.142706511,"data":"  {\"round\": 22, \"clients_done\": 60, \"of\": 100, \"lr\": 0.0006151478623083757, \"ce_mean\": 0.07794411630845191, \"grad_norm\": 1.4235388617976126, \"skipped\": 0, \"elapsed_s\": 393.4}\n"}
,{"stream_name":"stdout","time":12040.55170802,"data":"  {\"round\": 22, \"clients_done\": 65, \"of\": 100, \"lr\": 0.0006151478623083757, \"ce_mean\": 0.09305102080695714, \"grad_norm\": 1.4505839110363141, \"skipped\": 1, \"elapsed_s\": 412.8}\n"}
,{"stream_name":"stdout","time":12060.497322769,"data":"  {\"round\": 22, \"clients_done\": 70, \"of\": 100, \"lr\": 0.0006151478623083757, \"ce_mean\": 0.11367971877421229, \"grad_norm\": 1.9707812096461776, \"skipped\": 1, \"elapsed_s\": 432.7}\n"}
,{"stream_name":"stdout","time":12077.207275219,"data":"  {\"round\": 22, \"clients_done\": 75, \"of\": 100, \"lr\": 0.0006151478623083757, \"ce_mean\": 0.07691479415344678, \"grad_norm\": 1.536310319420245, \"skipped\": 0, \"elapsed_s\": 449.5}\n"}
,{"stream_name":"stdout","time":12094.392619558,"data":"  {\"round\": 22, \"clients_done\": 80, \"of\": 100, \"lr\": 0.0006151478623083757, \"ce_mean\": 0.07591344123877189, \"grad_norm\": 1.4131656665157004, \"skipped\": 1, \"elapsed_s\": 466.6}\n"}
,{"stream_name":"stdout","time":12108.802429862,"data":"  {\"round\": 22, \"clients_done\": 85, \"of\": 100, \"lr\": 0.0006151478623083757, \"ce_mean\": 0.09847785965905322, \"grad_norm\": 1.5664767449575372, \"skipped\": 0, \"elapsed_s\": 481.1}\n"}
,{"stream_name":"stdout","time":12123.619790608,"data":"  {\"round\": 22, \"clients_done\": 90, \"of\": 100, \"lr\": 0.0006151478623083757, \"ce_mean\": 0.15025588877335155, \"grad_norm\": 2.319994938111247, \"skipped\": 2, \"elapsed_s\": 495.9}\n"}
,{"stream_name":"stdout","time":12133.286496104,"data":"  {\"round\": 22, \"clients_done\": 95, \"of\": 100, \"lr\": 0.0006151478623083757, \"ce_mean\": 0.07655762892503004, \"grad_norm\": 1.4791414701021635, \"skipped\": 1, \"elapsed_s\": 505.5}\n"}
,{"stream_name":"stdout","time":12142.237808388,"data":"  {\"round\": 22, \"clients_done\": 100, \"of\": 100, \"lr\": 0.0006151478623083757, \"ce_mean\": 0.12095100842221244, \"grad_norm\": 1.8433328199136945, \"skipped\": 2, \"elapsed_s\": 514.5}\n"}
,{"stream_name":"stdout","time":12156.623047992,"data":"  {\"round\": 22, \"completed\": true, \"accuracy\": 0.680382, \"precision_macro\": 0.678036, \"precision_micro\": 0.680382, \"precision_weighted\": 0.73554, \"recall_macro\": 0.718985, \"recall_micro\": 0.680382, \"recall_weighted\": 0.680382, \"f1_macro\": 0.676012, \"f1_micro\": 0.680382, \"f1_weighted\": 0.669276, \"train_s\": 514.5, \"aggregate_s\": 0.1, \"eval_s\": 14.2, \"round_s\": 528.9, \"commit_s\": 0.0, \"worst_round_s\": 664.4}\n"}
,{"stream_name":"stdout","time":12222.132640476,"data":"  {\"round\": 23, \"clients_done\": 5, \"of\": 100, \"lr\": 0.0005840019480415229, \"ce_mean\": 0.05717752950546943, \"grad_norm\": 1.4328537364229148, \"skipped\": 1, \"elapsed_s\": 65.5}\n"}
,{"stream_name":"stdout","time":12266.19072672,"data":"  {\"round\": 23, \"clients_done\": 10, \"of\": 100, \"lr\": 0.0005840019480415229, \"ce_mean\": 0.054297771890654815, \"grad_norm\": 1.3577140050989982, \"skipped\": 2, \"elapsed_s\": 109.5}\n"}
,{"stream_name":"stdout","time":12306.72562994,"data":"  {\"round\": 23, \"clients_done\": 15, \"of\": 100, \"lr\": 0.0005840019480415229, \"ce_mean\": 0.04688069526803958, \"grad_norm\": 1.0370807793070598, \"skipped\": 1, \"elapsed_s\": 150.1}\n"}
,{"stream_name":"stdout","time":12340.333749511,"data":"  {\"round\": 23, \"clients_done\": 20, \"of\": 100, \"lr\": 0.0005840019480415229, \"ce_mean\": 0.04241809167145503, \"grad_norm\": 0.7770177898672964, \"skipped\": 1, \"elapsed_s\": 183.7}\n"}
,{"stream_name":"stdout","time":12376.276548787,"data":"  {\"round\": 23, \"clients_done\": 25, \"of\": 100, \"lr\": 0.0005840019480415229, \"ce_mean\": 0.08181925038005279, \"grad_norm\": 1.7027450611365493, \"skipped\": 2, \"elapsed_s\": 219.6}\n"}
,{"stream_name":"stdout","time":12404.82954227,"data":"  {\"round\": 23, \"clients_done\": 30, \"of\": 100, \"lr\": 0.0005840019480415229, \"ce_mean\": 0.09041294532486155, \"grad_norm\": 1.9251406744462025, \"skipped\": 2, \"elapsed_s\": 248.2}\n"}
,{"stream_name":"stdout","time":12435.731429961,"data":"  {\"round\": 23, \"clients_done\": 35, \"of\": 100, \"lr\": 0.0005840019480415229, \"ce_mean\": 0.10617494930017575, \"grad_norm\": 2.0688435576385005, \"skipped\": 2, \"elapsed_s\": 279.1}\n"}
,{"stream_name":"stdout","time":12458.945541278,"data":"  {\"round\": 23, \"clients_done\": 40, \"of\": 100, \"lr\": 0.0005840019480415229, \"ce_mean\": 0.07268220784027905, \"grad_norm\": 1.5752586029142228, \"skipped\": 2, \"elapsed_s\": 302.3}\n"}
,{"stream_name":"stdout","time":12487.859802051,"data":"  {\"round\": 23, \"clients_done\": 45, \"of\": 100, \"lr\": 0.0005840019480415229, \"ce_mean\": 0.08049357522747473, \"grad_norm\": 1.6507230655875749, \"skipped\": 1, \"elapsed_s\": 331.2}\n"}
,{"stream_name":"stdout","time":12507.960749312,"data":"  {\"round\": 23, \"clients_done\": 50, \"of\": 100, \"lr\": 0.0005840019480415229, \"ce_mean\": 0.053014295555145224, \"grad_norm\": 1.2518455210760653, \"skipped\": 0, \"elapsed_s\": 351.3}\n"}
,{"stream_name":"stdout","time":12534.073705818,"data":"  {\"round\": 23, \"clients_done\": 55, \"of\": 100, \"lr\": 0.0005840019480415229, \"ce_mean\": 0.06178903579711914, \"grad_norm\": 1.475803548639471, \"skipped\": 2, \"elapsed_s\": 377.4}\n"}
,{"stream_name":"stdout","time":12551.586643065,"data":"  {\"round\": 23, \"clients_done\": 60, \"of\": 100, \"lr\": 0.0005840019480415229, \"ce_mean\": 0.07623488260683324, \"grad_norm\": 1.427039717796841, \"skipped\": 0, \"elapsed_s\": 395.0}\n"}
,{"stream_name":"stdout","time":12575.206753694,"data":"  {\"round\": 23, \"clients_done\": 65, \"of\": 100, \"lr\": 0.0005840019480415229, \"ce_mean\": 0.09118177089766552, \"grad_norm\": 1.4713303637598814, \"skipped\": 1, \"elapsed_s\": 418.5}\n"}
,{"stream_name":"stdout","time":12590.432923973,"data":"  {\"round\": 23, \"clients_done\": 70, \"of\": 100, \"lr\": 0.0005840019480415229, \"ce_mean\": 0.11124700983266775, \"grad_norm\": 2.003478751486249, \"skipped\": 2, \"elapsed_s\": 433.8}\n"}
,{"stream_name":"stdout","time":12611.026628989,"data":"  {\"round\": 23, \"clients_done\": 75, \"of\": 100, \"lr\": 0.0005840019480415229, \"ce_mean\": 0.07499450599135508, \"grad_norm\": 1.4718099784147256, \"skipped\": 2, \"elapsed_s\": 454.4}\n"}
,{"stream_name":"stdout","time":12624.033280802,"data":"  {\"round\": 23, \"clients_done\": 80, \"of\": 100, \"lr\": 0.0005840019480415229, \"ce_mean\": 0.09360698553232047, \"grad_norm\": 1.649777104304387, \"skipped\": 2, \"elapsed_s\": 467.4}\n"}
,{"stream_name":"stdout","time":12642.134925312,"data":"  {\"round\": 23, \"clients_done\": 85, \"of\": 100, \"lr\": 0.0005840019480415229, \"ce_mean\": 0.09521223582533009, \"grad_norm\": 1.5590326588624601, \"skipped\": 0, \"elapsed_s\": 485.5}\n"}
,{"stream_name":"stdout","time":12652.876184881,"data":"  {\"round\": 23, \"clients_done\": 90, \"of\": 100, \"lr\": 0.0005840019480415229, \"ce_mean\": 0.08767613824808372, \"grad_norm\": 1.6066970825195312, \"skipped\": 2, \"elapsed_s\": 496.3}\n"}
,{"stream_name":"stdout","time":12666.03826774,"data":"  {\"round\": 23, \"clients_done\": 95, \"of\": 100, \"lr\": 0.0005840019480415229, \"ce_mean\": 0.09493772464595758, \"grad_norm\": 1.727873889429712, \"skipped\": 1, \"elapsed_s\": 509.4}\n"}
,{"stream_name":"stdout","time":12672.394937207,"data":"  {\"round\": 23, \"clients_done\": 100, \"of\": 100, \"lr\": 0.0005840019480415229, \"ce_mean\": 0.11063725510189812, \"grad_norm\": 1.7107637173236128, \"skipped\": 2, \"elapsed_s\": 515.7}\n"}
,{"stream_name":"stdout","time":12686.622112096,"data":"  {\"round\": 23, \"completed\": true, \"accuracy\": 0.677129, \"precision_macro\": 0.674241, \"precision_micro\": 0.677129, \"precision_weighted\": 0.732395, \"recall_macro\": 0.719168, \"recall_micro\": 0.677129, \"recall_weighted\": 0.677129, \"f1_macro\": 0.673784, \"f1_micro\": 0.677129, \"f1_weighted\": 0.664091, \"train_s\": 515.7, \"aggregate_s\": 0.1, \"eval_s\": 14.1, \"round_s\": 530.0, \"commit_s\": 0.0, \"worst_round_s\": 664.4}\n"}
,{"stream_name":"stdout","time":12749.555507311,"data":"  {\"round\": 24, \"clients_done\": 5, \"of\": 100, \"lr\": 0.0005525313978243026, \"ce_mean\": 0.05569208721781886, \"grad_norm\": 1.4380190827125727, \"skipped\": 2, \"elapsed_s\": 62.9}\n"}
,{"stream_name":"stdout","time":12792.822717532,"data":"  {\"round\": 24, \"clients_done\": 10, \"of\": 100, \"lr\": 0.0005525313978243026, \"ce_mean\": 0.052921875884904976, \"grad_norm\": 1.3677575650991989, \"skipped\": 1, \"elapsed_s\": 106.2}\n"}
,{"stream_name":"stdout","time":12832.377431854,"data":"  {\"round\": 24, \"clients_done\": 15, \"of\": 100, \"lr\": 0.0005525313978243026, \"ce_mean\": 0.045039345641428814, \"grad_norm\": 1.037764431815333, \"skipped\": 1, \"elapsed_s\": 145.7}\n"}
,{"stream_name":"stdout","time":12865.432799471,"data":"  {\"round\": 24, \"clients_done\": 20, \"of\": 100, \"lr\": 0.0005525313978243026, \"ce_mean\": 0.04107118264222757, \"grad_norm\": 0.7783342602550045, \"skipped\": 1, \"elapsed_s\": 178.8}\n"}
,{"stream_name":"stdout","time":12900.248711689,"data":"  {\"round\": 24, \"clients_done\": 25, \"of\": 100, \"lr\": 0.0005525313978243026, \"ce_mean\": 0.08021134569218823, \"grad_norm\": 1.7316416047523915, \"skipped\": 2, \"elapsed_s\": 213.6}\n"}
,{"stream_name":"stdout","time":12928.058977544,"data":"  {\"round\": 24, \"clients_done\": 30, \"of\": 100, \"lr\": 0.0005525313978243026, \"ce_mean\": 0.0863437391836432, \"grad_norm\": 1.8971200059335442, \"skipped\": 2, \"elapsed_s\": 241.4}\n"}
,{"stream_name":"stdout","time":12958.290499839,"data":"  {\"round\": 24, \"clients_done\": 35, \"of\": 100, \"lr\": 0.0005525313978243026, \"ce_mean\": 0.10361206191307884, \"grad_norm\": 2.113029458633534, \"skipped\": 2, \"elapsed_s\": 271.6}\n"}
,{"stream_name":"stdout","time":12981.356477132,"data":"  {\"round\": 24, \"clients_done\": 40, \"of\": 100, \"lr\": 0.0005525313978243026, \"ce_mean\": 0.07052453452191394, \"grad_norm\": 1.5910465542521994, \"skipped\": 2, \"elapsed_s\": 294.7}\n"}
,{"stream_name":"stdout","time":13010.306528947,"data":"  {\"round\": 24, \"clients_done\": 45, \"of\": 100, \"lr\": 0.0005525313978243026, \"ce_mean\": 0.07864168818125468, \"grad_norm\": 1.6717589235591317, \"skipped\": 1, \"elapsed_s\": 323.6}\n"}
,{"stream_name":"stdout","time":13029.819139502,"data":"  {\"round\": 24, \"clients_done\": 50, \"of\": 100, \"lr\": 0.0005525313978243026, \"ce_mean\": 0.05082256657464526, \"grad_norm\": 1.2527225255648717, \"skipped\": 0, \"elapsed_s\": 343.2}\n"}
,{"stream_name":"stdout","time":13054.922334364,"data":"  {\"round\": 24, \"clients_done\": 55, \"of\": 100, \"lr\": 0.0005525313978243026, \"ce_mean\": 0.059159262613816696, \"grad_norm\": 1.4882294047962537, \"skipped\": 2, \"elapsed_s\": 368.3}\n"}
,{"stream_name":"stdout","time":13072.264833207,"data":"  {\"round\": 24, \"clients_done\": 60, \"of\": 100, \"lr\": 0.0005525313978243026, \"ce_mean\": 0.07404882408851801, \"grad_norm\": 1.458762057991915, \"skipped\": 1, \"elapsed_s\": 385.6}\n"}
,{"stream_name":"stdout","time":13095.817259982,"data":"  {\"round\": 24, \"clients_done\": 65, \"of\": 100, \"lr\": 0.0005525313978243026, \"ce_mean\": 0.08919465994533105, \"grad_norm\": 1.4642874802215189, \"skipped\": 2, \"elapsed_s\": 409.2}\n"}
,{"stream_name":"stdout","time":13110.944366852,"data":"  {\"round\": 24, \"clients_done\": 70, \"of\": 100, \"lr\": 0.0005525313978243026, \"ce_mean\": 0.07429864048178679, \"grad_norm\": 1.3287723516327103, \"skipped\": 1, \"elapsed_s\": 424.3}\n"}
,{"stream_name":"stdout","time":13131.625836897,"data":"  {\"round\": 24, \"clients_done\": 75, \"of\": 100, \"lr\": 0.0005525313978243026, \"ce_mean\": 0.07388672718804004, \"grad_norm\": 1.4922343029953917, \"skipped\": 1, \"elapsed_s\": 445.0}\n"}
,{"stream_name":"stdout","time":13144.478023134,"data":"  {\"round\": 24, \"clients_done\": 80, \"of\": 100, \"lr\": 0.0005525313978243026, \"ce_mean\": 0.07115211671101299, \"grad_norm\": 1.4022470372886473, \"skipped\": 1, \"elapsed_s\": 457.9}\n"}
,{"stream_name":"stdout","time":13161.758056858,"data":"  {\"round\": 24, \"clients_done\": 85, \"of\": 100, \"lr\": 0.0005525313978243026, \"ce_mean\": 0.09268936027640244, \"grad_norm\": 1.5708474323248407, \"skipped\": 0, \"elapsed_s\": 475.1}\n"}
,{"stream_name":"stdout","time":13172.301937841,"data":"  {\"round\": 24, \"clients_done\": 90, \"of\": 100, \"lr\": 0.0005525313978243026, \"ce_mean\": 0.08748220947553527, \"grad_norm\": 1.6178102313347582, \"skipped\": 2, \"elapsed_s\": 485.7}\n"}
,{"stream_name":"stdout","time":13185.555362862,"data":"  {\"round\": 24, \"clients_done\": 95, \"of\": 100, \"lr\": 0.0005525313978243026, \"ce_mean\": 0.09322996169610731, \"grad_norm\": 1.7158803849566246, \"skipped\": 1, \"elapsed_s\": 498.9}\n"}
,{"stream_name":"stdout","time":13191.87773075,"data":"  {\"round\": 24, \"clients_done\": 100, \"of\": 100, \"lr\": 0.0005525313978243026, \"ce_mean\": 0.1085731215010395, \"grad_norm\": 1.706234733927506, \"skipped\": 2, \"elapsed_s\": 505.2}\n"}
,{"stream_name":"stdout","time":13206.379994895,"data":"  {\"round\": 24, \"completed\": true, \"accuracy\": 0.67567, \"precision_macro\": 0.673724, \"precision_micro\": 0.67567, \"precision_weighted\": 0.732212, \"recall_macro\": 0.718515, \"recall_micro\": 0.67567, \"recall_weighted\": 0.67567, \"f1_macro\": 0.672552, \"f1_micro\": 0.67567, \"f1_weighted\": 0.662568, \"train_s\": 505.2, \"aggregate_s\": 0.1, \"eval_s\": 14.4, \"round_s\": 519.7, \"commit_s\": 0.0, \"worst_round_s\": 664.4}\n"}
,{"stream_name":"stdout","time":13269.648669231,"data":"  {\"round\": 25, \"clients_done\": 5, \"of\": 100, \"lr\": 0.0005208655308979695, \"ce_mean\": 0.05375444279160611, \"grad_norm\": 1.436230326807776, \"skipped\": 2, \"elapsed_s\": 63.2}\n"}
,{"stream_name":"stdout","time":13314.182546193,"data":"  {\"round\": 25, \"clients_done\": 10, \"of\": 100, \"lr\": 0.0005208655308979695, \"ce_mean\": 0.05053703951408098, \"grad_norm\": 1.3594638630889928, \"skipped\": 1, \"elapsed_s\": 107.8}\n"}
,{"stream_name":"stdout","time":13352.464683132,"data":"  {\"round\": 25, \"clients_done\": 15, \"of\": 100, \"lr\": 0.0005208655308979695, \"ce_mean\": 0.0445610817279831, \"grad_norm\": 1.037326106092121, \"skipped\": 0, \"elapsed_s\": 146.0}\n"}
,{"stream_name":"stdout","time":13387.15710036,"data":"  {\"round\": 25, \"clients_done\": 20, \"of\": 100, \"lr\": 0.0005208655308979695, \"ce_mean\": 0.040409839410576034, \"grad_norm\": 0.782973804062219, \"skipped\": 0, \"elapsed_s\": 180.7}\n"}
,{"stream_name":"stdout","time":13420.259508935,"data":"  {\"round\": 25, \"clients_done\": 25, \"of\": 100, \"lr\": 0.0005208655308979695, \"ce_mean\": 0.07792368082036719, \"grad_norm\": 1.726414739668397, \"skipped\": 2, \"elapsed_s\": 213.8}\n"}
,{"stream_name":"stdout","time":13450.296300601,"data":"  {\"round\": 25, \"clients_done\": 30, \"of\": 100, \"lr\": 0.0005208655308979695, \"ce_mean\": 0.08350603204024465, \"grad_norm\": 1.9328363704295293, \"skipped\": 1, \"elapsed_s\": 243.9}\n"}
,{"stream_name":"stdout","time":13478.336675105,"data":"  {\"round\": 25, \"clients_done\": 35, \"of\": 100, \"lr\": 0.0005208655308979695, \"ce_mean\": 0.10233716318976899, \"grad_norm\": 2.1375533639217266, \"skipped\": 2, \"elapsed_s\": 272.0}\n"}
,{"stream_name":"stdout","time":13504.436920117,"data":"  {\"round\": 25, \"clients_done\": 40, \"of\": 100, \"lr\": 0.0005208655308979695, \"ce_mean\": 0.06742840529607495, \"grad_norm\": 1.5941321144641285, \"skipped\": 3, \"elapsed_s\": 298.0}\n"}
,{"stream_name":"stdout","time":13530.118653984,"data":"  {\"round\": 25, \"clients_done\": 45, \"of\": 100, \"lr\": 0.0005208655308979695, \"ce_mean\": 0.07518803487994714, \"grad_norm\": 1.6866327891092814, \"skipped\": 1, \"elapsed_s\": 323.7}\n"}
,{"stream_name":"stdout","time":13553.290438437,"data":"  {\"round\": 25, \"clients_done\": 50, \"of\": 100, \"lr\": 0.0005208655308979695, \"ce_mean\": 0.049238527503692994, \"grad_norm\": 1.25154497779003, \"skipped\": 0, \"elapsed_s\": 346.9}\n"}
,{"stream_name":"stdout","time":13574.684136539,"data":"  {\"round\": 25, \"clients_done\": 55, \"of\": 100, \"lr\": 0.0005208655308979695, \"ce_mean\": 0.058271891348238444, \"grad_norm\": 1.4961895695639638, \"skipped\": 1, \"elapsed_s\": 368.3}\n"}
,{"stream_name":"stdout","time":13596.42412953,"data":"  {\"round\": 25, \"clients_done\": 60, \"of\": 100, \"lr\": 0.0005208655308979695, \"ce_mean\": 0.07225539517957111, \"grad_norm\": 1.4358752051065133, \"skipped\": 1, \"elapsed_s\": 390.0}\n"}
,{"stream_name":"stdout","time":13615.832571454,"data":"  {\"round\": 25, \"clients_done\": 65, \"of\": 100, \"lr\": 0.0005208655308979695, \"ce_mean\": 0.08592137272650074, \"grad_norm\": 1.4807286198431324, \"skipped\": 1, \"elapsed_s\": 409.5}\n"}
,{"stream_name":"stdout","time":13635.002422474,"data":"  {\"round\": 25, \"clients_done\": 70, \"of\": 100, \"lr\": 0.0005208655308979695, \"ce_mean\": 0.10411912966997196, \"grad_norm\": 2.031114500943445, \"skipped\": 2, \"elapsed_s\": 428.6}\n"}
,{"stream_name":"stdout","time":13651.682254618,"data":"  {\"round\": 25, \"clients_done\": 75, \"of\": 100, \"lr\": 0.0005208655308979695, \"ce_mean\": 0.07059245963658865, \"grad_norm\": 1.5333355234937556, \"skipped\": 1, \"elapsed_s\": 445.3}\n"}
,{"stream_name":"stdout","time":13668.510298946,"data":"  {\"round\": 25, \"clients_done\": 80, \"of\": 100, \"lr\": 0.0005208655308979695, \"ce_mean\": 0.07048774041724482, \"grad_norm\": 1.4098066528791626, \"skipped\": 0, \"elapsed_s\": 462.1}\n"}
,{"stream_name":"stdout","time":13682.571575268,"data":"  {\"round\": 25, \"clients_done\": 85, \"of\": 100, \"lr\": 0.0005208655308979695, \"ce_mean\": 0.0902621586441867, \"grad_norm\": 1.5977491324056854, \"skipped\": 1, \"elapsed_s\": 476.2}\n"}
,{"stream_name":"stdout","time":13697.284769223,"data":"  {\"round\": 25, \"clients_done\": 90, \"of\": 100, \"lr\": 0.0005208655308979695, \"ce_mean\": 0.1416816804694663, \"grad_norm\": 2.379695677815556, \"skipped\": 2, \"elapsed_s\": 490.9}\n"}
,{"stream_name":"stdout","time":13706.818339786,"data":"  {\"round\": 25, \"clients_done\": 95, \"of\": 100, \"lr\": 0.0005208655308979695, \"ce_mean\": 0.07387412237276098, \"grad_norm\": 1.4934078269453004, \"skipped\": 2, \"elapsed_s\": 500.4}\n"}
,{"stream_name":"stdout","time":13715.569149281,"data":"  {\"round\": 25, \"clients_done\": 100, \"of\": 100, \"lr\": 0.0005208655308979695, \"ce_mean\": 0.11609256205134366, \"grad_norm\": 1.8763058647435373, \"skipped\": 2, \"elapsed_s\": 509.2}\n"}
,{"stream_name":"stdout","time":13730.020789094,"data":"  {\"round\": 25, \"completed\": true, \"accuracy\": 0.671797, \"precision_macro\": 0.667485, \"precision_micro\": 0.671797, \"precision_weighted\": 0.72901, \"recall_macro\": 0.716523, \"recall_micro\": 0.671797, \"recall_weighted\": 0.671797, \"f1_macro\": 0.666417, \"f1_micro\": 0.671797, \"f1_weighted\": 0.655636, \"train_s\": 509.2, \"aggregate_s\": 0.1, \"eval_s\": 14.3, \"round_s\": 523.6, \"commit_s\": 0.0, \"worst_round_s\": 664.4}\n"}
,{"stream_name":"stdout","time":13793.960296791,"data":"  {\"round\": 26, \"clients_done\": 5, \"of\": 100, \"lr\": 0.0004891344691020307, \"ce_mean\": 0.052750928635446184, \"grad_norm\": 1.4449300768762714, \"skipped\": 1, \"elapsed_s\": 63.9}\n"}
,{"stream_name":"stdout","time":13837.492130702,"data":"  {\"round\": 26, \"clients_done\": 10, \"of\": 100, \"lr\": 0.0004891344691020307, \"ce_mean\": 0.04903385958476905, \"grad_norm\": 1.3666361576270984, \"skipped\": 1, \"elapsed_s\": 107.4}\n"}
,{"stream_name":"stdout","time":13877.211573364,"data":"  {\"round\": 26, \"clients_done\": 15, \"of\": 100, \"lr\": 0.0004891344691020307, \"ce_mean\": 0.04273978556837191, \"grad_norm\": 1.039602174124148, \"skipped\": 0, \"elapsed_s\": 147.2}\n"}
,{"stream_name":"stdout","time":13910.85183994,"data":"  {\"round\": 26, \"clients_done\": 20, \"of\": 100, \"lr\": 0.0004891344691020307, \"ce_mean\": 0.039082718067109126, \"grad_norm\": 0.7928876992661943, \"skipped\": 1, \"elapsed_s\": 180.8}\n"}
,{"stream_name":"stdout","time":13945.312391214,"data":"  {\"round\": 26, \"clients_done\": 25, \"of\": 100, \"lr\": 0.0004891344691020307, \"ce_mean\": 0.07527426943509756, \"grad_norm\": 1.7546443681098343, \"skipped\": 2, \"elapsed_s\": 215.3}\n"}
,{"stream_name":"stdout","time":13973.654118338,"data":"  {\"round\": 26, \"clients_done\": 30, \"of\": 100, \"lr\": 0.0004891344691020307, \"ce_mean\": 0.08180442327185522, \"grad_norm\": 1.938161837420886, \"skipped\": 2, \"elapsed_s\": 243.6}\n"}
,{"stream_name":"stdout","time":14003.910496283,"data":"  {\"round\": 26, \"clients_done\": 35, \"of\": 100, \"lr\": 0.0004891344691020307, \"ce_mean\": 0.10129374208967981, \"grad_norm\": 2.15166023822223, \"skipped\": 2, \"elapsed_s\": 273.9}\n"}
,{"stream_name":"stdout","time":14026.797352214,"data":"  {\"round\": 26, \"clients_done\": 40, \"of\": 100, \"lr\": 0.0004891344691020307, \"ce_mean\": 0.06609412050666698, \"grad_norm\": 1.5787075009164222, \"skipped\": 2, \"elapsed_s\": 296.8}\n"}
,{"stream_name":"stdout","time":14054.660149267,"data":"  {\"round\": 26, \"clients_done\": 45, \"of\": 100, \"lr\": 0.0004891344691020307, \"ce_mean\": 0.07412978303646613, \"grad_norm\": 1.6545128005707335, \"skipped\": 1, \"elapsed_s\": 324.6}\n"}
,{"stream_name":"stdout","time":14074.78475956,"data":"  {\"round\": 26, \"clients_done\": 50, \"of\": 100, \"lr\": 0.0004891344691020307, \"ce_mean\": 0.047372962758639524, \"grad_norm\": 1.25739923266374, \"skipped\": 0, \"elapsed_s\": 344.8}\n"}
,{"stream_name":"stdout","time":14099.333695909,"data":"  {\"round\": 26, \"clients_done\": 55, \"of\": 100, \"lr\": 0.0004891344691020307, \"ce_mean\": 0.05623460899699818, \"grad_norm\": 1.494824842973189, \"skipped\": 2, \"elapsed_s\": 369.3}\n"}
,{"stream_name":"stdout","time":14117.04546789,"data":"  {\"round\": 26, \"clients_done\": 60, \"of\": 100, \"lr\": 0.0004891344691020307, \"ce_mean\": 0.06986054708791334, \"grad_norm\": 1.4430067372876545, \"skipped\": 1, \"elapsed_s\": 387.0}\n"}
,{"stream_name":"stdout","time":14140.158120705,"data":"  {\"round\": 26, \"clients_done\": 65, \"of\": 100, \"lr\": 0.0004891344691020307, \"ce_mean\": 0.08391306880905694, \"grad_norm\": 1.491624818583251, \"skipped\": 1, \"elapsed_s\": 410.1}\n"}
,{"stream_name":"stdout","time":14155.635559554,"data":"  {\"round\": 26, \"clients_done\": 70, \"of\": 100, \"lr\": 0.0004891344691020307, \"ce_mean\": 0.10149442232572116, \"grad_norm\": 2.0728371038823408, \"skipped\": 2, \"elapsed_s\": 425.6}\n"}
,{"stream_name":"stdout","time":14176.457995364,"data":"  {\"round\": 26, \"clients_done\": 75, \"of\": 100, \"lr\": 0.0004891344691020307, \"ce_mean\": 0.070064941968786, \"grad_norm\": 1.5017646754392282, \"skipped\": 1, \"elapsed_s\": 446.4}\n"}
,{"stream_name":"stdout","time":14189.196272861,"data":"  {\"round\": 26, \"clients_done\": 80, \"of\": 100, \"lr\": 0.0004891344691020307, \"ce_mean\": 0.06806416309017932, \"grad_norm\": 1.422912479827763, \"skipped\": 0, \"elapsed_s\": 459.2}\n"}
,{"stream_name":"stdout","time":14206.866453636,"data":"  {\"round\": 26, \"clients_done\": 85, \"of\": 100, \"lr\": 0.0004891344691020307, \"ce_mean\": 0.08828393567646133, \"grad_norm\": 1.6108246821506766, \"skipped\": 0, \"elapsed_s\": 476.8}\n"}
,{"stream_name":"stdout","time":14217.599987062,"data":"  {\"round\": 26, \"clients_done\": 90, \"of\": 100, \"lr\": 0.0004891344691020307, \"ce_mean\": 0.08335185416034029, \"grad_norm\": 1.6177143146348645, \"skipped\": 1, \"elapsed_s\": 487.6}\n"}
,{"stream_name":"stdout","time":14230.803619016,"data":"  {\"round\": 26, \"clients_done\": 95, \"of\": 100, \"lr\": 0.0004891344691020307, \"ce_mean\": 0.08885167600228583, \"grad_norm\": 1.7174767334754535, \"skipped\": 1, \"elapsed_s\": 500.8}\n"}
,{"stream_name":"stdout","time":14237.270734101,"data":"  {\"round\": 26, \"clients_done\": 100, \"of\": 100, \"lr\": 0.0004891344691020307, \"ce_mean\": 0.10376685006277901, \"grad_norm\": 1.7459873744419643, \"skipped\": 1, \"elapsed_s\": 507.2}\n"}
,{"stream_name":"stdout","time":14251.688675691,"data":"  {\"round\": 26, \"completed\": true, \"accuracy\": 0.673582, \"precision_macro\": 0.671497, \"precision_micro\": 0.673582, \"precision_weighted\": 0.7309, \"recall_macro\": 0.719743, \"recall_micro\": 0.673582, \"recall_weighted\": 0.673582, \"f1_macro\": 0.671095, \"f1_micro\": 0.673582, \"f1_weighted\": 0.658758, \"train_s\": 507.2, \"aggregate_s\": 0.1, \"eval_s\": 14.3, \"round_s\": 521.6, \"commit_s\": 0.0, \"worst_round_s\": 664.4}\n"}
,{"stream_name":"stdout","time":14314.968114682,"data":"  {\"round\": 27, \"clients_done\": 5, \"of\": 100, \"lr\": 0.00045746860217569754, \"ce_mean\": 0.05094034061875454, \"grad_norm\": 1.4546301553415697, \"skipped\": 2, \"elapsed_s\": 63.2}\n"}
,{"stream_name":"stdout","time":14359.59039912,"data":"  {\"round\": 27, \"clients_done\": 10, \"of\": 100, \"lr\": 0.00045746860217569754, \"ce_mean\": 0.04755153896152769, \"grad_norm\": 1.3954628220681515, \"skipped\": 1, \"elapsed_s\": 107.9}\n"}
,{"stream_name":"stdout","time":14399.280316573,"data":"  {\"round\": 27, \"clients_done\": 15, \"of\": 100, \"lr\": 0.00045746860217569754, \"ce_mean\": 0.041099086230507925, \"grad_norm\": 1.0403636040287805, \"skipped\": 1, \"elapsed_s\": 147.6}\n"}
,{"stream_name":"stdout","time":14432.697116566,"data":"  {\"round\": 27, \"clients_done\": 20, \"of\": 100, \"lr\": 0.00045746860217569754, \"ce_mean\": 0.03797145884671657, \"grad_norm\": 0.7896227939523381, \"skipped\": 0, \"elapsed_s\": 181.0}\n"}
,{"stream_name":"stdout","time":14466.829548138,"data":"  {\"round\": 27, \"clients_done\": 25, \"of\": 100, \"lr\": 0.00045746860217569754, \"ce_mean\": 0.07362833525942021, \"grad_norm\": 1.7589352278858492, \"skipped\": 2, \"elapsed_s\": 215.1}\n"}
,{"stream_name":"stdout","time":14494.918799629,"data":"  {\"round\": 27, \"clients_done\": 30, \"of\": 100, \"lr\": 0.00045746860217569754, \"ce_mean\": 0.07940914105765427, \"grad_norm\": 1.9417601611946202, \"skipped\": 2, \"elapsed_s\": 243.2}\n"}
,{"stream_name":"stdout","time":14524.69029213,"data":"  {\"round\": 27, \"clients_done\": 35, \"of\": 100, \"lr\": 0.00045746860217569754, \"ce_mean\": 0.09721389881511874, \"grad_norm\": 2.1736677326699776, \"skipped\": 2, \"elapsed_s\": 273.0}\n"}
,{"stream_name":"stdout","time":14548.500315003,"data":"  {\"round\": 27, \"clients_done\": 40, \"of\": 100, \"lr\": 0.00045746860217569754, \"ce_mean\": 0.06369191726281846, \"grad_norm\": 1.601322941486437, \"skipped\": 2, \"elapsed_s\": 296.8}\n"}
,{"stream_name":"stdout","time":14576.157789659,"data":"  {\"round\": 27, \"clients_done\": 45, \"of\": 100, \"lr\": 0.00045746860217569754, \"ce_mean\": 0.07177524098098599, \"grad_norm\": 1.7051720364926604, \"skipped\": 2, \"elapsed_s\": 324.4}\n"}
,{"stream_name":"stdout","time":14596.522996677,"data":"  {\"round\": 27, \"clients_done\": 50, \"of\": 100, \"lr\": 0.00045746860217569754, \"ce_mean\": 0.046311181648752184, \"grad_norm\": 1.260725039140521, \"skipped\": 0, \"elapsed_s\": 344.8}\n"}
,{"stream_name":"stdout","time":14621.145152717,"data":"  {\"round\": 27, \"clients_done\": 55, \"of\": 100, \"lr\": 0.00045746860217569754, \"ce_mean\": 0.05580250783400102, \"grad_norm\": 1.5094278508966619, \"skipped\": 2, \"elapsed_s\": 369.4}\n"}
,{"stream_name":"stdout","time":14639.134456723,"data":"  {\"round\": 27, \"clients_done\": 60, \"of\": 100, \"lr\": 0.00045746860217569754, \"ce_mean\": 0.06902888899881422, \"grad_norm\": 1.464435696515296, \"skipped\": 0, \"elapsed_s\": 387.4}\n"}
,{"stream_name":"stdout","time":14661.506184912,"data":"  {\"round\": 27, \"clients_done\": 65, \"of\": 100, \"lr\": 0.00045746860217569754, \"ce_mean\": 0.08201562331128026, \"grad_norm\": 1.5030789703248517, \"skipped\": 1, \"elapsed_s\": 409.8}\n"}
,{"stream_name":"stdout","time":14677.404954013,"data":"  {\"round\": 27, \"clients_done\": 70, \"of\": 100, \"lr\": 0.00045746860217569754, \"ce_mean\": 0.09918236870525098, \"grad_norm\": 2.044523253334367, \"skipped\": 2, \"elapsed_s\": 425.7}\n"}
,{"stream_name":"stdout","time":14697.252742469,"data":"  {\"round\": 27, \"clients_done\": 75, \"of\": 100, \"lr\": 0.00045746860217569754, \"ce_mean\": 0.06636378359515639, \"grad_norm\": 1.5597864351864874, \"skipped\": 1, \"elapsed_s\": 445.5}\n"}
,{"stream_name":"stdout","time":14710.448986549,"data":"  {\"round\": 27, \"clients_done\": 80, \"of\": 100, \"lr\": 0.00045746860217569754, \"ce_mean\": 0.06679094839787138, \"grad_norm\": 1.4542041723278984, \"skipped\": 1, \"elapsed_s\": 458.8}\n"}
,{"stream_name":"stdout","time":14727.636921922,"data":"  {\"round\": 27, \"clients_done\": 85, \"of\": 100, \"lr\": 0.00045746860217569754, \"ce_mean\": 0.08656843958893146, \"grad_norm\": 1.615653586741972, \"skipped\": 0, \"elapsed_s\": 475.9}\n"}
,{"stream_name":"stdout","time":14738.521705547,"data":"  {\"round\": 27, \"clients_done\": 90, \"of\": 100, \"lr\": 0.00045746860217569754, \"ce_mean\": 0.13839316397285228, \"grad_norm\": 2.454428477853427, \"skipped\": 3, \"elapsed_s\": 486.8}\n"}
,{"stream_name":"stdout","time":14752.009971725,"data":"  {\"round\": 27, \"clients_done\": 95, \"of\": 100, \"lr\": 0.00045746860217569754, \"ce_mean\": 0.08773449317137902, \"grad_norm\": 1.791379525458399, \"skipped\": 1, \"elapsed_s\": 500.3}\n"}
,{"stream_name":"stdout","time":14758.270387566,"data":"  {\"round\": 27, \"clients_done\": 100, \"of\": 100, \"lr\": 0.00045746860217569754, \"ce_mean\": 0.11302865329672711, \"grad_norm\": 1.9560718984578982, \"skipped\": 1, \"elapsed_s\": 506.5}\n"}
,{"stream_name":"stdout","time":14772.851171238,"data":"  {\"round\": 27, \"completed\": true, \"accuracy\": 0.668318, \"precision_macro\": 0.657568, \"precision_micro\": 0.668318, \"precision_weighted\": 0.723954, \"recall_macro\": 0.711838, \"recall_micro\": 0.668318, \"recall_weighted\": 0.668318, \"f1_macro\": 0.655848, \"f1_micro\": 0.668318, \"f1_weighted\": 0.650215, \"train_s\": 506.5, \"aggregate_s\": 0.1, \"eval_s\": 14.4, \"round_s\": 521.1, \"commit_s\": 0.1, \"worst_round_s\": 664.4}\n"}
,{"stream_name":"stdout","time":14835.687261743,"data":"  {\"round\": 28, \"clients_done\": 5, \"of\": 100, \"lr\": 0.0004259980519584773, \"ce_mean\": 0.048886246751886714, \"grad_norm\": 1.460916782457861, \"skipped\": 1, \"elapsed_s\": 62.8}\n"}
,{"stream_name":"stdout","time":14879.208341576,"data":"  {\"round\": 28, \"clients_done\": 10, \"of\": 100, \"lr\": 0.0004259980519584773, \"ce_mean\": 0.04654970718494402, \"grad_norm\": 1.3950752336894314, \"skipped\": 1, \"elapsed_s\": 106.3}\n"}
,{"stream_name":"stdout","time":14918.428420432,"data":"  {\"round\": 28, \"clients_done\": 15, \"of\": 100, \"lr\": 0.0004259980519584773, \"ce_mean\": 0.03991972505926751, \"grad_norm\": 1.0607478282942238, \"skipped\": 1, \"elapsed_s\": 145.5}\n"}
,{"stream_name":"stdout","time":14951.72962206,"data":"  {\"round\": 28, \"clients_done\": 20, \"of\": 100, \"lr\": 0.0004259980519584773, \"ce_mean\": 0.03672574063856825, \"grad_norm\": 0.7947919008543165, \"skipped\": 0, \"elapsed_s\": 178.8}\n"}
,{"stream_name":"stdout","time":14985.87722898,"data":"  {\"round\": 28, \"clients_done\": 25, \"of\": 100, \"lr\": 0.0004259980519584773, \"ce_mean\": 0.07176720445199487, \"grad_norm\": 1.7716508189818596, \"skipped\": 2, \"elapsed_s\": 213.0}\n"}
,{"stream_name":"stdout","time":15014.258944945,"data":"  {\"round\": 28, \"clients_done\": 30, \"of\": 100, \"lr\": 0.0004259980519584773, \"ce_mean\": 0.07747237193433544, \"grad_norm\": 1.9270803253560127, \"skipped\": 2, \"elapsed_s\": 241.4}\n"}
,{"stream_name":"stdout","time":15043.972683797,"data":"  {\"round\": 28, \"clients_done\": 35, \"of\": 100, \"lr\": 0.0004259980519584773, \"ce_mean\": 0.09575378554589134, \"grad_norm\": 2.2157092401283576, \"skipped\": 2, \"elapsed_s\": 271.1}\n"}
,{"stream_name":"stdout","time":15067.355444825,"data":"  {\"round\": 28, \"clients_done\": 40, \"of\": 100, \"lr\": 0.0004259980519584773, \"ce_mean\": 0.06234295081532945, \"grad_norm\": 1.6177856087335043, \"skipped\": 2, \"elapsed_s\": 294.5}\n"}
,{"stream_name":"stdout","time":15095.138583138,"data":"  {\"round\": 28, \"clients_done\": 45, \"of\": 100, \"lr\": 0.0004259980519584773, \"ce_mean\": 0.06973859948123408, \"grad_norm\": 1.696382388874326, \"skipped\": 2, \"elapsed_s\": 322.2}\n"}
,{"stream_name":"stdout","time":15115.894344249,"data":"  {\"round\": 28, \"clients_done\": 50, \"of\": 100, \"lr\": 0.0004259980519584773, \"ce_mean\": 0.04500016518502673, \"grad_norm\": 1.2675516303782457, \"skipped\": 0, \"elapsed_s\": 343.0}\n"}
,{"stream_name":"stdout","time":15139.679151371,"data":"  {\"round\": 28, \"clients_done\": 55, \"of\": 100, \"lr\": 0.0004259980519584773, \"ce_mean\": 0.053810585628856315, \"grad_norm\": 1.5127008611505681, \"skipped\": 2, \"elapsed_s\": 366.8}\n"}
,{"stream_name":"stdout","time":15158.111222518,"data":"  {\"round\": 28, \"clients_done\": 60, \"of\": 100, \"lr\": 0.0004259980519584773, \"ce_mean\": 0.06624446913253429, \"grad_norm\": 1.4852256774902344, \"skipped\": 1, \"elapsed_s\": 385.3}\n"}
,{"stream_name":"stdout","time":15180.228842846,"data":"  {\"round\": 28, \"clients_done\": 65, \"of\": 100, \"lr\": 0.0004259980519584773, \"ce_mean\": 0.07941981379693676, \"grad_norm\": 1.5322607228878458, \"skipped\": 1, \"elapsed_s\": 407.3}\n"}
,{"stream_name":"stdout","time":15196.102365217,"data":"  {\"round\": 28, \"clients_done\": 70, \"of\": 100, \"lr\": 0.0004259980519584773, \"ce_mean\": 0.09775528067690563, \"grad_norm\": 2.0660641704145988, \"skipped\": 2, \"elapsed_s\": 423.2}\n"}
,{"stream_name":"stdout","time":15216.115486644,"data":"  {\"round\": 28, \"clients_done\": 75, \"of\": 100, \"lr\": 0.0004259980519584773, \"ce_mean\": 0.06530122962786997, \"grad_norm\": 1.5624308414596448, \"skipped\": 0, \"elapsed_s\": 443.2}\n"}
,{"stream_name":"stdout","time":15229.317748215,"data":"  {\"round\": 28, \"clients_done\": 80, \"of\": 100, \"lr\": 0.0004259980519584773, \"ce_mean\": 0.06469921904485583, \"grad_norm\": 1.4372936009208936, \"skipped\": 1, \"elapsed_s\": 456.5}\n"}
,{"stream_name":"stdout","time":15246.971050769,"data":"  {\"round\": 28, \"clients_done\": 85, \"of\": 100, \"lr\": 0.0004259980519584773, \"ce_mean\": 0.08474980898976579, \"grad_norm\": 1.6147095504080413, \"skipped\": 0, \"elapsed_s\": 474.1}\n"}
,{"stream_name":"stdout","time":15257.857200244,"data":"  {\"round\": 28, \"clients_done\": 90, \"of\": 100, \"lr\": 0.0004259980519584773, \"ce_mean\": 0.08004993762610094, \"grad_norm\": 1.6599013130619842, \"skipped\": 2, \"elapsed_s\": 485.0}\n"}
,{"stream_name":"stdout","time":15270.775971304,"data":"  {\"round\": 28, \"clients_done\": 95, \"of\": 100, \"lr\": 0.0004259980519584773, \"ce_mean\": 0.0881229605208436, \"grad_norm\": 1.7982198913766758, \"skipped\": 1, \"elapsed_s\": 497.9}\n"}
,{"stream_name":"stdout","time":15277.11883031,"data":"  {\"round\": 28, \"clients_done\": 100, \"of\": 100, \"lr\": 0.0004259980519584773, \"ce_mean\": 0.1022530510312035, \"grad_norm\": 1.8284832182384672, \"skipped\": 1, \"elapsed_s\": 504.2}\n"}
,{"stream_name":"stdout","time":15291.6390334,"data":"  {\"round\": 28, \"completed\": true, \"accuracy\": 0.672634, \"precision_macro\": 0.668806, \"precision_micro\": 0.672634, \"precision_weighted\": 0.730057, \"recall_macro\": 0.720266, \"recall_micro\": 0.672634, \"recall_weighted\": 0.672634, \"f1_macro\": 0.669611, \"f1_micro\": 0.672634, \"f1_weighted\": 0.657627, \"train_s\": 504.2, \"aggregate_s\": 0.1, \"eval_s\": 14.4, \"round_s\": 518.8, \"commit_s\": 0.0, \"worst_round_s\": 664.4}\n"}
,{"stream_name":"stdout","time":15355.058315614,"data":"  {\"round\": 29, \"clients_done\": 5, \"of\": 100, \"lr\": 0.00039485213769162444, \"ce_mean\": 0.04791421668474064, \"grad_norm\": 1.4657729037972385, \"skipped\": 2, \"elapsed_s\": 63.4}\n"}
,{"stream_name":"stdout","time":15398.905543324,"data":"  {\"round\": 29, \"clients_done\": 10, \"of\": 100, \"lr\": 0.00039485213769162444, \"ce_mean\": 0.04441660590319177, \"grad_norm\": 1.4148371178700878, \"skipped\": 1, \"elapsed_s\": 107.2}\n"}
,{"stream_name":"stdout","time":15437.863940704,"data":"  {\"round\": 29, \"clients_done\": 15, \"of\": 100, \"lr\": 0.00039485213769162444, \"ce_mean\": 0.03873353935942514, \"grad_norm\": 1.093507622123195, \"skipped\": 1, \"elapsed_s\": 146.2}\n"}
,{"stream_name":"stdout","time":15471.144591263,"data":"  {\"round\": 29, \"clients_done\": 20, \"of\": 100, \"lr\": 0.00039485213769162444, \"ce_mean\": 0.035662775901969465, \"grad_norm\": 0.8022450504139957, \"skipped\": 1, \"elapsed_s\": 179.5}\n"}
,{"stream_name":"stdout","time":15506.267248816,"data":"  {\"round\": 29, \"clients_done\": 25, \"of\": 100, \"lr\": 0.00039485213769162444, \"ce_mean\": 0.06912155293706637, \"grad_norm\": 1.7697330304046175, \"skipped\": 1, \"elapsed_s\": 214.6}\n"}
,{"stream_name":"stdout","time":15534.348958467,"data":"  {\"round\": 29, \"clients_done\": 30, \"of\": 100, \"lr\": 0.00039485213769162444, \"ce_mean\": 0.07506598345181237, \"grad_norm\": 1.946544199337361, \"skipped\": 1, \"elapsed_s\": 242.7}\n"}
,{"stream_name":"stdout","time":15564.438422673,"data":"  {\"round\": 29, \"clients_done\": 35, \"of\": 100, \"lr\": 0.00039485213769162444, \"ce_mean\": 0.09389508230831614, \"grad_norm\": 2.2116319414084358, \"skipped\": 2, \"elapsed_s\": 272.8}\n"}
,{"stream_name":"stdout","time":15587.496622432,"data":"  {\"round\": 29, \"clients_done\": 40, \"of\": 100, \"lr\": 0.00039485213769162444, \"ce_mean\": 0.06028163265174543, \"grad_norm\": 1.6441365273345805, \"skipped\": 3, \"elapsed_s\": 295.9}\n"}
,{"stream_name":"stdout","time":15615.692804861,"data":"  {\"round\": 29, \"clients_done\": 45, \"of\": 100, \"lr\": 0.00039485213769162444, \"ce_mean\": 0.06891677308225347, \"grad_norm\": 1.6981410226422156, \"skipped\": 1, \"elapsed_s\": 324.0}\n"}
,{"stream_name":"stdout","time":15636.103488382,"data":"  {\"round\": 29, \"clients_done\": 50, \"of\": 100, \"lr\": 0.00039485213769162444, \"ce_mean\": 0.04404528247444412, \"grad_norm\": 1.3005258050622501, \"skipped\": 1, \"elapsed_s\": 344.5}\n"}
,{"stream_name":"stdout","time":15660.697130311,"data":"  {\"round\": 29, \"clients_done\": 55, \"of\": 100, \"lr\": 0.00039485213769162444, \"ce_mean\": 0.052745266394181686, \"grad_norm\": 1.5058585080233486, \"skipped\": 2, \"elapsed_s\": 369.0}\n"}
,{"stream_name":"stdout","time":15678.522970904,"data":"  {\"round\": 29, \"clients_done\": 60, \"of\": 100, \"lr\": 0.00039485213769162444, \"ce_mean\": 0.06432430624702137, \"grad_norm\": 1.4811187278730937, \"skipped\": 0, \"elapsed_s\": 386.9}\n"}
,{"stream_name":"stdout","time":15701.406382274,"data":"  {\"round\": 29, \"clients_done\": 65, \"of\": 100, \"lr\": 0.00039485213769162444, \"ce_mean\": 0.07802581183995183, \"grad_norm\": 1.5220463809288538, \"skipped\": 1, \"elapsed_s\": 409.7}\n"}
,{"stream_name":"stdout","time":15716.739539477,"data":"  {\"round\": 29, \"clients_done\": 70, \"of\": 100, \"lr\": 0.00039485213769162444, \"ce_mean\": 0.09609682697895144, \"grad_norm\": 2.1400753809400825, \"skipped\": 1, \"elapsed_s\": 425.1}\n"}
,{"stream_name":"stdout","time":15737.076701131,"data":"  {\"round\": 29, \"clients_done\": 75, \"of\": 100, \"lr\": 0.00039485213769162444, \"ce_mean\": 0.0629510682086275, \"grad_norm\": 1.616273895455952, \"skipped\": 1, \"elapsed_s\": 445.4}\n"}
,{"stream_name":"stdout","time":15749.788385043,"data":"  {\"round\": 29, \"clients_done\": 80, \"of\": 100, \"lr\": 0.00039485213769162444, \"ce_mean\": 0.08057673527644231, \"grad_norm\": 1.7637918325570914, \"skipped\": 2, \"elapsed_s\": 458.1}\n"}
,{"stream_name":"stdout","time":15767.127130378,"data":"  {\"round\": 29, \"clients_done\": 85, \"of\": 100, \"lr\": 0.00039485213769162444, \"ce_mean\": 0.08295979839329005, \"grad_norm\": 1.6583814955416445, \"skipped\": 1, \"elapsed_s\": 475.4}\n"}
,{"stream_name":"stdout","time":15777.769871246,"data":"  {\"round\": 29, \"clients_done\": 90, \"of\": 100, \"lr\": 0.00039485213769162444, \"ce_mean\": 0.07752598918649699, \"grad_norm\": 1.6629637234062131, \"skipped\": 1, \"elapsed_s\": 486.1}\n"}
,{"stream_name":"stdout","time":15791.170093066,"data":"  {\"round\": 29, \"clients_done\": 95, \"of\": 100, \"lr\": 0.00039485213769162444, \"ce_mean\": 0.08483519087830553, \"grad_norm\": 1.8109286816714314, \"skipped\": 1, \"elapsed_s\": 499.5}\n"}
,{"stream_name":"stdout","time":15797.57172966,"data":"  {\"round\": 29, \"clients_done\": 100, \"of\": 100, \"lr\": 0.00039485213769162444, \"ce_mean\": 0.10143972865721491, \"grad_norm\": 1.8494338443000446, \"skipped\": 2, \"elapsed_s\": 505.9}\n"}
,{"stream_name":"stdout","time":15811.979685823,"data":"  {\"round\": 29, \"completed\": true, \"accuracy\": 0.672088, \"precision_macro\": 0.666185, \"precision_micro\": 0.672088, \"precision_weighted\": 0.727175, \"recall_macro\": 0.718352, \"recall_micro\": 0.672088, \"recall_weighted\": 0.672088, \"f1_macro\": 0.666959, \"f1_micro\": 0.672088, \"f1_weighted\": 0.656109, \"train_s\": 505.9, \"aggregate_s\": 0.1, \"eval_s\": 14.3, \"round_s\": 520.3, \"commit_s\": 0.0, \"worst_round_s\": 664.4}\n"}
,{"stream_name":"stdout","time":15874.550517169,"data":"  {\"round\": 30, \"clients_done\": 5, \"of\": 100, \"lr\": 0.00036415884461763896, \"ce_mean\": 0.04667084884310974, \"grad_norm\": 1.4739977818039813, \"skipped\": 1, \"elapsed_s\": 62.5}\n"}
,{"stream_name":"stdout","time":15918.642232702,"data":"  {\"round\": 30, \"clients_done\": 10, \"of\": 100, \"lr\": 0.00036415884461763896, \"ce_mean\": 0.04324940397539211, \"grad_norm\": 1.437282416656727, \"skipped\": 2, \"elapsed_s\": 106.6}\n"}
,{"stream_name":"stdout","time":15956.917464799,"data":"  {\"round\": 30, \"clients_done\": 15, \"of\": 100, \"lr\": 0.00036415884461763896, \"ce_mean\": 0.03735175899745851, \"grad_norm\": 1.0822141840904533, \"skipped\": 1, \"elapsed_s\": 144.9}\n"}
,{"stream_name":"stdout","time":15991.772081297,"data":"  {\"round\": 30, \"clients_done\": 20, \"of\": 100, \"lr\": 0.00036415884461763896, \"ce_mean\": 0.03463562876589385, \"grad_norm\": 0.8121110004076698, \"skipped\": 1, \"elapsed_s\": 179.7}\n"}
,{"stream_name":"stdout","time":16025.243731038,"data":"  {\"round\": 30, \"clients_done\": 25, \"of\": 100, \"lr\": 0.00036415884461763896, \"ce_mean\": 0.06793845884720967, \"grad_norm\": 1.8049299317545497, \"skipped\": 2, \"elapsed_s\": 213.2}\n"}
,{"stream_name":"stdout","time":16055.466694534,"data":"  {\"round\": 30, \"clients_done\": 30, \"of\": 100, \"lr\": 0.00036415884461763896, \"ce_mean\": 0.07377592062648339, \"grad_norm\": 1.9897455992879747, \"skipped\": 2, \"elapsed_s\": 243.4}\n"}
,{"stream_name":"stdout","time":16083.648575653,"data":"  {\"round\": 30, \"clients_done\": 35, \"of\": 100, \"lr\": 0.00036415884461763896, \"ce_mean\": 0.09264012162219765, \"grad_norm\": 2.269784134329533, \"skipped\": 2, \"elapsed_s\": 271.7}\n"}
,{"stream_name":"stdout","time":16109.370514199,"data":"  {\"round\": 30, \"clients_done\": 40, \"of\": 100, \"lr\": 0.00036415884461763896, \"ce_mean\": 0.059298952164188505, \"grad_norm\": 1.6456086189516128, \"skipped\": 2, \"elapsed_s\": 297.4}\n"}
,{"stream_name":"stdout","time":16134.854923218,"data":"  {\"round\": 30, \"clients_done\": 45, \"of\": 100, \"lr\": 0.00036415884461763896, \"ce_mean\": 0.06786861613955306, \"grad_norm\": 1.7108882037803326, \"skipped\": 2, \"elapsed_s\": 322.9}\n"}
,{"stream_name":"stdout","time":16157.281428524,"data":"  {\"round\": 30, \"clients_done\": 50, \"of\": 100, \"lr\": 0.00036415884461763896, \"ce_mean\": 0.04266084145293255, \"grad_norm\": 1.3107055989149883, \"skipped\": 0, \"elapsed_s\": 345.3}\n"}
,{"stream_name":"stdout","time":16178.850920297,"data":"  {\"round\": 30, \"clients_done\": 55, \"of\": 100, \"lr\": 0.00036415884461763896, \"ce_mean\": 0.05165527625517412, \"grad_norm\": 1.536820498379794, \"skipped\": 2, \"elapsed_s\": 366.9}\n"}
,{"stream_name":"stdout","time":16199.63135799,"data":"  {\"round\": 30, \"clients_done\": 60, \"of\": 100, \"lr\": 0.00036415884461763896, \"ce_mean\": 0.06378612407418184, \"grad_norm\": 1.5231954885083576, \"skipped\": 1, \"elapsed_s\": 387.6}\n"}
,{"stream_name":"stdout","time":16219.416586713,"data":"  {\"round\": 30, \"clients_done\": 65, \"of\": 100, \"lr\": 0.00036415884461763896, \"ce_mean\": 0.07733035483379137, \"grad_norm\": 1.5594406188241108, \"skipped\": 1, \"elapsed_s\": 407.4}\n"}
,{"stream_name":"stdout","time":16237.999845532,"data":"  {\"round\": 30, \"clients_done\": 70, \"of\": 100, \"lr\": 0.00036415884461763896, \"ce_mean\": 0.0948525988365993, \"grad_norm\": 2.1436719153538224, \"skipped\": 1, \"elapsed_s\": 426.0}\n"}
,{"stream_name":"stdout","time":16255.259546545,"data":"  {\"round\": 30, \"clients_done\": 75, \"of\": 100, \"lr\": 0.00036415884461763896, \"ce_mean\": 0.06171584107873678, \"grad_norm\": 1.607163450720072, \"skipped\": 1, \"elapsed_s\": 443.3}\n"}
,{"stream_name":"stdout","time":16271.249870605,"data":"  {\"round\": 30, \"clients_done\": 80, \"of\": 100, \"lr\": 0.00036415884461763896, \"ce_mean\": 0.06237873316962938, \"grad_norm\": 1.4731262501887077, \"skipped\": 1, \"elapsed_s\": 459.2}\n"}
,{"stream_name":"stdout","time":16285.359752798,"data":"  {\"round\": 30, \"clients_done\": 85, \"of\": 100, \"lr\": 0.00036415884461763896, \"ce_mean\": 0.0814230875305111, \"grad_norm\": 1.708903946101222, \"skipped\": 1, \"elapsed_s\": 473.4}\n"}
,{"stream_name":"stdout","time":16298.789772168,"data":"  {\"round\": 30, \"clients_done\": 90, \"of\": 100, \"lr\": 0.00036415884461763896, \"ce_mean\": 0.13283353213284593, \"grad_norm\": 2.605954345106204, \"skipped\": 2, \"elapsed_s\": 486.8}\n"}
,{"stream_name":"stdout","time":16309.177879836,"data":"  {\"round\": 30, \"clients_done\": 95, \"of\": 100, \"lr\": 0.00036415884461763896, \"ce_mean\": 0.0707594944880559, \"grad_norm\": 1.61966064453125, \"skipped\": 1, \"elapsed_s\": 497.2}\n"}
,{"stream_name":"stdout","time":16317.584540344,"data":"  {\"round\": 30, \"clients_done\": 100, \"of\": 100, \"lr\": 0.00036415884461763896, \"ce_mean\": 0.11304496845025666, \"grad_norm\": 2.1269567998916066, \"skipped\": 2, \"elapsed_s\": 505.6}\n"}
,{"stream_name":"stdout","time":16332.065568499,"data":"  {\"round\": 30, \"completed\": true, \"accuracy\": 0.670267, \"precision_macro\": 0.662998, \"precision_micro\": 0.670267, \"precision_weighted\": 0.726509, \"recall_macro\": 0.719718, \"recall_micro\": 0.670267, \"recall_weighted\": 0.670267, \"f1_macro\": 0.665979, \"f1_micro\": 0.670267, \"f1_weighted\": 0.653898, \"train_s\": 505.6, \"aggregate_s\": 0.1, \"eval_s\": 14.3, \"round_s\": 520.1, \"commit_s\": 0.0, \"worst_round_s\": 664.4}\n"}
,{"stream_name":"stdout","time":16396.123935181,"data":"  {\"round\": 31, \"clients_done\": 5, \"of\": 100, \"lr\": 0.00033404429806145283, \"ce_mean\": 0.04490317854770394, \"grad_norm\": 1.4795205759447674, \"skipped\": 2, \"elapsed_s\": 64.0}\n"}
,{"stream_name":"stdout","time":16438.924975776,"data":"  {\"round\": 31, \"clients_done\": 10, \"of\": 100, \"lr\": 0.00033404429806145283, \"ce_mean\": 0.04204183971608868, \"grad_norm\": 1.4254598602993798, \"skipped\": 2, \"elapsed_s\": 106.8}\n"}
,{"stream_name":"stdout","time":16477.953006215,"data":"  {\"round\": 31, \"clients_done\": 15, \"of\": 100, \"lr\": 0.00033404429806145283, \"ce_mean\": 0.036159256783250916, \"grad_norm\": 1.0978612184428902, \"skipped\": 1, \"elapsed_s\": 145.8}\n"}
,{"stream_name":"stdout","time":16511.701732265,"data":"  {\"round\": 31, \"clients_done\": 20, \"of\": 100, \"lr\": 0.00033404429806145283, \"ce_mean\": 0.03371180047234185, \"grad_norm\": 0.8260714304532936, \"skipped\": 0, \"elapsed_s\": 179.6}\n"}
,{"stream_name":"stdout","time":16545.85169141,"data":"  {\"round\": 31, \"clients_done\": 25, \"of\": 100, \"lr\": 0.00033404429806145283, \"ce_mean\": 0.06673621152307294, \"grad_norm\": 1.8467504347366426, \"skipped\": 2, \"elapsed_s\": 213.7}\n"}
,{"stream_name":"stdout","time":16574.064864126,"data":"  {\"round\": 31, \"clients_done\": 30, \"of\": 100, \"lr\": 0.00033404429806145283, \"ce_mean\": 0.07239177462420886, \"grad_norm\": 2.0077761570411394, \"skipped\": 2, \"elapsed_s\": 242.0}\n"}
,{"stream_name":"stdout","time":16604.144760967,"data":"  {\"round\": 31, \"clients_done\": 35, \"of\": 100, \"lr\": 0.00033404429806145283, \"ce_mean\": 0.0914586968574033, \"grad_norm\": 2.2900598287982654, \"skipped\": 2, \"elapsed_s\": 272.0}\n"}
,{"stream_name":"stdout","time":16627.258483889,"data":"  {\"round\": 31, \"clients_done\": 40, \"of\": 100, \"lr\": 0.00033404429806145283, \"ce_mean\": 0.05771666943502566, \"grad_norm\": 1.6387145459127566, \"skipped\": 2, \"elapsed_s\": 295.2}\n"}
,{"stream_name":"stdout","time":16655.109160924,"data":"  {\"round\": 31, \"clients_done\": 45, \"of\": 100, \"lr\": 0.00033404429806145283, \"ce_mean\": 0.06452869712235684, \"grad_norm\": 1.7263323938061377, \"skipped\": 1, \"elapsed_s\": 323.0}\n"}
,{"stream_name":"stdout","time":16675.110975117,"data":"  {\"round\": 31, \"clients_done\": 50, \"of\": 100, \"lr\": 0.00033404429806145283, \"ce_mean\": 0.04143390071376186, \"grad_norm\": 1.3264061817316495, \"skipped\": 0, \"elapsed_s\": 343.0}\n"}
,{"stream_name":"stdout","time":16699.324321604,"data":"  {\"round\": 31, \"clients_done\": 55, \"of\": 100, \"lr\": 0.00033404429806145283, \"ce_mean\": 0.0514733303676952, \"grad_norm\": 1.5474130457097834, \"skipped\": 2, \"elapsed_s\": 367.2}\n"}
,{"stream_name":"stdout","time":16717.663328917,"data":"  {\"round\": 31, \"clients_done\": 60, \"of\": 100, \"lr\": 0.00033404429806145283, \"ce_mean\": 0.06194889268209768, \"grad_norm\": 1.5254919362622639, \"skipped\": 1, \"elapsed_s\": 385.6}\n"}
,{"stream_name":"stdout","time":16739.926254206,"data":"  {\"round\": 31, \"clients_done\": 65, \"of\": 100, \"lr\": 0.00033404429806145283, \"ce_mean\": 0.07466062764405262, \"grad_norm\": 1.5932962651309288, \"skipped\": 1, \"elapsed_s\": 407.8}\n"}
,{"stream_name":"stdout","time":16755.919589226,"data":"  {\"round\": 31, \"clients_done\": 70, \"of\": 100, \"lr\": 0.00033404429806145283, \"ce_mean\": 0.09254656240307071, \"grad_norm\": 2.1797995744804592, \"skipped\": 2, \"elapsed_s\": 423.9}\n"}
,{"stream_name":"stdout","time":16775.583545233,"data":"  {\"round\": 31, \"clients_done\": 75, \"of\": 100, \"lr\": 0.00033404429806145283, \"ce_mean\": 0.06164902378909766, \"grad_norm\": 1.6212526281925068, \"skipped\": 1, \"elapsed_s\": 443.5}\n"}
,{"stream_name":"stdout","time":16788.691096568,"data":"  {\"round\": 31, \"clients_done\": 80, \"of\": 100, \"lr\": 0.00033404429806145283, \"ce_mean\": 0.06145582705880133, \"grad_norm\": 1.4775127613602053, \"skipped\": 1, \"elapsed_s\": 456.6}\n"}
,{"stream_name":"stdout","time":16806.316012111,"data":"  {\"round\": 31, \"clients_done\": 85, \"of\": 100, \"lr\": 0.00033404429806145283, \"ce_mean\": 0.07967066992862065, \"grad_norm\": 1.7001248723515543, \"skipped\": 1, \"elapsed_s\": 474.2}\n"}
,{"stream_name":"stdout","time":16817.153144207,"data":"  {\"round\": 31, \"clients_done\": 90, \"of\": 100, \"lr\": 0.00033404429806145283, \"ce_mean\": 0.07791421098529168, \"grad_norm\": 1.7179703622494105, \"skipped\": 2, \"elapsed_s\": 485.1}\n"}
,{"stream_name":"stdout","time":16830.121749774,"data":"  {\"round\": 31, \"clients_done\": 95, \"of\": 100, \"lr\": 0.00033404429806145283, \"ce_mean\": 0.08469819344615484, \"grad_norm\": 1.8626764909162716, \"skipped\": 2, \"elapsed_s\": 498.1}\n"}
,{"stream_name":"stdout","time":16836.434254471,"data":"  {\"round\": 31, \"clients_done\": 100, \"of\": 100, \"lr\": 0.00033404429806145283, \"ce_mean\": 0.0993305379280327, \"grad_norm\": 1.9031259905466886, \"skipped\": 2, \"elapsed_s\": 504.3}\n"}
,{"stream_name":"stdout","time":16850.958180491,"data":"  {\"round\": 31, \"completed\": true, \"accuracy\": 0.672463, \"precision_macro\": 0.661785, \"precision_micro\": 0.672463, \"precision_weighted\": 0.725113, \"recall_macro\": 0.719374, \"recall_micro\": 0.672463, \"recall_weighted\": 0.672463, \"f1_macro\": 0.665467, \"f1_micro\": 0.672463, \"f1_weighted\": 0.656783, \"train_s\": 504.3, \"aggregate_s\": 0.1, \"eval_s\": 14.4, \"round_s\": 518.9, \"commit_s\": 0.0, \"worst_round_s\": 664.4}\n"}
,{"stream_name":"stdout","time":16915.188500028,"data":"  {\"round\": 32, \"clients_done\": 5, \"of\": 100, \"lr\": 0.00030463224515441515, \"ce_mean\": 0.04402499088021212, \"grad_norm\": 1.4960703295330668, \"skipped\": 2, \"elapsed_s\": 64.2}\n"}
,{"stream_name":"stdout","time":16958.691418351,"data":"  {\"round\": 32, \"clients_done\": 10, \"of\": 100, \"lr\": 0.00030463224515441515, \"ce_mean\": 0.041082457214332166, \"grad_norm\": 1.4382481758901298, \"skipped\": 3, \"elapsed_s\": 107.7}\n"}
,{"stream_name":"stdout","time":16998.27963293,"data":"  {\"round\": 32, \"clients_done\": 15, \"of\": 100, \"lr\": 0.00030463224515441515, \"ce_mean\": 0.03489505111382182, \"grad_norm\": 1.112578696913859, \"skipped\": 1, \"elapsed_s\": 147.2}\n"}
,{"stream_name":"stdout","time":17032.234321138,"data":"  {\"round\": 32, \"clients_done\": 20, \"of\": 100, \"lr\": 0.00030463224515441515, \"ce_mean\": 0.03278011402674103, \"grad_norm\": 0.8358154296875, \"skipped\": 1, \"elapsed_s\": 181.2}\n"}
,{"stream_name":"stdout","time":17065.395094264,"data":"  {\"round\": 32, \"clients_done\": 25, \"of\": 100, \"lr\": 0.00030463224515441515, \"ce_mean\": 0.06529239399990522, \"grad_norm\": 1.8637147334708937, \"skipped\": 2, \"elapsed_s\": 214.4}\n"}
,{"stream_name":"stdout","time":17094.482538532,"data":"  {\"round\": 32, \"clients_done\": 30, \"of\": 100, \"lr\": 0.00030463224515441515, \"ce_mean\": 0.07119825145866297, \"grad_norm\": 2.079212816455696, \"skipped\": 2, \"elapsed_s\": 243.5}\n"}
,{"stream_name":"stdout","time":17123.899576877,"data":"  {\"round\": 32, \"clients_done\": 35, \"of\": 100, \"lr\": 0.00030463224515441515, \"ce_mean\": 0.08946363793849678, \"grad_norm\": 2.3125669439878287, \"skipped\": 2, \"elapsed_s\": 272.9}\n"}
,{"stream_name":"stdout","time":17147.984420859,"data":"  {\"round\": 32, \"clients_done\": 40, \"of\": 100, \"lr\": 0.00030463224515441515, \"ce_mean\": 0.057635764001120984, \"grad_norm\": 1.7190388424295775, \"skipped\": 3, \"elapsed_s\": 297.0}\n"}
,{"stream_name":"stdout","time":17175.474026246,"data":"  {\"round\": 32, \"clients_done\": 45, \"of\": 100, \"lr\": 0.00030463224515441515, \"ce_mean\": 0.06399914404589259, \"grad_norm\": 1.7924452364801646, \"skipped\": 1, \"elapsed_s\": 324.5}\n"}
,{"stream_name":"stdout","time":17195.848850607,"data":"  {\"round\": 32, \"clients_done\": 50, \"of\": 100, \"lr\": 0.00030463224515441515, \"ce_mean\": 0.041019749546178014, \"grad_norm\": 1.3309126243134155, \"skipped\": 0, \"elapsed_s\": 344.9}\n"}
,{"stream_name":"stdout","time":17219.774669363,"data":"  {\"round\": 32, \"clients_done\": 55, \"of\": 100, \"lr\": 0.00030463224515441515, \"ce_mean\": 0.05045630173249678, \"grad_norm\": 1.6095922643488103, \"skipped\": 2, \"elapsed_s\": 368.8}\n"}
,{"stream_name":"stdout","time":17238.22542275,"data":"  {\"round\": 32, \"clients_done\": 60, \"of\": 100, \"lr\": 0.00030463224515441515, \"ce_mean\": 0.060440196547397344, \"grad_norm\": 1.5637027829192405, \"skipped\": 1, \"elapsed_s\": 387.3}\n"}
,{"stream_name":"stdout","time":17260.520588307,"data":"  {\"round\": 32, \"clients_done\": 65, \"of\": 100, \"lr\": 0.00030463224515441515, \"ce_mean\": 0.07284096578364316, \"grad_norm\": 1.6062410256608202, \"skipped\": 1, \"elapsed_s\": 409.5}\n"}
,{"stream_name":"stdout","time":17276.500428128,"data":"  {\"round\": 32, \"clients_done\": 70, \"of\": 100, \"lr\": 0.00030463224515441515, \"ce_mean\": 0.09168558933204417, \"grad_norm\": 2.2037027388983663, \"skipped\": 2, \"elapsed_s\": 425.5}\n"}
,{"stream_name":"stdout","time":17296.632653044,"data":"  {\"round\": 32, \"clients_done\": 75, \"of\": 100, \"lr\": 0.00030463224515441515, \"ce_mean\": 0.059309807476108936, \"grad_norm\": 1.6561317752869036, \"skipped\": 1, \"elapsed_s\": 445.6}\n"}
,{"stream_name":"stdout","time":17309.619519801,"data":"  {\"round\": 32, \"clients_done\": 80, \"of\": 100, \"lr\": 0.00030463224515441515, \"ce_mean\": 0.06044563256600053, \"grad_norm\": 1.5313195859752415, \"skipped\": 1, \"elapsed_s\": 458.7}\n"}
,{"stream_name":"stdout","time":17326.945545185,"data":"  {\"round\": 32, \"clients_done\": 85, \"of\": 100, \"lr\": 0.00030463224515441515, \"ce_mean\": 0.07846640932445952, \"grad_norm\": 1.7583018190422424, \"skipped\": 1, \"elapsed_s\": 475.9}\n"}
,{"stream_name":"stdout","time":17337.901930588,"data":"  {\"round\": 32, \"clients_done\": 90, \"of\": 100, \"lr\": 0.00030463224515441515, \"ce_mean\": 0.07594707776915352, \"grad_norm\": 1.755132279306088, \"skipped\": 2, \"elapsed_s\": 486.9}\n"}
,{"stream_name":"stdout","time":17350.913361927,"data":"  {\"round\": 32, \"clients_done\": 95, \"of\": 100, \"lr\": 0.00030463224515441515, \"ce_mean\": 0.0831704124667291, \"grad_norm\": 1.911814403834779, \"skipped\": 1, \"elapsed_s\": 500.0}\n"}
,{"stream_name":"stdout","time":17357.145028706,"data":"  {\"round\": 32, \"clients_done\": 100, \"of\": 100, \"lr\": 0.00030463224515441515, \"ce_mean\": 0.09804732475189719, \"grad_norm\": 1.9304994569473448, \"skipped\": 2, \"elapsed_s\": 506.2}\n"}
,{"stream_name":"stdout","time":17371.676262294,"data":"  {\"round\": 32, \"completed\": true, \"accuracy\": 0.668611, \"precision_macro\": 0.657186, \"precision_micro\": 0.668611, \"precision_weighted\": 0.722768, \"recall_macro\": 0.717501, \"recall_micro\": 0.668611, \"recall_weighted\": 0.668611, \"f1_macro\": 0.660961, \"f1_micro\": 0.668611, \"f1_weighted\": 0.651516, \"train_s\": 506.2, \"aggregate_s\": 0.1, \"eval_s\": 14.4, \"round_s\": 520.7, \"commit_s\": 0.0, \"worst_round_s\": 664.4}\n"}
,{"stream_name":"stdout","time":17434.431734107,"data":"  {\"round\": 33, \"clients_done\": 5, \"of\": 100, \"lr\": 0.00027604354633078667, \"ce_mean\": 0.04352077661558639, \"grad_norm\": 1.535997683502907, \"skipped\": 2, \"elapsed_s\": 62.7}\n"}
,{"stream_name":"stdout","time":17477.851172055,"data":"  {\"round\": 33, \"clients_done\": 10, \"of\": 100, \"lr\": 0.00027604354633078667, \"ce_mean\": 0.03988042872900819, \"grad_norm\": 1.481014782943056, \"skipped\": 1, \"elapsed_s\": 106.1}\n"}
,{"stream_name":"stdout","time":17515.875474427,"data":"  {\"round\": 33, \"clients_done\": 15, \"of\": 100, \"lr\": 0.00027604354633078667, \"ce_mean\": 0.03404368964056389, \"grad_norm\": 1.1114865764766346, \"skipped\": 1, \"elapsed_s\": 144.2}\n"}
,{"stream_name":"stdout","time":17549.219378746,"data":"  {\"round\": 33, \"clients_done\": 20, \"of\": 100, \"lr\": 0.00027604354633078667, \"ce_mean\": 0.03219760922219256, \"grad_norm\": 0.8436110791542547, \"skipped\": 0, \"elapsed_s\": 177.5}\n"}
,{"stream_name":"stdout","time":17583.388862752,"data":"  {\"round\": 33, \"clients_done\": 25, \"of\": 100, \"lr\": 0.00027604354633078667, \"ce_mean\": 0.0646168419094326, \"grad_norm\": 1.8876274133807747, \"skipped\": 2, \"elapsed_s\": 211.7}\n"}
,{"stream_name":"stdout","time":17611.660235277,"data":"  {\"round\": 33, \"clients_done\": 30, \"of\": 100, \"lr\": 0.00027604354633078667, \"ce_mean\": 0.07096319657337817, \"grad_norm\": 2.105135235363924, \"skipped\": 2, \"elapsed_s\": 240.0}\n"}
,{"stream_name":"stdout","time":17641.599044169,"data":"  {\"round\": 33, \"clients_done\": 35, \"of\": 100, \"lr\": 0.00027604354633078667, \"ce_mean\": 0.08970882029391963, \"grad_norm\": 2.4024186179700617, \"skipped\": 2, \"elapsed_s\": 269.9}\n"}
,{"stream_name":"stdout","time":17665.689995408,"data":"  {\"round\": 33, \"clients_done\": 40, \"of\": 100, \"lr\": 0.00027604354633078667, \"ce_mean\": 0.05540175899382561, \"grad_norm\": 1.6882133774743402, \"skipped\": 2, \"elapsed_s\": 294.0}\n"}
,{"stream_name":"stdout","time":17692.875727656,"data":"  {\"round\": 33, \"clients_done\": 45, \"of\": 100, \"lr\": 0.00027604354633078667, \"ce_mean\": 0.0626727241895526, \"grad_norm\": 1.800460605152786, \"skipped\": 2, \"elapsed_s\": 321.2}\n"}
,{"stream_name":"stdout","time":17713.188884755,"data":"  {\"round\": 33, \"clients_done\": 50, \"of\": 100, \"lr\": 0.00027604354633078667, \"ce_mean\": 0.03922502083403769, \"grad_norm\": 1.339125957057257, \"skipped\": 0, \"elapsed_s\": 341.5}\n"}
,{"stream_name":"stdout","time":17737.001489594,"data":"  {\"round\": 33, \"clients_done\": 55, \"of\": 100, \"lr\": 0.00027604354633078667, \"ce_mean\": 0.04926706985993819, \"grad_norm\": 1.6097455458207564, \"skipped\": 2, \"elapsed_s\": 365.3}\n"}
,{"stream_name":"stdout","time":17755.335144709,"data":"  {\"round\": 33, \"clients_done\": 60, \"of\": 100, \"lr\": 0.00027604354633078667, \"ce_mean\": 0.059232990206716365, \"grad_norm\": 1.5933789133419571, \"skipped\": 0, \"elapsed_s\": 383.7}\n"}
,{"stream_name":"stdout","time":17777.188845729,"data":"  {\"round\": 33, \"clients_done\": 65, \"of\": 100, \"lr\": 0.00027604354633078667, \"ce_mean\": 0.07119275119464859, \"grad_norm\": 1.6465260622529645, \"skipped\": 1, \"elapsed_s\": 405.5}\n"}
,{"stream_name":"stdout","time":17793.339585085,"data":"  {\"round\": 33, \"clients_done\": 70, \"of\": 100, \"lr\": 0.00027604354633078667, \"ce_mean\": 0.09097708425214214, \"grad_norm\": 2.264901059437035, \"skipped\": 2, \"elapsed_s\": 421.7}\n"}
,{"stream_name":"stdout","time":17813.27595825,"data":"  {\"round\": 33, \"clients_done\": 75, \"of\": 100, \"lr\": 0.00027604354633078667, \"ce_mean\": 0.05788240338316058, \"grad_norm\": 1.6536720200340347, \"skipped\": 1, \"elapsed_s\": 441.6}\n"}
,{"stream_name":"stdout","time":17826.710130054,"data":"  {\"round\": 33, \"clients_done\": 80, \"of\": 100, \"lr\": 0.00027604354633078667, \"ce_mean\": 0.05977464390261738, \"grad_norm\": 1.5476054168553743, \"skipped\": 1, \"elapsed_s\": 455.0}\n"}
,{"stream_name":"stdout","time":17843.773450337,"data":"  {\"round\": 33, \"clients_done\": 85, \"of\": 100, \"lr\": 0.00027604354633078667, \"ce_mean\": 0.07760937130286513, \"grad_norm\": 1.7605232133368756, \"skipped\": 1, \"elapsed_s\": 472.1}\n"}
,{"stream_name":"stdout","time":17854.490418203,"data":"  {\"round\": 33, \"clients_done\": 90, \"of\": 100, \"lr\": 0.00027604354633078667, \"ce_mean\": 0.13186888939594, \"grad_norm\": 2.768346660586033, \"skipped\": 2, \"elapsed_s\": 482.8}\n"}
,{"stream_name":"stdout","time":17867.489006111,"data":"  {\"round\": 33, \"clients_done\": 95, \"of\": 100, \"lr\": 0.00027604354633078667, \"ce_mean\": 0.0698588151198167, \"grad_norm\": 1.7286196664663462, \"skipped\": 1, \"elapsed_s\": 495.8}\n"}
,{"stream_name":"stdout","time":17874.011196928,"data":"  {\"round\": 33, \"clients_done\": 100, \"of\": 100, \"lr\": 0.00027604354633078667, \"ce_mean\": 0.09733469560208924, \"grad_norm\": 2.0169403877349343, \"skipped\": 2, \"elapsed_s\": 502.3}\n"}
,{"stream_name":"stdout","time":17888.590854685,"data":"  {\"round\": 33, \"completed\": true, \"accuracy\": 0.66375, \"precision_macro\": 0.646145, \"precision_micro\": 0.66375, \"precision_weighted\": 0.717705, \"recall_macro\": 0.713656, \"recall_micro\": 0.66375, \"recall_weighted\": 0.66375, \"f1_macro\": 0.651041, \"f1_micro\": 0.66375, \"f1_weighted\": 0.644105, \"train_s\": 502.3, \"aggregate_s\": 0.1, \"eval_s\": 14.5, \"round_s\": 516.9, \"commit_s\": 0.0, \"worst_round_s\": 664.4}\n"}
,{"stream_name":"stdout","time":17953.015594006,"data":"  {\"round\": 34, \"clients_done\": 5, \"of\": 100, \"lr\": 0.0002483956786862901, \"ce_mean\": 0.04178594101307004, \"grad_norm\": 1.5441680198492005, \"skipped\": 2, \"elapsed_s\": 64.4}\n"}
,{"stream_name":"stdout","time":17998.048604199,"data":"  {\"round\": 34, \"clients_done\": 10, \"of\": 100, \"lr\": 0.0002483956786862901, \"ce_mean\": 0.03947043964881023, \"grad_norm\": 1.478655866084208, \"skipped\": 2, \"elapsed_s\": 109.4}\n"}
,{"stream_name":"stdout","time":18038.142256901,"data":"  {\"round\": 34, \"clients_done\": 15, \"of\": 100, \"lr\": 0.0002483956786862901, \"ce_mean\": 0.03290240811479173, \"grad_norm\": 1.1322697694168673, \"skipped\": 1, \"elapsed_s\": 149.5}\n"}
,{"stream_name":"stdout","time":18073.90958165,"data":"  {\"round\": 34, \"clients_done\": 20, \"of\": 100, \"lr\": 0.0002483956786862901, \"ce_mean\": 0.030884667661240442, \"grad_norm\": 0.8594665390062697, \"skipped\": 1, \"elapsed_s\": 185.3}\n"}
,{"stream_name":"stdout","time":18106.167107468,"data":"  {\"round\": 34, \"clients_done\": 25, \"of\": 100, \"lr\": 0.0002483956786862901, \"ce_mean\": 0.06281940924804232, \"grad_norm\": 1.934272285493467, \"skipped\": 2, \"elapsed_s\": 217.5}\n"}
,{"stream_name":"stdout","time":18137.055770063,"data":"  {\"round\": 34, \"clients_done\": 30, \"of\": 100, \"lr\": 0.0002483956786862901, \"ce_mean\": 0.06887309786639637, \"grad_norm\": 2.1372394185126584, \"skipped\": 2, \"elapsed_s\": 248.4}\n"}
,{"stream_name":"stdout","time":18164.550066294,"data":"  {\"round\": 34, \"clients_done\": 35, \"of\": 100, \"lr\": 0.0002483956786862901, \"ce_mean\": 0.08844785684970884, \"grad_norm\": 2.4519680985940124, \"skipped\": 2, \"elapsed_s\": 276.0}\n"}
,{"stream_name":"stdout","time":18190.639178283,"data":"  {\"round\": 34, \"clients_done\": 40, \"of\": 100, \"lr\": 0.0002483956786862901, \"ce_mean\": 0.05418968760023369, \"grad_norm\": 1.7270632388654692, \"skipped\": 2, \"elapsed_s\": 302.0}\n"}
,{"stream_name":"stdout","time":18215.876676118,"data":"  {\"round\": 34, \"clients_done\": 45, \"of\": 100, \"lr\": 0.0002483956786862901, \"ce_mean\": 0.06204928060432192, \"grad_norm\": 1.8282392443547784, \"skipped\": 2, \"elapsed_s\": 327.3}\n"}
,{"stream_name":"stdout","time":18239.665946822,"data":"  {\"round\": 34, \"clients_done\": 50, \"of\": 100, \"lr\": 0.0002483956786862901, \"ce_mean\": 0.038627644829680216, \"grad_norm\": 1.3994699775299602, \"skipped\": 0, \"elapsed_s\": 351.0}\n"}
,{"stream_name":"stdout","time":18260.888744774,"data":"  {\"round\": 34, \"clients_done\": 55, \"of\": 100, \"lr\": 0.0002483956786862901, \"ce_mean\": 0.04934206875887784, \"grad_norm\": 1.6608207009055398, \"skipped\": 2, \"elapsed_s\": 372.3}\n"}
,{"stream_name":"stdout","time":18282.51719578,"data":"  {\"round\": 34, \"clients_done\": 60, \"of\": 100, \"lr\": 0.0002483956786862901, \"ce_mean\": 0.05789361443630485, \"grad_norm\": 1.6073711306549783, \"skipped\": 1, \"elapsed_s\": 393.9}\n"}
,{"stream_name":"stdout","time":18301.572674745,"data":"  {\"round\": 34, \"clients_done\": 65, \"of\": 100, \"lr\": 0.0002483956786862901, \"ce_mean\": 0.07053048356248456, \"grad_norm\": 1.6719880959733202, \"skipped\": 1, \"elapsed_s\": 413.0}\n"}
,{"stream_name":"stdout","time":18320.881185695,"data":"  {\"round\": 34, \"clients_done\": 70, \"of\": 100, \"lr\": 0.0002483956786862901, \"ce_mean\": 0.09015159291669357, \"grad_norm\": 2.3021425861957643, \"skipped\": 1, \"elapsed_s\": 432.2}\n"}
,{"stream_name":"stdout","time":18337.274832694,"data":"  {\"round\": 34, \"clients_done\": 75, \"of\": 100, \"lr\": 0.0002483956786862901, \"ce_mean\": 0.0572024361707411, \"grad_norm\": 1.6945383259029028, \"skipped\": 1, \"elapsed_s\": 448.7}\n"}
,{"stream_name":"stdout","time":18354.967393118,"data":"  {\"round\": 34, \"clients_done\": 80, \"of\": 100, \"lr\": 0.0002483956786862901, \"ce_mean\": 0.058684798281165164, \"grad_norm\": 1.5477091078592544, \"skipped\": 0, \"elapsed_s\": 466.3}\n"}
,{"stream_name":"stdout","time":18368.455101417,"data":"  {\"round\": 34, \"clients_done\": 85, \"of\": 100, \"lr\": 0.0002483956786862901, \"ce_mean\": 0.07791521191977036, \"grad_norm\": 1.8240971985836212, \"skipped\": 1, \"elapsed_s\": 479.9}\n"}
,{"stream_name":"stdout","time":18383.084930733,"data":"  {\"round\": 34, \"clients_done\": 90, \"of\": 100, \"lr\": 0.0002483956786862901, \"ce_mean\": 0.13294083798135697, \"grad_norm\": 2.9051853916755808, \"skipped\": 2, \"elapsed_s\": 494.5}\n"}
,{"stream_name":"stdout","time":18392.358033988,"data":"  {\"round\": 34, \"clients_done\": 95, \"of\": 100, \"lr\": 0.0002483956786862901, \"ce_mean\": 0.07106229341947115, \"grad_norm\": 1.81491943359375, \"skipped\": 1, \"elapsed_s\": 503.7}\n"}
,{"stream_name":"stdout","time":18401.231301162,"data":"  {\"round\": 34, \"clients_done\": 100, \"of\": 100, \"lr\": 0.0002483956786862901, \"ce_mean\": 0.11753025354515195, \"grad_norm\": 2.330416694361502, \"skipped\": 2, \"elapsed_s\": 512.6}\n"}
,{"stream_name":"stdout","time":18415.635978152,"data":"  {\"round\": 34, \"completed\": true, \"accuracy\": 0.668154, \"precision_macro\": 0.651629, \"precision_micro\": 0.668154, \"precision_weighted\": 0.721253, \"recall_macro\": 0.719437, \"recall_micro\": 0.668154, \"recall_weighted\": 0.668154, \"f1_macro\": 0.658393, \"f1_micro\": 0.668154, \"f1_weighted\": 0.650286, \"train_s\": 512.6, \"aggregate_s\": 0.1, \"eval_s\": 14.3, \"round_s\": 527.0, \"commit_s\": 0.0, \"worst_round_s\": 664.4}\n"}
,{"stream_name":"stdout","time":18478.607668622,"data":"  {\"round\": 35, \"clients_done\": 5, \"of\": 100, \"lr\": 0.00022180225323952595, \"ce_mean\": 0.041100896790970204, \"grad_norm\": 1.5782879496729652, \"skipped\": 2, \"elapsed_s\": 62.9}\n"}
,{"stream_name":"stdout","time":18522.115219976,"data":"  {\"round\": 35, \"clients_done\": 10, \"of\": 100, \"lr\": 0.00022180225323952595, \"ce_mean\": 0.038349917462763894, \"grad_norm\": 1.540875383915792, \"skipped\": 2, \"elapsed_s\": 106.4}\n"}
,{"stream_name":"stdout","time":18562.107101616,"data":"  {\"round\": 35, \"clients_done\": 15, \"of\": 100, \"lr\": 0.00022180225323952595, \"ce_mean\": 0.032132811569287344, \"grad_norm\": 1.1443911532529094, \"skipped\": 2, \"elapsed_s\": 146.4}\n"}
,{"stream_name":"stdout","time":18595.706438723,"data":"  {\"round\": 35, \"clients_done\": 20, \"of\": 100, \"lr\": 0.00022180225323952595, \"ce_mean\": 0.030483535855834246, \"grad_norm\": 0.8664087320414418, \"skipped\": 1, \"elapsed_s\": 180.0}\n"}
,{"stream_name":"stdout","time":18630.456954038,"data":"  {\"round\": 35, \"clients_done\": 25, \"of\": 100, \"lr\": 0.00022180225323952595, \"ce_mean\": 0.06264944784117257, \"grad_norm\": 1.9867594439016565, \"skipped\": 2, \"elapsed_s\": 214.8}\n"}
,{"stream_name":"stdout","time":18658.975266715,"data":"  {\"round\": 35, \"clients_done\": 30, \"of\": 100, \"lr\": 0.00022180225323952595, \"ce_mean\": 0.06857076524179193, \"grad_norm\": 2.1535255142405063, \"skipped\": 2, \"elapsed_s\": 243.3}\n"}
,{"stream_name":"stdout","time":18688.511352052,"data":"  {\"round\": 35, \"clients_done\": 35, \"of\": 100, \"lr\": 0.00022180225323952595, \"ce_mean\": 0.08775923034633813, \"grad_norm\": 2.538064897960968, \"skipped\": 2, \"elapsed_s\": 272.8}\n"}
,{"stream_name":"stdout","time":18712.044028915,"data":"  {\"round\": 35, \"clients_done\": 40, \"of\": 100, \"lr\": 0.00022180225323952595, \"ce_mean\": 0.054974709787676414, \"grad_norm\": 1.7815521329728738, \"skipped\": 2, \"elapsed_s\": 296.4}\n"}
,{"stream_name":"stdout","time":18740.172362652,"data":"  {\"round\": 35, \"clients_done\": 45, \"of\": 100, \"lr\": 0.00022180225323952595, \"ce_mean\": 0.061061820275344986, \"grad_norm\": 1.8352533503875823, \"skipped\": 2, \"elapsed_s\": 324.5}\n"}
,{"stream_name":"stdout","time":18761.045571792,"data":"  {\"round\": 35, \"clients_done\": 50, \"of\": 100, \"lr\": 0.00022180225323952595, \"ce_mean\": 0.0378104792771422, \"grad_norm\": 1.3839585955704894, \"skipped\": 0, \"elapsed_s\": 345.4}\n"}
,{"stream_name":"stdout","time":18785.442852781,"data":"  {\"round\": 35, \"clients_done\": 55, \"of\": 100, \"lr\": 0.00022180225323952595, \"ce_mean\": 0.047913909890419555, \"grad_norm\": 1.671420034315032, \"skipped\": 3, \"elapsed_s\": 369.8}\n"}
,{"stream_name":"stdout","time":18803.693505461,"data":"  {\"round\": 35, \"clients_done\": 60, \"of\": 100, \"lr\": 0.00022180225323952595, \"ce_mean\": 0.05826086980646307, \"grad_norm\": 1.6750884232954546, \"skipped\": 2, \"elapsed_s\": 388.1}\n"}
,{"stream_name":"stdout","time":18825.768659823,"data":"  {\"round\": 35, \"clients_done\": 65, \"of\": 100, \"lr\": 0.00022180225323952595, \"ce_mean\": 0.06908080813441823, \"grad_norm\": 1.7077428282485179, \"skipped\": 1, \"elapsed_s\": 410.1}\n"}
,{"stream_name":"stdout","time":18842.18384189,"data":"  {\"round\": 35, \"clients_done\": 70, \"of\": 100, \"lr\": 0.00022180225323952595, \"ce_mean\": 0.09007675549215521, \"grad_norm\": 2.3646964585485537, \"skipped\": 1, \"elapsed_s\": 426.5}\n"}
,{"stream_name":"stdout","time":18862.073883629,"data":"  {\"round\": 35, \"clients_done\": 75, \"of\": 100, \"lr\": 0.00022180225323952595, \"ce_mean\": 0.05682590735269816, \"grad_norm\": 1.7068934676670793, \"skipped\": 1, \"elapsed_s\": 446.4}\n"}
,{"stream_name":"stdout","time":18876.182656368,"data":"  {\"round\": 35, \"clients_done\": 80, \"of\": 100, \"lr\": 0.00022180225323952595, \"ce_mean\": 0.05832428863083107, \"grad_norm\": 1.6065910892210145, \"skipped\": 1, \"elapsed_s\": 460.5}\n"}
,{"stream_name":"stdout","time":18894.013809373,"data":"  {\"round\": 35, \"clients_done\": 85, \"of\": 100, \"lr\": 0.00022180225323952595, \"ce_mean\": 0.07657454649776252, \"grad_norm\": 1.86127390035534, \"skipped\": 1, \"elapsed_s\": 478.3}\n"}
,{"stream_name":"stdout","time":18905.108356381,"data":"  {\"round\": 35, \"clients_done\": 90, \"of\": 100, \"lr\": 0.00022180225323952595, \"ce_mean\": 0.13593139275361973, \"grad_norm\": 3.0099509689219133, \"skipped\": 2, \"elapsed_s\": 489.5}\n"}
,{"stream_name":"stdout","time":18918.385657751,"data":"  {\"round\": 35, \"clients_done\": 95, \"of\": 100, \"lr\": 0.00022180225323952595, \"ce_mean\": 0.086617966179592, \"grad_norm\": 2.058595482859326, \"skipped\": 1, \"elapsed_s\": 502.7}\n"}
,{"stream_name":"stdout","time":18924.84934621,"data":"  {\"round\": 35, \"clients_done\": 100, \"of\": 100, \"lr\": 0.00022180225323952595, \"ce_mean\": 0.09925127598437034, \"grad_norm\": 2.116783997893049, \"skipped\": 2, \"elapsed_s\": 509.1}\n"}
,{"stream_name":"stdout","time":18939.262931638,"data":"  {\"round\": 35, \"completed\": true, \"accuracy\": 0.669029, \"precision_macro\": 0.65257, \"precision_micro\": 0.669029, \"precision_weighted\": 0.721107, \"recall_macro\": 0.720622, \"recall_micro\": 0.669029, \"recall_weighted\": 0.669029, \"f1_macro\": 0.660739, \"f1_micro\": 0.669029, \"f1_weighted\": 0.651424, \"train_s\": 509.1, \"aggregate_s\": 0.1, \"eval_s\": 14.3, \"round_s\": 523.6, \"commit_s\": 0.0, \"worst_round_s\": 664.4}\n"}
,{"stream_name":"stdout","time":19003.694288029,"data":"  {\"round\": 36, \"clients_done\": 5, \"of\": 100, \"lr\": 0.00019637254807992693, \"ce_mean\": 0.04103122090184411, \"grad_norm\": 1.6397266476653343, \"skipped\": 2, \"elapsed_s\": 64.4}\n"}
,{"stream_name":"stdout","time":19050.900790224,"data":"  {\"round\": 36, \"clients_done\": 10, \"of\": 100, \"lr\": 0.00019637254807992693, \"ce_mean\": 0.037537867422322284, \"grad_norm\": 1.5305031346910782, \"skipped\": 2, \"elapsed_s\": 111.6}\n"}
,{"stream_name":"stdout","time":19089.56946594,"data":"  {\"round\": 36, \"clients_done\": 15, \"of\": 100, \"lr\": 0.00019637254807992693, \"ce_mean\": 0.031191443708399144, \"grad_norm\": 1.171998294443191, \"skipped\": 1, \"elapsed_s\": 150.3}\n"}
,{"stream_name":"stdout","time":19125.67248805,"data":"  {\"round\": 36, \"clients_done\": 20, \"of\": 100, \"lr\": 0.00019637254807992693, \"ce_mean\": 0.02967392969474518, \"grad_norm\": 0.8895669292202957, \"skipped\": 0, \"elapsed_s\": 186.4}\n"}
,{"stream_name":"stdout","time":19158.252792297,"data":"  {\"round\": 36, \"clients_done\": 25, \"of\": 100, \"lr\": 0.00019637254807992693, \"ce_mean\": 0.061797604402870535, \"grad_norm\": 2.0505575018957067, \"skipped\": 2, \"elapsed_s\": 218.9}\n"}
,{"stream_name":"stdout","time":19190.020886416,"data":"  {\"round\": 36, \"clients_done\": 30, \"of\": 100, \"lr\": 0.00019637254807992693, \"ce_mean\": 0.06841945213607595, \"grad_norm\": 2.225856655458861, \"skipped\": 2, \"elapsed_s\": 250.7}\n"}
,{"stream_name":"stdout","time":19218.285315774,"data":"  {\"round\": 36, \"clients_done\": 35, \"of\": 100, \"lr\": 0.00019637254807992693, \"ce_mean\": 0.08930877019522507, \"grad_norm\": 2.5580803305994686, \"skipped\": 2, \"elapsed_s\": 279.0}\n"}
,{"stream_name":"stdout","time":19246.724100991,"data":"  {\"round\": 36, \"clients_done\": 40, \"of\": 100, \"lr\": 0.00019637254807992693, \"ce_mean\": 0.053499677104334675, \"grad_norm\": 1.8034080885722141, \"skipped\": 2, \"elapsed_s\": 307.4}\n"}
,{"stream_name":"stdout","time":19272.714749421,"data":"  {\"round\": 36, \"clients_done\": 45, \"of\": 100, \"lr\": 0.00019637254807992693, \"ce_mean\": 0.06070444255531905, \"grad_norm\": 1.89232535904753, \"skipped\": 1, \"elapsed_s\": 333.5}\n"}
,{"stream_name":"stdout","time":19297.985327972,"data":"  {\"round\": 36, \"clients_done\": 50, \"of\": 100, \"lr\": 0.00019637254807992693, \"ce_mean\": 0.03756966571833259, \"grad_norm\": 1.4386829929885152, \"skipped\": 0, \"elapsed_s\": 358.7}\n"}
,{"stream_name":"stdout","time":19318.638329729,"data":"  {\"round\": 36, \"clients_done\": 55, \"of\": 100, \"lr\": 0.00019637254807992693, \"ce_mean\": 0.04997064850547097, \"grad_norm\": 1.7185769514604048, \"skipped\": 2, \"elapsed_s\": 379.4}\n"}
,{"stream_name":"stdout","time":19341.722381124,"data":"  {\"round\": 36, \"clients_done\": 60, \"of\": 100, \"lr\": 0.00019637254807992693, \"ce_mean\": 0.057459050958806816, \"grad_norm\": 1.7079241832386363, \"skipped\": 2, \"elapsed_s\": 402.4}\n"}
,{"stream_name":"stdout","time":19360.139834254,"data":"  {\"round\": 36, \"clients_done\": 65, \"of\": 100, \"lr\": 0.00019637254807992693, \"ce_mean\": 0.06865709025869256, \"grad_norm\": 1.7578891196269764, \"skipped\": 1, \"elapsed_s\": 420.9}\n"}
,{"stream_name":"stdout","time":19381.422717249,"data":"  {\"round\": 36, \"clients_done\": 70, \"of\": 100, \"lr\": 0.00019637254807992693, \"ce_mean\": 0.09012960934067088, \"grad_norm\": 2.4146182278742763, \"skipped\": 2, \"elapsed_s\": 442.1}\n"}
,{"stream_name":"stdout","time":19397.458772929,"data":"  {\"round\": 36, \"clients_done\": 75, \"of\": 100, \"lr\": 0.00019637254807992693, \"ce_mean\": 0.05603367610625809, \"grad_norm\": 1.758903990985036, \"skipped\": 1, \"elapsed_s\": 458.2}\n"}
,{"stream_name":"stdout","time":19416.461007774,"data":"  {\"round\": 36, \"clients_done\": 80, \"of\": 100, \"lr\": 0.00019637254807992693, \"ce_mean\": 0.058510497457163343, \"grad_norm\": 1.6315314104015701, \"skipped\": 1, \"elapsed_s\": 477.2}\n"}
,{"stream_name":"stdout","time":19429.211255663,"data":"  {\"round\": 36, \"clients_done\": 85, \"of\": 100, \"lr\": 0.00019637254807992693, \"ce_mean\": 0.076706727176873, \"grad_norm\": 1.9303837288705499, \"skipped\": 1, \"elapsed_s\": 489.9}\n"}
,{"stream_name":"stdout","time":19445.699150165,"data":"  {\"round\": 36, \"clients_done\": 90, \"of\": 100, \"lr\": 0.00019637254807992693, \"ce_mean\": 0.13745283206109604, \"grad_norm\": 3.11555313073044, \"skipped\": 2, \"elapsed_s\": 506.4}\n"}
,{"stream_name":"stdout","time":19455.43255347,"data":"  {\"round\": 36, \"clients_done\": 95, \"of\": 100, \"lr\": 0.00019637254807992693, \"ce_mean\": 0.07361321009828758, \"grad_norm\": 1.63736352303989, \"skipped\": 0, \"elapsed_s\": 516.1}\n"}
,{"stream_name":"stdout","time":19464.210900581,"data":"  {\"round\": 36, \"clients_done\": 100, \"of\": 100, \"lr\": 0.00019637254807992693, \"ce_mean\": 0.12417815801665538, \"grad_norm\": 2.5599265912073492, \"skipped\": 3, \"elapsed_s\": 524.9}\n"}
,{"stream_name":"stdout","time":19478.780406828,"data":"  {\"round\": 36, \"completed\": true, \"accuracy\": 0.669204, \"precision_macro\": 0.650416, \"precision_micro\": 0.669204, \"precision_weighted\": 0.719579, \"recall_macro\": 0.719508, \"recall_micro\": 0.669204, \"recall_weighted\": 0.669204, \"f1_macro\": 0.658633, \"f1_micro\": 0.669204, \"f1_weighted\": 0.651971, \"train_s\": 524.9, \"aggregate_s\": 0.1, \"eval_s\": 14.4, \"round_s\": 539.5, \"commit_s\": 0.0, \"worst_round_s\": 664.4}\n"}
,{"stream_name":"stdout","time":19543.869719383,"data":"  {\"round\": 37, \"clients_done\": 5, \"of\": 100, \"lr\": 0.00017221105932064813, \"ce_mean\": 0.040375390163687776, \"grad_norm\": 1.6820928529251453, \"skipped\": 2, \"elapsed_s\": 65.0}\n"}
,{"stream_name":"stdout","time":19590.590451593,"data":"  {\"round\": 37, \"clients_done\": 10, \"of\": 100, \"lr\": 0.00017221105932064813, \"ce_mean\": 0.03719129198380099, \"grad_norm\": 1.5798132976502863, \"skipped\": 2, \"elapsed_s\": 111.7}\n"}
,{"stream_name":"stdout","time":19631.012416734,"data":"  {\"round\": 37, \"clients_done\": 15, \"of\": 100, \"lr\": 0.00017221105932064813, \"ce_mean\": 0.030811357249517397, \"grad_norm\": 1.201247477311472, \"skipped\": 1, \"elapsed_s\": 152.2}\n"}
,{"stream_name":"stdout","time":19663.902899178,"data":"  {\"round\": 37, \"clients_done\": 20, \"of\": 100, \"lr\": 0.00017221105932064813, \"ce_mean\": 0.02908080835037815, \"grad_norm\": 0.9010434238641476, \"skipped\": 1, \"elapsed_s\": 185.1}\n"}
,{"stream_name":"stdout","time":19698.557176173,"data":"  {\"round\": 37, \"clients_done\": 25, \"of\": 100, \"lr\": 0.00017221105932064813, \"ce_mean\": 0.06143935395355153, \"grad_norm\": 2.0742902947095194, \"skipped\": 2, \"elapsed_s\": 219.7}\n"}
,{"stream_name":"stdout","time":19726.51285507,"data":"  {\"round\": 37, \"clients_done\": 30, \"of\": 100, \"lr\": 0.00017221105932064813, \"ce_mean\": 0.0689571795886076, \"grad_norm\": 2.310800534018987, \"skipped\": 2, \"elapsed_s\": 247.7}\n"}
,{"stream_name":"stdout","time":19757.057585756,"data":"  {\"round\": 37, \"clients_done\": 35, \"of\": 100, \"lr\": 0.00017221105932064813, \"ce_mean\": 0.09033094682570736, \"grad_norm\": 2.6460389925503636, \"skipped\": 2, \"elapsed_s\": 278.2}\n"}
,{"stream_name":"stdout","time":19780.391075361,"data":"  {\"round\": 37, \"clients_done\": 40, \"of\": 100, \"lr\": 0.00017221105932064813, \"ce_mean\": 0.05284833656082556, \"grad_norm\": 1.854354419361054, \"skipped\": 4, \"elapsed_s\": 301.6}\n"}
,{"stream_name":"stdout","time":19808.816613955,"data":"  {\"round\": 37, \"clients_done\": 45, \"of\": 100, \"lr\": 0.00017221105932064813, \"ce_mean\": 0.060583577461768366, \"grad_norm\": 1.9395199747696974, \"skipped\": 2, \"elapsed_s\": 330.0}\n"}
,{"stream_name":"stdout","time":19828.820147729,"data":"  {\"round\": 37, \"clients_done\": 50, \"of\": 100, \"lr\": 0.00017221105932064813, \"ce_mean\": 0.037781061408681656, \"grad_norm\": 1.47280627782748, \"skipped\": 0, \"elapsed_s\": 350.0}\n"}
,{"stream_name":"stdout","time":19853.826346698,"data":"  {\"round\": 37, \"clients_done\": 55, \"of\": 100, \"lr\": 0.00017221105932064813, \"ce_mean\": 0.04782002080570568, \"grad_norm\": 1.737233422019265, \"skipped\": 2, \"elapsed_s\": 375.0}\n"}
,{"stream_name":"stdout","time":19871.672790636,"data":"  {\"round\": 37, \"clients_done\": 60, \"of\": 100, \"lr\": 0.00017221105932064813, \"ce_mean\": 0.05750347847162291, \"grad_norm\": 1.737902973973474, \"skipped\": 1, \"elapsed_s\": 392.9}\n"}
,{"stream_name":"stdout","time":19894.505637754,"data":"  {\"round\": 37, \"clients_done\": 65, \"of\": 100, \"lr\": 0.00017221105932064813, \"ce_mean\": 0.0692771579908288, \"grad_norm\": 1.812207417243083, \"skipped\": 1, \"elapsed_s\": 415.7}\n"}
,{"stream_name":"stdout","time":19909.980098352,"data":"  {\"round\": 37, \"clients_done\": 70, \"of\": 100, \"lr\": 0.00017221105932064813, \"ce_mean\": 0.09220968898019088, \"grad_norm\": 2.5196172747363526, \"skipped\": 2, \"elapsed_s\": 431.2}\n"}
,{"stream_name":"stdout","time":19930.741771557,"data":"  {\"round\": 37, \"clients_done\": 75, \"of\": 100, \"lr\": 0.00017221105932064813, \"ce_mean\": 0.05675290620187507, \"grad_norm\": 1.795996335473391, \"skipped\": 1, \"elapsed_s\": 451.9}\n"}
,{"stream_name":"stdout","time":19943.397675694,"data":"  {\"round\": 37, \"clients_done\": 80, \"of\": 100, \"lr\": 0.00017221105932064813, \"ce_mean\": 0.0756860586313101, \"grad_norm\": 2.059618436373197, \"skipped\": 2, \"elapsed_s\": 464.6}\n"}
,{"stream_name":"stdout","time":19961.248700515,"data":"  {\"round\": 37, \"clients_done\": 85, \"of\": 100, \"lr\": 0.00017221105932064813, \"ce_mean\": 0.07918487775845177, \"grad_norm\": 2.0083588976155684, \"skipped\": 1, \"elapsed_s\": 482.4}\n"}
,{"stream_name":"stdout","time":19971.888718427,"data":"  {\"round\": 37, \"clients_done\": 90, \"of\": 100, \"lr\": 0.00017221105932064813, \"ce_mean\": 0.0778447816956718, \"grad_norm\": 2.0258607684441334, \"skipped\": 2, \"elapsed_s\": 493.1}\n"}
,{"stream_name":"stdout","time":19984.80034948,"data":"  {\"round\": 37, \"clients_done\": 95, \"of\": 100, \"lr\": 0.00017221105932064813, \"ce_mean\": 0.09031244031262323, \"grad_norm\": 2.251306190851735, \"skipped\": 1, \"elapsed_s\": 506.0}\n"}
,{"stream_name":"stdout","time":19991.028287196,"data":"  {\"round\": 37, \"clients_done\": 100, \"of\": 100, \"lr\": 0.00017221105932064813, \"ce_mean\": 0.10334206082655877, \"grad_norm\": 2.340266189028938, \"skipped\": 2, \"elapsed_s\": 512.2}\n"}
,{"stream_name":"stdout","time":20005.465588528,"data":"  {\"round\": 37, \"completed\": true, \"accuracy\": 0.659387, \"precision_macro\": 0.624547, \"precision_micro\": 0.659387, \"precision_weighted\": 0.708904, \"recall_macro\": 0.706827, \"recall_micro\": 0.659387, \"recall_weighted\": 0.659387, \"f1_macro\": 0.632769, \"f1_micro\": 0.659387, \"f1_weighted\": 0.639138, \"train_s\": 512.2, \"aggregate_s\": 0.1, \"eval_s\": 14.2, \"round_s\": 526.6, \"commit_s\": 0.0, \"worst_round_s\": 664.4}\n"}
,{"stream_name":"stdout","time":20068.058653657,"data":"  {\"round\": 38, \"clients_done\": 5, \"of\": 100, \"lr\": 0.00014941707170162489, \"ce_mean\": 0.03960566853368005, \"grad_norm\": 1.7380305800327034, \"skipped\": 2, \"elapsed_s\": 62.6}\n"}
,{"stream_name":"stdout","time":20111.981314262,"data":"  {\"round\": 38, \"clients_done\": 10, \"of\": 100, \"lr\": 0.00014941707170162489, \"ce_mean\": 0.0370874623305925, \"grad_norm\": 1.6363217885257633, \"skipped\": 2, \"elapsed_s\": 106.5}\n"}
,{"stream_name":"stdout","time":20150.756489024,"data":"  {\"round\": 38, \"clients_done\": 15, \"of\": 100, \"lr\": 0.00014941707170162489, \"ce_mean\": 0.030575118388127383, \"grad_norm\": 1.233803673723927, \"skipped\": 1, \"elapsed_s\": 145.3}\n"}
,{"stream_name":"stdout","time":20185.190913273,"data":"  {\"round\": 38, \"clients_done\": 20, \"of\": 100, \"lr\": 0.00014941707170162489, \"ce_mean\": 0.028963881430866048, \"grad_norm\": 0.9334023015962231, \"skipped\": 0, \"elapsed_s\": 179.7}\n"}
,{"stream_name":"stdout","time":20218.847318218,"data":"  {\"round\": 38, \"clients_done\": 25, \"of\": 100, \"lr\": 0.00014941707170162489, \"ce_mean\": 0.06194486631392543, \"grad_norm\": 2.1557054399498368, \"skipped\": 2, \"elapsed_s\": 213.4}\n"}
,{"stream_name":"stdout","time":20247.83309749,"data":"  {\"round\": 38, \"clients_done\": 30, \"of\": 100, \"lr\": 0.00014941707170162489, \"ce_mean\": 0.06927966926671282, \"grad_norm\": 2.388436016613924, \"skipped\": 2, \"elapsed_s\": 242.4}\n"}
,{"stream_name":"stdout","time":20276.567293431,"data":"  {\"round\": 38, \"clients_done\": 35, \"of\": 100, \"lr\": 0.00014941707170162489, \"ce_mean\": 0.09126925067965688, \"grad_norm\": 2.776581801599244, \"skipped\": 3, \"elapsed_s\": 271.1}\n"}
,{"stream_name":"stdout","time":20301.290113917,"data":"  {\"round\": 38, \"clients_done\": 40, \"of\": 100, \"lr\": 0.00014941707170162489, \"ce_mean\": 0.05326881319144522, \"grad_norm\": 1.9191444647703932, \"skipped\": 3, \"elapsed_s\": 295.9}\n"}
,{"stream_name":"stdout","time":20328.452193948,"data":"  {\"round\": 38, \"clients_done\": 45, \"of\": 100, \"lr\": 0.00014941707170162489, \"ce_mean\": 0.06088887209518003, \"grad_norm\": 1.9831218228074445, \"skipped\": 2, \"elapsed_s\": 323.0}\n"}
,{"stream_name":"stdout","time":20351.359375059,"data":"  {\"round\": 38, \"clients_done\": 50, \"of\": 100, \"lr\": 0.00014941707170162489, \"ce_mean\": 0.037786438049235135, \"grad_norm\": 1.4942392890208889, \"skipped\": 0, \"elapsed_s\": 345.9}\n"}
,{"stream_name":"stdout","time":20374.416679878,"data":"  {\"round\": 38, \"clients_done\": 55, \"of\": 100, \"lr\": 0.00014941707170162489, \"ce_mean\": 0.049178210171786224, \"grad_norm\": 1.8493283011696555, \"skipped\": 2, \"elapsed_s\": 368.9}\n"}
,{"stream_name":"stdout","time":20395.092595129,"data":"  {\"round\": 38, \"clients_done\": 60, \"of\": 100, \"lr\": 0.00014941707170162489, \"ce_mean\": 0.058409170733904094, \"grad_norm\": 1.7857936396491467, \"skipped\": 0, \"elapsed_s\": 389.7}\n"}
,{"stream_name":"stdout","time":20415.961872597,"data":"  {\"round\": 38, \"clients_done\": 65, \"of\": 100, \"lr\": 0.00014941707170162489, \"ce_mean\": 0.06952566516258028, \"grad_norm\": 1.87588662611166, \"skipped\": 1, \"elapsed_s\": 410.5}\n"}
,{"stream_name":"stdout","time":20435.036883511,"data":"  {\"round\": 38, \"clients_done\": 70, \"of\": 100, \"lr\": 0.00014941707170162489, \"ce_mean\": 0.09361775716145833, \"grad_norm\": 2.6248630873914394, \"skipped\": 2, \"elapsed_s\": 429.6}\n"}
,{"stream_name":"stdout","time":20453.153326865,"data":"  {\"round\": 38, \"clients_done\": 75, \"of\": 100, \"lr\": 0.00014941707170162489, \"ce_mean\": 0.05751864744885133, \"grad_norm\": 1.8542933150736949, \"skipped\": 1, \"elapsed_s\": 447.7}\n"}
,{"stream_name":"stdout","time":20468.797120875,"data":"  {\"round\": 38, \"clients_done\": 80, \"of\": 100, \"lr\": 0.00014941707170162489, \"ce_mean\": 0.05982663067066727, \"grad_norm\": 1.7567135133605072, \"skipped\": 1, \"elapsed_s\": 463.4}\n"}
,{"stream_name":"stdout","time":20483.809113877,"data":"  {\"round\": 38, \"clients_done\": 85, \"of\": 100, \"lr\": 0.00014941707170162489, \"ce_mean\": 0.07927011455410218, \"grad_norm\": 2.0831589409952844, \"skipped\": 1, \"elapsed_s\": 478.3}\n"}
,{"stream_name":"stdout","time":20496.971508863,"data":"  {\"round\": 38, \"clients_done\": 90, \"of\": 100, \"lr\": 0.00014941707170162489, \"ce_mean\": 0.14458589623784668, \"grad_norm\": 3.4565695317275367, \"skipped\": 2, \"elapsed_s\": 491.5}\n"}
,{"stream_name":"stdout","time":20507.813813434,"data":"  {\"round\": 38, \"clients_done\": 95, \"of\": 100, \"lr\": 0.00014941707170162489, \"ce_mean\": 0.07751580048782983, \"grad_norm\": 2.1321983866405048, \"skipped\": 2, \"elapsed_s\": 502.4}\n"}
,{"stream_name":"stdout","time":20516.108108518,"data":"  {\"round\": 38, \"clients_done\": 100, \"of\": 100, \"lr\": 0.00014941707170162489, \"ce_mean\": 0.13190509265489153, \"grad_norm\": 2.857954691088419, \"skipped\": 3, \"elapsed_s\": 510.7}\n"}
,{"stream_name":"stdout","time":20530.486423347,"data":"  {\"round\": 38, \"completed\": true, \"accuracy\": 0.665502, \"precision_macro\": 0.638313, \"precision_micro\": 0.665502, \"precision_weighted\": 0.71476, \"recall_macro\": 0.71453, \"recall_micro\": 0.665502, \"recall_weighted\": 0.665502, \"f1_macro\": 0.64799, \"f1_micro\": 0.665502, \"f1_weighted\": 0.647786, \"train_s\": 510.7, \"aggregate_s\": 0.1, \"eval_s\": 14.3, \"round_s\": 525.0, \"commit_s\": 0.0, \"worst_round_s\": 664.4}\n"}
,{"stream_name":"stdout","time":20593.450007303,"data":"  {\"round\": 39, \"clients_done\": 5, \"of\": 100, \"lr\": 0.00012808425060727857, \"ce_mean\": 0.04014739945890321, \"grad_norm\": 1.8094004570346556, \"skipped\": 1, \"elapsed_s\": 62.9}\n"}
,{"stream_name":"stdout","time":20637.040432088,"data":"  {\"round\": 39, \"clients_done\": 10, \"of\": 100, \"lr\": 0.00012808425060727857, \"ce_mean\": 0.037458757589791565, \"grad_norm\": 1.683162124284351, \"skipped\": 2, \"elapsed_s\": 106.5}\n"}
,{"stream_name":"stdout","time":20675.51746529,"data":"  {\"round\": 39, \"clients_done\": 15, \"of\": 100, \"lr\": 0.00012808425060727857, \"ce_mean\": 0.030153026550195, \"grad_norm\": 1.2637277177593298, \"skipped\": 2, \"elapsed_s\": 145.0}\n"}
,{"stream_name":"stdout","time":20710.127378218,"data":"  {\"round\": 39, \"clients_done\": 20, \"of\": 100, \"lr\": 0.00012808425060727857, \"ce_mean\": 0.028163731446740222, \"grad_norm\": 0.9659495763396874, \"skipped\": 1, \"elapsed_s\": 179.6}\n"}
,{"stream_name":"stdout","time":20743.683410244,"data":"  {\"round\": 39, \"clients_done\": 25, \"of\": 100, \"lr\": 0.00012808425060727857, \"ce_mean\": 0.06180477453846827, \"grad_norm\": 2.2390946723343443, \"skipped\": 2, \"elapsed_s\": 213.1}\n"}
,{"stream_name":"stdout","time":20773.947761124,"data":"  {\"round\": 39, \"clients_done\": 30, \"of\": 100, \"lr\": 0.00012808425060727857, \"ce_mean\": 0.0712255859375, \"grad_norm\": 2.485551819620253, \"skipped\": 2, \"elapsed_s\": 243.4}\n"}
,{"stream_name":"stdout","time":20802.787053835,"data":"  {\"round\": 39, \"clients_done\": 35, \"of\": 100, \"lr\": 0.00012808425060727857, \"ce_mean\": 0.09384134780380002, \"grad_norm\": 2.897468588241466, \"skipped\": 2, \"elapsed_s\": 272.3}\n"}
,{"stream_name":"stdout","time":20828.560012087,"data":"  {\"round\": 39, \"clients_done\": 40, \"of\": 100, \"lr\": 0.00012808425060727857, \"ce_mean\": 0.05369739353376935, \"grad_norm\": 1.9757279230395393, \"skipped\": 3, \"elapsed_s\": 298.0}\n"}
,{"stream_name":"stdout","time":20854.211996899,"data":"  {\"round\": 39, \"clients_done\": 45, \"of\": 100, \"lr\": 0.00012808425060727857, \"ce_mean\": 0.06194484155288065, \"grad_norm\": 2.0647550460605153, \"skipped\": 2, \"elapsed_s\": 323.7}\n"}
,{"stream_name":"stdout","time":20876.922397407,"data":"  {\"round\": 39, \"clients_done\": 50, \"of\": 100, \"lr\": 0.00012808425060727857, \"ce_mean\": 0.038600797100435645, \"grad_norm\": 1.569524451147152, \"skipped\": 1, \"elapsed_s\": 346.4}\n"}
,{"stream_name":"stdout","time":20899.105852917,"data":"  {\"round\": 39, \"clients_done\": 55, \"of\": 100, \"lr\": 0.00012808425060727857, \"ce_mean\": 0.05120819807052612, \"grad_norm\": 1.917450644753196, \"skipped\": 2, \"elapsed_s\": 368.6}\n"}
,{"stream_name":"stdout","time":20920.406418914,"data":"  {\"round\": 39, \"clients_done\": 60, \"of\": 100, \"lr\": 0.00012808425060727857, \"ce_mean\": 0.05854025552439135, \"grad_norm\": 1.865206518838572, \"skipped\": 1, \"elapsed_s\": 389.9}\n"}
,{"stream_name":"stdout","time":20940.177590093,"data":"  {\"round\": 39, \"clients_done\": 65, \"of\": 100, \"lr\": 0.00012808425060727857, \"ce_mean\": 0.0696399311774333, \"grad_norm\": 1.9568606410573122, \"skipped\": 1, \"elapsed_s\": 409.7}\n"}
,{"stream_name":"stdout","time":20959.702183994,"data":"  {\"round\": 39, \"clients_done\": 70, \"of\": 100, \"lr\": 0.00012808425060727857, \"ce_mean\": 0.09505634923135081, \"grad_norm\": 2.7458815152631306, \"skipped\": 2, \"elapsed_s\": 429.2}\n"}
,{"stream_name":"stdout","time":20976.805752904,"data":"  {\"round\": 39, \"clients_done\": 75, \"of\": 100, \"lr\": 0.00012808425060727857, \"ce_mean\": 0.0584575814454004, \"grad_norm\": 1.9142640094087533, \"skipped\": 1, \"elapsed_s\": 446.3}\n"}
,{"stream_name":"stdout","time":20993.110316613,"data":"  {\"round\": 39, \"clients_done\": 80, \"of\": 100, \"lr\": 0.00012808425060727857, \"ce_mean\": 0.06156626162321671, \"grad_norm\": 1.8426847448671497, \"skipped\": 1, \"elapsed_s\": 462.6}\n"}
,{"stream_name":"stdout","time":21007.258701619,"data":"  {\"round\": 39, \"clients_done\": 85, \"of\": 100, \"lr\": 0.00012808425060727857, \"ce_mean\": 0.08144988365051724, \"grad_norm\": 2.175694464623738, \"skipped\": 1, \"elapsed_s\": 476.8}\n"}
,{"stream_name":"stdout","time":21021.310657281,"data":"  {\"round\": 39, \"clients_done\": 90, \"of\": 100, \"lr\": 0.00012808425060727857, \"ce_mean\": 0.1521313394485884, \"grad_norm\": 3.6377221739379584, \"skipped\": 2, \"elapsed_s\": 490.8}\n"}
,{"stream_name":"stdout","time":21031.572079382,"data":"  {\"round\": 39, \"clients_done\": 95, \"of\": 100, \"lr\": 0.00012808425060727857, \"ce_mean\": 0.08329831139516022, \"grad_norm\": 2.3185771830460324, \"skipped\": 2, \"elapsed_s\": 501.0}\n"}
,{"stream_name":"stdout","time":21039.981343938,"data":"  {\"round\": 39, \"clients_done\": 100, \"of\": 100, \"lr\": 0.00012808425060727857, \"ce_mean\": 0.13990299364659176, \"grad_norm\": 3.044463631994437, \"skipped\": 2, \"elapsed_s\": 509.5}\n"}
,{"stream_name":"stdout","time":21054.436792148,"data":"  {\"round\": 39, \"completed\": true, \"accuracy\": 0.667817, \"precision_macro\": 0.644183, \"precision_micro\": 0.667817, \"precision_weighted\": 0.717421, \"recall_macro\": 0.719601, \"recall_micro\": 0.667817, \"recall_weighted\": 0.667817, \"f1_macro\": 0.655904, \"f1_micro\": 0.667817, \"f1_weighted\": 0.651382, \"train_s\": 509.5, \"aggregate_s\": 0.1, \"eval_s\": 14.3, \"round_s\": 523.9, \"commit_s\": 0.0, \"worst_round_s\": 664.4}\n"}
,{"stream_name":"stdout","time":21117.888916378,"data":"  {\"round\": 40, \"clients_done\": 5, \"of\": 100, \"lr\": 0.00010830025717536152, \"ce_mean\": 0.039998968257460486, \"grad_norm\": 1.869947140715843, \"skipped\": 2, \"elapsed_s\": 63.4}\n"}
,{"stream_name":"stdout","time":21163.611345338,"data":"  {\"round\": 40, \"clients_done\": 10, \"of\": 100, \"lr\": 0.00010830025717536152, \"ce_mean\": 0.03771035937760814, \"grad_norm\": 1.7356839141787486, \"skipped\": 1, \"elapsed_s\": 109.1}\n"}
,{"stream_name":"stdout","time":21203.379485251,"data":"  {\"round\": 40, \"clients_done\": 15, \"of\": 100, \"lr\": 0.00010830025717536152, \"ce_mean\": 0.03051642744215052, \"grad_norm\": 1.2941902365686422, \"skipped\": 1, \"elapsed_s\": 148.9}\n"}
,{"stream_name":"stdout","time":21238.682710025,"data":"  {\"round\": 40, \"clients_done\": 20, \"of\": 100, \"lr\": 0.00010830025717536152, \"ce_mean\": 0.028295278549194336, \"grad_norm\": 1.0033685697926034, \"skipped\": 0, \"elapsed_s\": 184.2}\n"}
,{"stream_name":"stdout","time":21272.322240661,"data":"  {\"round\": 40, \"clients_done\": 25, \"of\": 100, \"lr\": 0.00010830025717536152, \"ce_mean\": 0.06370182010652414, \"grad_norm\": 2.3441350654748017, \"skipped\": 2, \"elapsed_s\": 217.8}\n"}
,{"stream_name":"stdout","time":21302.507690599,"data":"  {\"round\": 40, \"clients_done\": 30, \"of\": 100, \"lr\": 0.00010830025717536152, \"ce_mean\": 0.07331967124456092, \"grad_norm\": 2.6012648338607596, \"skipped\": 2, \"elapsed_s\": 248.0}\n"}
,{"stream_name":"stdout","time":21330.907551996,"data":"  {\"round\": 40, \"clients_done\": 35, \"of\": 100, \"lr\": 0.00010830025717536152, \"ce_mean\": 0.09783080815601829, \"grad_norm\": 3.055740023433128, \"skipped\": 2, \"elapsed_s\": 276.5}\n"}
,{"stream_name":"stdout","time":21356.167281861,"data":"  {\"round\": 40, \"clients_done\": 40, \"of\": 100, \"lr\": 0.00010830025717536152, \"ce_mean\": 0.054725938000029804, \"grad_norm\": 2.1035690665804725, \"skipped\": 3, \"elapsed_s\": 301.7}\n"}
,{"stream_name":"stdout","time":21382.62857077,"data":"  {\"round\": 40, \"clients_done\": 45, \"of\": 100, \"lr\": 0.00010830025717536152, \"ce_mean\": 0.06327279046883191, \"grad_norm\": 2.165322552332984, \"skipped\": 2, \"elapsed_s\": 328.2}\n"}
,{"stream_name":"stdout","time":21404.892401477,"data":"  {\"round\": 40, \"clients_done\": 50, \"of\": 100, \"lr\": 0.00010830025717536152, \"ce_mean\": 0.038913043615186264, \"grad_norm\": 1.5946604072174602, \"skipped\": 0, \"elapsed_s\": 350.4}\n"}
,{"stream_name":"stdout","time":21427.626777003,"data":"  {\"round\": 40, \"clients_done\": 55, \"of\": 100, \"lr\": 0.00010830025717536152, \"ce_mean\": 0.05364388341842684, \"grad_norm\": 2.0052249911158495, \"skipped\": 3, \"elapsed_s\": 373.2}\n"}
,{"stream_name":"stdout","time":21448.012670967,"data":"  {\"round\": 40, \"clients_done\": 60, \"of\": 100, \"lr\": 0.00010830025717536152, \"ce_mean\": 0.059826410466974435, \"grad_norm\": 1.9412766335227272, \"skipped\": 2, \"elapsed_s\": 393.5}\n"}
,{"stream_name":"stdout","time":21468.097180439,"data":"  {\"round\": 40, \"clients_done\": 65, \"of\": 100, \"lr\": 0.00010830025717536152, \"ce_mean\": 0.07073731554355546, \"grad_norm\": 2.0401496495182805, \"skipped\": 1, \"elapsed_s\": 413.7}\n"}
,{"stream_name":"stdout","time":21486.9281645,"data":"  {\"round\": 40, \"clients_done\": 70, \"of\": 100, \"lr\": 0.00010830025717536152, \"ce_mean\": 0.09889510212307434, \"grad_norm\": 2.884701611287738, \"skipped\": 2, \"elapsed_s\": 432.4}\n"}
,{"stream_name":"stdout","time":21503.94351255,"data":"  {\"round\": 40, \"clients_done\": 75, \"of\": 100, \"lr\": 0.00010830025717536152, \"ce_mean\": 0.05985965900592976, \"grad_norm\": 1.9834043760557432, \"skipped\": 2, \"elapsed_s\": 449.5}\n"}
,{"stream_name":"stdout","time":21521.1581758,"data":"  {\"round\": 40, \"clients_done\": 80, \"of\": 100, \"lr\": 0.00010830025717536152, \"ce_mean\": 0.0637577443883039, \"grad_norm\": 1.900919242527174, \"skipped\": 1, \"elapsed_s\": 466.7}\n"}
,{"stream_name":"stdout","time":21535.100896376,"data":"  {\"round\": 40, \"clients_done\": 85, \"of\": 100, \"lr\": 0.00010830025717536152, \"ce_mean\": 0.08410743445823093, \"grad_norm\": 2.2714906017534537, \"skipped\": 1, \"elapsed_s\": 480.7}\n"}
,{"stream_name":"stdout","time":21549.926551537,"data":"  {\"round\": 40, \"clients_done\": 90, \"of\": 100, \"lr\": 0.00010830025717536152, \"ce_mean\": 0.16056556981466802, \"grad_norm\": 3.878811638046302, \"skipped\": 2, \"elapsed_s\": 495.5}\n"}
,{"stream_name":"stdout","time":21559.560401048,"data":"  {\"round\": 40, \"clients_done\": 95, \"of\": 100, \"lr\": 0.00010830025717536152, \"ce_mean\": 0.08168562056276095, \"grad_norm\": 1.9144088703081956, \"skipped\": 1, \"elapsed_s\": 505.1}\n"}
,{"stream_name":"stdout","time":21568.211764098,"data":"  {\"round\": 40, \"clients_done\": 100, \"of\": 100, \"lr\": 0.00010830025717536152, \"ce_mean\": 0.1506617688757228, \"grad_norm\": 3.2447032377788716, \"skipped\": 3, \"elapsed_s\": 513.8}\n"}
,{"stream_name":"stdout","time":21582.842229624,"data":"  {\"round\": 40, \"completed\": true, \"accuracy\": 0.669695, \"precision_macro\": 0.645418, \"precision_micro\": 0.669695, \"precision_weighted\": 0.718299, \"recall_macro\": 0.722521, \"recall_micro\": 0.669695, \"recall_weighted\": 0.669695, \"f1_macro\": 0.659081, \"f1_micro\": 0.669695, \"f1_weighted\": 0.65438, \"train_s\": 513.8, \"aggregate_s\": 0.1, \"eval_s\": 14.5, \"round_s\": 528.4, \"commit_s\": 0.0, \"worst_round_s\": 664.4}\n"}
,{"stream_name":"stdout","time":21647.391428088,"data":"  {\"round\": 41, \"clients_done\": 5, \"of\": 100, \"lr\": 9.01463880785389e-05, \"ce_mean\": 0.04055687660394713, \"grad_norm\": 1.953112934910974, \"skipped\": 2, \"elapsed_s\": 64.5}\n"}
,{"stream_name":"stdout","time":21690.55843924,"data":"  {\"round\": 41, \"clients_done\": 10, \"of\": 100, \"lr\": 9.01463880785389e-05, \"ce_mean\": 0.03816157042525197, \"grad_norm\": 1.7994446266698474, \"skipped\": 2, \"elapsed_s\": 107.7}\n"}
,{"stream_name":"stdout","time":21731.061385901,"data":"  {\"round\": 41, \"clients_done\": 15, \"of\": 100, \"lr\": 9.01463880785389e-05, \"ce_mean\": 0.030437311875595417, \"grad_norm\": 1.3344080221495187, \"skipped\": 1, \"elapsed_s\": 148.2}\n"}
,{"stream_name":"stdout","time":21764.489278886,"data":"  {\"round\": 41, \"clients_done\": 20, \"of\": 100, \"lr\": 9.01463880785389e-05, \"ce_mean\": 0.028025745112135556, \"grad_norm\": 1.0240255022070401, \"skipped\": 1, \"elapsed_s\": 181.6}\n"}
,{"stream_name":"stdout","time":21800.077708736,"data":"  {\"round\": 41, \"clients_done\": 25, \"of\": 100, \"lr\": 9.01463880785389e-05, \"ce_mean\": 0.06623215882287535, \"grad_norm\": 2.4851934350209985, \"skipped\": 2, \"elapsed_s\": 217.2}\n"}
,{"stream_name":"stdout","time":21827.614006562,"data":"  {\"round\": 41, \"clients_done\": 30, \"of\": 100, \"lr\": 9.01463880785389e-05, \"ce_mean\": 0.07649612040263662, \"grad_norm\": 2.725596326462766, \"skipped\": 3, \"elapsed_s\": 244.8}\n"}
,{"stream_name":"stdout","time":21859.909059071,"data":"  {\"round\": 41, \"clients_done\": 35, \"of\": 100, \"lr\": 9.01463880785389e-05, \"ce_mean\": 0.10181067092630806, \"grad_norm\": 3.2499095573062395, \"skipped\": 2, \"elapsed_s\": 277.0}\n"}
,{"stream_name":"stdout","time":21881.437437598,"data":"  {\"round\": 41, \"clients_done\": 40, \"of\": 100, \"lr\": 9.01463880785389e-05, \"ce_mean\": 0.057252619747824515, \"grad_norm\": 2.2431951531781835, \"skipped\": 3, \"elapsed_s\": 298.6}\n"}
,{"stream_name":"stdout","time":21912.102313391,"data":"  {\"round\": 41, \"clients_done\": 45, \"of\": 100, \"lr\": 9.01463880785389e-05, \"ce_mean\": 0.071757226441037, \"grad_norm\": 2.405233354710821, \"skipped\": 1, \"elapsed_s\": 329.2}\n"}
,{"stream_name":"stdout","time":21930.378975729,"data":"  {\"round\": 41, \"clients_done\": 50, \"of\": 100, \"lr\": 9.01463880785389e-05, \"ce_mean\": 0.04051511943697691, \"grad_norm\": 1.6775483011325782, \"skipped\": 1, \"elapsed_s\": 347.5}\n"}
,{"stream_name":"stdout","time":21956.439489298,"data":"  {\"round\": 41, \"clients_done\": 55, \"of\": 100, \"lr\": 9.01463880785389e-05, \"ce_mean\": 0.05734108794819225, \"grad_norm\": 2.148636904629794, \"skipped\": 2, \"elapsed_s\": 373.5}\n"}
,{"stream_name":"stdout","time":21973.620017688,"data":"  {\"round\": 41, \"clients_done\": 60, \"of\": 100, \"lr\": 9.01463880785389e-05, \"ce_mean\": 0.061131898746934046, \"grad_norm\": 2.0329717591751453, \"skipped\": 1, \"elapsed_s\": 390.8}\n"}
,{"stream_name":"stdout","time":21997.8367775,"data":"  {\"round\": 41, \"clients_done\": 65, \"of\": 100, \"lr\": 9.01463880785389e-05, \"ce_mean\": 0.0732077376173419, \"grad_norm\": 2.119037950839921, \"skipped\": 1, \"elapsed_s\": 414.9}\n"}
,{"stream_name":"stdout","time":22012.83629507,"data":"  {\"round\": 41, \"clients_done\": 70, \"of\": 100, \"lr\": 9.01463880785389e-05, \"ce_mean\": 0.10485982461050584, \"grad_norm\": 3.0531493534817, \"skipped\": 2, \"elapsed_s\": 430.0}\n"}
,{"stream_name":"stdout","time":22033.374954267,"data":"  {\"round\": 41, \"clients_done\": 75, \"of\": 100, \"lr\": 9.01463880785389e-05, \"ce_mean\": 0.06852949995049683, \"grad_norm\": 2.260677833381336, \"skipped\": 1, \"elapsed_s\": 450.5}\n"}
,{"stream_name":"stdout","time":22046.245220163,"data":"  {\"round\": 41, \"clients_done\": 80, \"of\": 100, \"lr\": 9.01463880785389e-05, \"ce_mean\": 0.0871740121107835, \"grad_norm\": 2.574737783578726, \"skipped\": 2, \"elapsed_s\": 463.4}\n"}
,{"stream_name":"stdout","time":22063.748369368,"data":"  {\"round\": 41, \"clients_done\": 85, \"of\": 100, \"lr\": 9.01463880785389e-05, \"ce_mean\": 0.0892025322260436, \"grad_norm\": 2.3792567643298352, \"skipped\": 1, \"elapsed_s\": 480.9}\n"}
,{"stream_name":"stdout","time":22074.715473745,"data":"  {\"round\": 41, \"clients_done\": 90, \"of\": 100, \"lr\": 9.01463880785389e-05, \"ce_mean\": 0.09114737780588977, \"grad_norm\": 2.4176149188347584, \"skipped\": 2, \"elapsed_s\": 491.9}\n"}
,{"stream_name":"stdout","time":22087.839280012,"data":"  {\"round\": 41, \"clients_done\": 95, \"of\": 100, \"lr\": 9.01463880785389e-05, \"ce_mean\": 0.09328615279704654, \"grad_norm\": 2.5820763915639446, \"skipped\": 2, \"elapsed_s\": 505.0}\n"}
,{"stream_name":"stdout","time":22094.278694344,"data":"  {\"round\": 41, \"clients_done\": 100, \"of\": 100, \"lr\": 9.01463880785389e-05, \"ce_mean\": 0.1277683139700878, \"grad_norm\": 2.925524873210024, \"skipped\": 2, \"elapsed_s\": 511.4}\n"}
,{"stream_name":"stdout","time":22108.80348021,"data":"  {\"round\": 41, \"completed\": true, \"accuracy\": 0.669567, \"precision_macro\": 0.646635, \"precision_micro\": 0.669567, \"precision_weighted\": 0.718383, \"recall_macro\": 0.721891, \"recall_micro\": 0.669567, \"recall_weighted\": 0.669567, \"f1_macro\": 0.659549, \"f1_micro\": 0.669567, \"f1_weighted\": 0.655332, \"train_s\": 511.4, \"aggregate_s\": 0.1, \"eval_s\": 14.4, \"round_s\": 525.9, \"commit_s\": 0.0, \"worst_round_s\": 664.4}\n"}
,{"stream_name":"stdout","time":22172.077036386,"data":"  {\"round\": 42, \"clients_done\": 5, \"of\": 100, \"lr\": 7.369724145892235e-05, \"ce_mean\": 0.04202727384345476, \"grad_norm\": 2.0673752895621367, \"skipped\": 2, \"elapsed_s\": 63.2}\n"}
,{"stream_name":"stdout","time":22216.477768519,"data":"  {\"round\": 42, \"clients_done\": 10, \"of\": 100, \"lr\": 7.369724145892235e-05, \"ce_mean\": 0.03956513441245974, \"grad_norm\": 1.8877340768129771, \"skipped\": 2, \"elapsed_s\": 107.6}\n"}
,{"stream_name":"stdout","time":22254.83126756,"data":"  {\"round\": 42, \"clients_done\": 15, \"of\": 100, \"lr\": 7.369724145892235e-05, \"ce_mean\": 0.03163679775539479, \"grad_norm\": 1.3972205182323005, \"skipped\": 1, \"elapsed_s\": 146.0}\n"}
,{"stream_name":"stdout","time":22290.601745645,"data":"  {\"round\": 42, \"clients_done\": 20, \"of\": 100, \"lr\": 7.369724145892235e-05, \"ce_mean\": 0.02871838293791997, \"grad_norm\": 1.0795385555485268, \"skipped\": 1, \"elapsed_s\": 181.7}\n"}
,{"stream_name":"stdout","time":22322.202046504,"data":"  {\"round\": 42, \"clients_done\": 25, \"of\": 100, \"lr\": 7.369724145892235e-05, \"ce_mean\": 0.06810243208720981, \"grad_norm\": 2.6061730324749184, \"skipped\": 2, \"elapsed_s\": 213.4}\n"}
,{"stream_name":"stdout","time":22354.365402373,"data":"  {\"round\": 42, \"clients_done\": 30, \"of\": 100, \"lr\": 7.369724145892235e-05, \"ce_mean\": 0.08199291374109968, \"grad_norm\": 2.9163980913765823, \"skipped\": 2, \"elapsed_s\": 245.5}\n"}
,{"stream_name":"stdout","time":22380.507076357,"data":"  {\"round\": 42, \"clients_done\": 35, \"of\": 100, \"lr\": 7.369724145892235e-05, \"ce_mean\": 0.11026608937268292, \"grad_norm\": 3.472962279658646, \"skipped\": 2, \"elapsed_s\": 271.7}\n"}
,{"stream_name":"stdout","time":22408.754679849,"data":"  {\"round\": 42, \"clients_done\": 40, \"of\": 100, \"lr\": 7.369724145892235e-05, \"ce_mean\": 0.058782670474094426, \"grad_norm\": 2.2642292553581913, \"skipped\": 4, \"elapsed_s\": 299.9}\n"}
,{"stream_name":"stdout","time":22432.655635439,"data":"  {\"round\": 42, \"clients_done\": 45, \"of\": 100, \"lr\": 7.369724145892235e-05, \"ce_mean\": 0.06786542084489917, \"grad_norm\": 2.3754239182332233, \"skipped\": 2, \"elapsed_s\": 323.9}\n"}
,{"stream_name":"stdout","time":22457.855548065,"data":"  {\"round\": 42, \"clients_done\": 50, \"of\": 100, \"lr\": 7.369724145892235e-05, \"ce_mean\": 0.042432015491389086, \"grad_norm\": 1.7610552466502996, \"skipped\": 0, \"elapsed_s\": 349.0}\n"}
,{"stream_name":"stdout","time":22477.360073006,"data":"  {\"round\": 42, \"clients_done\": 55, \"of\": 100, \"lr\": 7.369724145892235e-05, \"ce_mean\": 0.06093784353949807, \"grad_norm\": 2.2877424413507637, \"skipped\": 2, \"elapsed_s\": 368.6}\n"}
,{"stream_name":"stdout","time":22501.603480892,"data":"  {\"round\": 42, \"clients_done\": 60, \"of\": 100, \"lr\": 7.369724145892235e-05, \"ce_mean\": 0.06430600807883523, \"grad_norm\": 2.1322952769886365, \"skipped\": 2, \"elapsed_s\": 392.7}\n"}
,{"stream_name":"stdout","time":22518.460130236,"data":"  {\"round\": 42, \"clients_done\": 65, \"of\": 100, \"lr\": 7.369724145892235e-05, \"ce_mean\": 0.07612893930065773, \"grad_norm\": 2.2373367249258895, \"skipped\": 1, \"elapsed_s\": 409.7}\n"}
,{"stream_name":"stdout","time":22540.829999426,"data":"  {\"round\": 42, \"clients_done\": 70, \"of\": 100, \"lr\": 7.369724145892235e-05, \"ce_mean\": 0.11146175614854735, \"grad_norm\": 3.2497057792467947, \"skipped\": 2, \"elapsed_s\": 432.0}\n"}
,{"stream_name":"stdout","time":22555.021526579,"data":"  {\"round\": 42, \"clients_done\": 75, \"of\": 100, \"lr\": 7.369724145892235e-05, \"ce_mean\": 0.0759613315264384, \"grad_norm\": 2.5146626366509333, \"skipped\": 2, \"elapsed_s\": 446.2}\n"}
,{"stream_name":"stdout","time":22574.378680455,"data":"  {\"round\": 42, \"clients_done\": 80, \"of\": 100, \"lr\": 7.369724145892235e-05, \"ce_mean\": 0.07025298335126057, \"grad_norm\": 2.13281509473128, \"skipped\": 1, \"elapsed_s\": 465.5}\n"}
,{"stream_name":"stdout","time":22586.47796291,"data":"  {\"round\": 42, \"clients_done\": 85, \"of\": 100, \"lr\": 7.369724145892235e-05, \"ce_mean\": 0.09405068408670131, \"grad_norm\": 2.589274520955101, \"skipped\": 1, \"elapsed_s\": 477.7}\n"}
,{"stream_name":"stdout","time":22602.396454351,"data":"  {\"round\": 42, \"clients_done\": 90, \"of\": 100, \"lr\": 7.369724145892235e-05, \"ce_mean\": 0.1856842041015625, \"grad_norm\": 4.534643494995415, \"skipped\": 2, \"elapsed_s\": 493.6}\n"}
,{"stream_name":"stdout","time":22611.959199434,"data":"  {\"round\": 42, \"clients_done\": 95, \"of\": 100, \"lr\": 7.369724145892235e-05, \"ce_mean\": 0.09248435070363614, \"grad_norm\": 2.161324156874139, \"skipped\": 1, \"elapsed_s\": 503.1}\n"}
,{"stream_name":"stdout","time":22620.531674151,"data":"  {\"round\": 42, \"clients_done\": 100, \"of\": 100, \"lr\": 7.369724145892235e-05, \"ce_mean\": 0.17539949992823162, \"grad_norm\": 3.8439287801427167, \"skipped\": 3, \"elapsed_s\": 511.7}\n"}
,{"stream_name":"stdout","time":22635.040244879,"data":"  {\"round\": 42, \"completed\": true, \"accuracy\": 0.668715, \"precision_macro\": 0.64173, \"precision_micro\": 0.668715, \"precision_weighted\": 0.716166, \"recall_macro\": 0.721445, \"recall_micro\": 0.668715, \"recall_weighted\": 0.668715, \"f1_macro\": 0.656179, \"f1_micro\": 0.668715, \"f1_weighted\": 0.653815, \"train_s\": 511.7, \"aggregate_s\": 0.1, \"eval_s\": 14.4, \"round_s\": 526.2, \"commit_s\": 0.0, \"worst_round_s\": 664.4}\n"}
,{"stream_name":"stdout","time":22698.739515481,"data":"  {\"round\": 43, \"clients_done\": 5, \"of\": 100, \"lr\": 5.902041038830258e-05, \"ce_mean\": 0.043698004789130634, \"grad_norm\": 2.1845051610192585, \"skipped\": 2, \"elapsed_s\": 63.6}\n"}
,{"stream_name":"stdout","time":22742.694672563,"data":"  {\"round\": 43, \"clients_done\": 10, \"of\": 100, \"lr\": 5.902041038830258e-05, \"ce_mean\": 0.04176475583141997, \"grad_norm\": 1.9576212875715648, \"skipped\": 2, \"elapsed_s\": 107.6}\n"}
,{"stream_name":"stdout","time":22782.859555052,"data":"  {\"round\": 43, \"clients_done\": 15, \"of\": 100, \"lr\": 5.902041038830258e-05, \"ce_mean\": 0.0318799087744846, \"grad_norm\": 1.4554192556806782, \"skipped\": 2, \"elapsed_s\": 147.8}\n"}
,{"stream_name":"stdout","time":22816.551782819,"data":"  {\"round\": 43, \"clients_done\": 20, \"of\": 100, \"lr\": 5.902041038830258e-05, \"ce_mean\": 0.029046580088224343, \"grad_norm\": 1.1268896747836106, \"skipped\": 0, \"elapsed_s\": 181.5}\n"}
,{"stream_name":"stdout","time":22851.31167557,"data":"  {\"round\": 43, \"clients_done\": 25, \"of\": 100, \"lr\": 5.902041038830258e-05, \"ce_mean\": 0.07300921861556886, \"grad_norm\": 2.7814637227309844, \"skipped\": 2, \"elapsed_s\": 216.2}\n"}
,{"stream_name":"stdout","time":22880.266642624,"data":"  {\"round\": 43, \"clients_done\": 30, \"of\": 100, \"lr\": 5.902041038830258e-05, \"ce_mean\": 0.08691105709800237, \"grad_norm\": 3.1116149129746837, \"skipped\": 2, \"elapsed_s\": 245.2}\n"}
,{"stream_name":"stdout","time":22910.698687176,"data":"  {\"round\": 43, \"clients_done\": 35, \"of\": 100, \"lr\": 5.902041038830258e-05, \"ce_mean\": 0.11856429191294768, \"grad_norm\": 3.7268589662318132, \"skipped\": 2, \"elapsed_s\": 275.6}\n"}
,{"stream_name":"stdout","time":22935.022712561,"data":"  {\"round\": 43, \"clients_done\": 40, \"of\": 100, \"lr\": 5.902041038830258e-05, \"ce_mean\": 0.06338562352196721, \"grad_norm\": 2.4652116095676746, \"skipped\": 4, \"elapsed_s\": 300.0}\n"}
,{"stream_name":"stdout","time":22963.44573304,"data":"  {\"round\": 43, \"clients_done\": 45, \"of\": 100, \"lr\": 5.902041038830258e-05, \"ce_mean\": 0.07241239827717758, \"grad_norm\": 2.5257820691656683, \"skipped\": 2, \"elapsed_s\": 328.3}\n"}
,{"stream_name":"stdout","time":22983.899853045,"data":"  {\"round\": 43, \"clients_done\": 50, \"of\": 100, \"lr\": 5.902041038830258e-05, \"ce_mean\": 0.045130776056522215, \"grad_norm\": 1.8441393888449367, \"skipped\": 1, \"elapsed_s\": 348.9}\n"}
,{"stream_name":"stdout","time":23008.830547439,"data":"  {\"round\": 43, \"clients_done\": 55, \"of\": 100, \"lr\": 5.902041038830258e-05, \"ce_mean\": 0.06632284179340463, \"grad_norm\": 2.440941567275231, \"skipped\": 3, \"elapsed_s\": 373.7}\n"}
,{"stream_name":"stdout","time":23027.303752197,"data":"  {\"round\": 43, \"clients_done\": 60, \"of\": 100, \"lr\": 5.902041038830258e-05, \"ce_mean\": 0.06798594526811079, \"grad_norm\": 2.2636489701704545, \"skipped\": 2, \"elapsed_s\": 392.3}\n"}
,{"stream_name":"stdout","time":23050.953741998,"data":"  {\"round\": 43, \"clients_done\": 65, \"of\": 100, \"lr\": 5.902041038830258e-05, \"ce_mean\": 0.08039248017925518, \"grad_norm\": 2.3666061944169963, \"skipped\": 1, \"elapsed_s\": 415.9}\n"}
,{"stream_name":"stdout","time":23066.450076007,"data":"  {\"round\": 43, \"clients_done\": 70, \"of\": 100, \"lr\": 5.902041038830258e-05, \"ce_mean\": 0.12045712502586921, \"grad_norm\": 3.473237094500207, \"skipped\": 3, \"elapsed_s\": 431.4}\n"}
,{"stream_name":"stdout","time":23087.979704982,"data":"  {\"round\": 43, \"clients_done\": 75, \"of\": 100, \"lr\": 5.902041038830258e-05, \"ce_mean\": 0.07864372844625662, \"grad_norm\": 2.585661152632034, \"skipped\": 2, \"elapsed_s\": 452.9}\n"}
,{"stream_name":"stdout","time":23101.083866479,"data":"  {\"round\": 43, \"clients_done\": 80, \"of\": 100, \"lr\": 5.902041038830258e-05, \"ce_mean\": 0.07418955927309782, \"grad_norm\": 2.2588702068236715, \"skipped\": 1, \"elapsed_s\": 466.0}\n"}
,{"stream_name":"stdout","time":23119.240091947,"data":"  {\"round\": 43, \"clients_done\": 85, \"of\": 100, \"lr\": 5.902041038830258e-05, \"ce_mean\": 0.09892809682394062, \"grad_norm\": 2.7331254981402764, \"skipped\": 1, \"elapsed_s\": 484.1}\n"}
,{"stream_name":"stdout","time":23130.404478797,"data":"  {\"round\": 43, \"clients_done\": 90, \"of\": 100, \"lr\": 5.902041038830258e-05, \"ce_mean\": 0.10490312216416844, \"grad_norm\": 2.7245106247236146, \"skipped\": 2, \"elapsed_s\": 495.4}\n"}
,{"stream_name":"stdout","time":23143.893780534,"data":"  {\"round\": 43, \"clients_done\": 95, \"of\": 100, \"lr\": 5.902041038830258e-05, \"ce_mean\": 0.1361775812567881, \"grad_norm\": 3.2925749623568326, \"skipped\": 2, \"elapsed_s\": 508.9}\n"}
,{"stream_name":"stdout","time":23150.199391297,"data":"  {\"round\": 43, \"clients_done\": 100, \"of\": 100, \"lr\": 5.902041038830258e-05, \"ce_mean\": 0.15079044725335955, \"grad_norm\": 3.43446868458433, \"skipped\": 3, \"elapsed_s\": 515.1}\n"}
,{"stream_name":"stdout","time":23164.673358639,"data":"  {\"round\": 43, \"completed\": true, \"accuracy\": 0.671761, \"precision_macro\": 0.648043, \"precision_micro\": 0.671761, \"precision_weighted\": 0.71918, \"recall_macro\": 0.724957, \"recall_micro\": 0.671761, \"recall_weighted\": 0.671761, \"f1_macro\": 0.662841, \"f1_micro\": 0.671761, \"f1_weighted\": 0.658254, \"train_s\": 515.1, \"aggregate_s\": 0.1, \"eval_s\": 14.4, \"round_s\": 529.6, \"commit_s\": 0.0, \"worst_round_s\": 664.4}\n"}
,{"stream_name":"stdout","time":23228.625608767,"data":"  {\"round\": 44, \"clients_done\": 5, \"of\": 100, \"lr\": 4.617620511371929e-05, \"ce_mean\": 0.0467042745545853, \"grad_norm\": 2.3430964980014535, \"skipped\": 2, \"elapsed_s\": 63.9}\n"}
,{"stream_name":"stdout","time":23272.385386455,"data":"  {\"round\": 44, \"clients_done\": 10, \"of\": 100, \"lr\": 4.617620511371929e-05, \"ce_mean\": 0.0452582526752967, \"grad_norm\": 2.0964025599355915, \"skipped\": 2, \"elapsed_s\": 107.7}\n"}
,{"stream_name":"stdout","time":23312.537894691,"data":"  {\"round\": 44, \"clients_done\": 15, \"of\": 100, \"lr\": 4.617620511371929e-05, \"ce_mean\": 0.03367557801174696, \"grad_norm\": 1.5313825530760934, \"skipped\": 2, \"elapsed_s\": 147.8}\n"}
,{"stream_name":"stdout","time":23346.480366776,"data":"  {\"round\": 44, \"clients_done\": 20, \"of\": 100, \"lr\": 4.617620511371929e-05, \"ce_mean\": 0.031080029851241076, \"grad_norm\": 1.1816209751925022, \"skipped\": 0, \"elapsed_s\": 181.8}\n"}
,{"stream_name":"stdout","time":23380.926677902,"data":"  {\"round\": 44, \"clients_done\": 25, \"of\": 100, \"lr\": 4.617620511371929e-05, \"ce_mean\": 0.07754973012378602, \"grad_norm\": 2.9672434598110127, \"skipped\": 2, \"elapsed_s\": 216.2}\n"}
,{"stream_name":"stdout","time":23409.571469887,"data":"  {\"round\": 44, \"clients_done\": 30, \"of\": 100, \"lr\": 4.617620511371929e-05, \"ce_mean\": 0.09672186947158767, \"grad_norm\": 3.36383359652039, \"skipped\": 3, \"elapsed_s\": 244.9}\n"}
,{"stream_name":"stdout","time":23440.089186919,"data":"  {\"round\": 44, \"clients_done\": 35, \"of\": 100, \"lr\": 4.617620511371929e-05, \"ce_mean\": 0.12881495342884372, \"grad_norm\": 4.060148763202994, \"skipped\": 2, \"elapsed_s\": 275.4}\n"}
,{"stream_name":"stdout","time":23463.014703332,"data":"  {\"round\": 44, \"clients_done\": 40, \"of\": 100, \"lr\": 4.617620511371929e-05, \"ce_mean\": 0.06749389093246819, \"grad_norm\": 2.657879610016872, \"skipped\": 3, \"elapsed_s\": 298.3}\n"}
,{"stream_name":"stdout","time":23491.902368437,"data":"  {\"round\": 44, \"clients_done\": 45, \"of\": 100, \"lr\": 4.617620511371929e-05, \"ce_mean\": 0.07853197722894978, \"grad_norm\": 2.722707447854254, \"skipped\": 2, \"elapsed_s\": 327.2}\n"}
,{"stream_name":"stdout","time":23511.891005069,"data":"  {\"round\": 44, \"clients_done\": 50, \"of\": 100, \"lr\": 4.617620511371929e-05, \"ce_mean\": 0.04979037349614576, \"grad_norm\": 1.9508136287033955, \"skipped\": 0, \"elapsed_s\": 347.2}\n"}
,{"stream_name":"stdout","time":23537.351466849,"data":"  {\"round\": 44, \"clients_done\": 55, \"of\": 100, \"lr\": 4.617620511371929e-05, \"ce_mean\": 0.07300981360288401, \"grad_norm\": 2.6809147968305793, \"skipped\": 3, \"elapsed_s\": 372.6}\n"}
,{"stream_name":"stdout","time":23554.647207235,"data":"  {\"round\": 44, \"clients_done\": 60, \"of\": 100, \"lr\": 4.617620511371929e-05, \"ce_mean\": 0.07205142531284066, \"grad_norm\": 2.396581250567769, \"skipped\": 1, \"elapsed_s\": 390.0}\n"}
,{"stream_name":"stdout","time":23578.896311378,"data":"  {\"round\": 44, \"clients_done\": 65, \"of\": 100, \"lr\": 4.617620511371929e-05, \"ce_mean\": 0.08460701199859498, \"grad_norm\": 2.531967947134387, \"skipped\": 1, \"elapsed_s\": 414.2}\n"}
,{"stream_name":"stdout","time":23593.823491458,"data":"  {\"round\": 44, \"clients_done\": 70, \"of\": 100, \"lr\": 4.617620511371929e-05, \"ce_mean\": 0.13130675158883245, \"grad_norm\": 3.7671908117504134, \"skipped\": 2, \"elapsed_s\": 429.1}\n"}
,{"stream_name":"stdout","time":23614.535777645,"data":"  {\"round\": 44, \"clients_done\": 75, \"of\": 100, \"lr\": 4.617620511371929e-05, \"ce_mean\": 0.0862549531295003, \"grad_norm\": 2.7540864865351384, \"skipped\": 1, \"elapsed_s\": 449.8}\n"}
,{"stream_name":"stdout","time":23627.579061506,"data":"  {\"round\": 44, \"clients_done\": 80, \"of\": 100, \"lr\": 4.617620511371929e-05, \"ce_mean\": 0.08104739718967013, \"grad_norm\": 2.4696013077445653, \"skipped\": 1, \"elapsed_s\": 462.9}\n"}
,{"stream_name":"stdout","time":23645.423749576,"data":"  {\"round\": 44, \"clients_done\": 85, \"of\": 100, \"lr\": 4.617620511371929e-05, \"ce_mean\": 0.10927079917267203, \"grad_norm\": 2.9161821906548884, \"skipped\": 1, \"elapsed_s\": 480.7}\n"}
,{"stream_name":"stdout","time":23656.063097574,"data":"  {\"round\": 44, \"clients_done\": 90, \"of\": 100, \"lr\": 4.617620511371929e-05, \"ce_mean\": 0.118843933321395, \"grad_norm\": 3.0187055479805425, \"skipped\": 2, \"elapsed_s\": 491.4}\n"}
,{"stream_name":"stdout","time":23669.035072201,"data":"  {\"round\": 44, \"clients_done\": 95, \"of\": 100, \"lr\": 4.617620511371929e-05, \"ce_mean\": 0.15297015457875346, \"grad_norm\": 3.5735360034256702, \"skipped\": 1, \"elapsed_s\": 504.4}\n"}
,{"stream_name":"stdout","time":23675.336674877,"data":"  {\"round\": 44, \"clients_done\": 100, \"of\": 100, \"lr\": 4.617620511371929e-05, \"ce_mean\": 0.16559628077915736, \"grad_norm\": 3.7654331752232144, \"skipped\": 1, \"elapsed_s\": 510.7}\n"}
,{"stream_name":"stdout","time":23689.916673993,"data":"  {\"round\": 44, \"completed\": true, \"accuracy\": 0.661062, \"precision_macro\": 0.62463, \"precision_micro\": 0.661062, \"precision_weighted\": 0.70828, \"recall_macro\": 0.711351, \"recall_micro\": 0.661062, \"recall_weighted\": 0.661062, \"f1_macro\": 0.636739, \"f1_micro\": 0.661062, \"f1_weighted\": 0.64381, \"train_s\": 510.7, \"aggregate_s\": 0.1, \"eval_s\": 14.4, \"round_s\": 525.2, \"commit_s\": 0.0, \"worst_round_s\": 664.4}\n"}
,{"stream_name":"stdout","time":23753.28254822,"data":"  {\"round\": 45, \"clients_done\": 5, \"of\": 100, \"lr\": 3.521740522971908e-05, \"ce_mean\": 0.05092870135639989, \"grad_norm\": 2.5144454601199127, \"skipped\": 2, \"elapsed_s\": 63.4}\n"}
,{"stream_name":"stdout","time":23796.341179703,"data":"  {\"round\": 45, \"clients_done\": 10, \"of\": 100, \"lr\": 3.521740522971908e-05, \"ce_mean\": 0.04939644643485706, \"grad_norm\": 2.2416332196806987, \"skipped\": 3, \"elapsed_s\": 106.4}\n"}
,{"stream_name":"stdout","time":23836.572270889,"data":"  {\"round\": 45, \"clients_done\": 15, \"of\": 100, \"lr\": 3.521740522971908e-05, \"ce_mean\": 0.035907306204442754, \"grad_norm\": 1.6383228508574008, \"skipped\": 1, \"elapsed_s\": 146.7}\n"}
,{"stream_name":"stdout","time":23869.292402839,"data":"  {\"round\": 45, \"clients_done\": 20, \"of\": 100, \"lr\": 3.521740522971908e-05, \"ce_mean\": 0.03206451937683627, \"grad_norm\": 1.247267557917229, \"skipped\": 1, \"elapsed_s\": 179.4}\n"}
,{"stream_name":"stdout","time":23904.705766383,"data":"  {\"round\": 45, \"clients_done\": 25, \"of\": 100, \"lr\": 3.521740522971908e-05, \"ce_mean\": 0.08484642181894905, \"grad_norm\": 3.1967057990404806, \"skipped\": 2, \"elapsed_s\": 214.8}\n"}
,{"stream_name":"stdout","time":23932.681443851,"data":"  {\"round\": 45, \"clients_done\": 30, \"of\": 100, \"lr\": 3.521740522971908e-05, \"ce_mean\": 0.10869457389734968, \"grad_norm\": 3.6444415051424053, \"skipped\": 2, \"elapsed_s\": 242.8}\n"}
,{"stream_name":"stdout","time":23963.830050729,"data":"  {\"round\": 45, \"clients_done\": 35, \"of\": 100, \"lr\": 3.521740522971908e-05, \"ce_mean\": 0.14477436597212506, \"grad_norm\": 4.44755252780498, \"skipped\": 2, \"elapsed_s\": 273.9}\n"}
,{"stream_name":"stdout","time":23986.346761866,"data":"  {\"round\": 45, \"clients_done\": 40, \"of\": 100, \"lr\": 3.521740522971908e-05, \"ce_mean\": 0.07442658384081344, \"grad_norm\": 2.91335185592723, \"skipped\": 3, \"elapsed_s\": 296.5}\n"}
,{"stream_name":"stdout","time":24015.803393269,"data":"  {\"round\": 45, \"clients_done\": 45, \"of\": 100, \"lr\": 3.521740522971908e-05, \"ce_mean\": 0.08571818119183924, \"grad_norm\": 2.9308425235919713, \"skipped\": 2, \"elapsed_s\": 325.9}\n"}
,{"stream_name":"stdout","time":24034.878017336,"data":"  {\"round\": 45, \"clients_done\": 50, \"of\": 100, \"lr\": 3.521740522971908e-05, \"ce_mean\": 0.05493621012911965, \"grad_norm\": 2.1035107454405395, \"skipped\": 1, \"elapsed_s\": 345.0}\n"}
,{"stream_name":"stdout","time":24060.914172817,"data":"  {\"round\": 45, \"clients_done\": 55, \"of\": 100, \"lr\": 3.521740522971908e-05, \"ce_mean\": 0.08257890289480035, \"grad_norm\": 2.9485782276500356, \"skipped\": 2, \"elapsed_s\": 371.0}\n"}
,{"stream_name":"stdout","time":24077.897532927,"data":"  {\"round\": 45, \"clients_done\": 60, \"of\": 100, \"lr\": 3.521740522971908e-05, \"ce_mean\": 0.07921269087357954, \"grad_norm\": 2.5981079545454544, \"skipped\": 2, \"elapsed_s\": 388.0}\n"}
,{"stream_name":"stdout","time":24101.832804014,"data":"  {\"round\": 45, \"clients_done\": 65, \"of\": 100, \"lr\": 3.521740522971908e-05, \"ce_mean\": 0.11981895192867224, \"grad_norm\": 3.435607233062599, \"skipped\": 2, \"elapsed_s\": 411.9}\n"}
,{"stream_name":"stdout","time":24116.969135514,"data":"  {\"round\": 45, \"clients_done\": 70, \"of\": 100, \"lr\": 3.521740522971908e-05, \"ce_mean\": 0.08603655123243145, \"grad_norm\": 2.730865478515625, \"skipped\": 1, \"elapsed_s\": 427.1}\n"}
,{"stream_name":"stdout","time":24137.861050179,"data":"  {\"round\": 45, \"clients_done\": 75, \"of\": 100, \"lr\": 3.521740522971908e-05, \"ce_mean\": 0.09611891996376629, \"grad_norm\": 3.021428745171241, \"skipped\": 2, \"elapsed_s\": 447.9}\n"}
,{"stream_name":"stdout","time":24150.69645523,"data":"  {\"round\": 45, \"clients_done\": 80, \"of\": 100, \"lr\": 3.521740522971908e-05, \"ce_mean\": 0.09042156422195803, \"grad_norm\": 2.701961616847826, \"skipped\": 1, \"elapsed_s\": 460.8}\n"}
,{"stream_name":"stdout","time":24168.695502884,"data":"  {\"round\": 45, \"clients_done\": 85, \"of\": 100, \"lr\": 3.521740522971908e-05, \"ce_mean\": 0.11946022447186752, \"grad_norm\": 3.123952867627524, \"skipped\": 1, \"elapsed_s\": 478.8}\n"}
,{"stream_name":"stdout","time":24179.486981312,"data":"  {\"round\": 45, \"clients_done\": 90, \"of\": 100, \"lr\": 3.521740522971908e-05, \"ce_mean\": 0.132428304204401, \"grad_norm\": 3.2811187168337264, \"skipped\": 2, \"elapsed_s\": 489.6}\n"}
,{"stream_name":"stdout","time":24192.74810372,"data":"  {\"round\": 45, \"clients_done\": 95, \"of\": 100, \"lr\": 3.521740522971908e-05, \"ce_mean\": 0.17563220561963122, \"grad_norm\": 3.982359007824842, \"skipped\": 2, \"elapsed_s\": 502.9}\n"}
,{"stream_name":"stdout","time":24199.280550128,"data":"  {\"round\": 45, \"clients_done\": 100, \"of\": 100, \"lr\": 3.521740522971908e-05, \"ce_mean\": 0.18607330322265625, \"grad_norm\": 4.1850516016557275, \"skipped\": 2, \"elapsed_s\": 509.3}\n"}
,{"stream_name":"stdout","time":24213.802278108,"data":"  {\"round\": 45, \"completed\": true, \"accuracy\": 0.67698, \"precision_macro\": 0.654713, \"precision_micro\": 0.67698, \"precision_weighted\": 0.721882, \"recall_macro\": 0.729268, \"recall_micro\": 0.67698, \"recall_weighted\": 0.67698, \"f1_macro\": 0.67054, \"f1_micro\": 0.67698, \"f1_weighted\": 0.66524, \"train_s\": 509.3, \"aggregate_s\": 0.1, \"eval_s\": 14.4, \"round_s\": 523.9, \"commit_s\": 0.0, \"worst_round_s\": 664.4}\n"}
,{"stream_name":"stdout","time":24277.705779662,"data":"  {\"round\": 46, \"clients_done\": 5, \"of\": 100, \"lr\": 2.618904279568042e-05, \"ce_mean\": 0.05617406091024709, \"grad_norm\": 2.6974481626998545, \"skipped\": 2, \"elapsed_s\": 63.8}\n"}
,{"stream_name":"stdout","time":24321.263667415,"data":"  {\"round\": 46, \"clients_done\": 10, \"of\": 100, \"lr\": 2.618904279568042e-05, \"ce_mean\": 0.055262733051795083, \"grad_norm\": 2.4283842363430344, \"skipped\": 2, \"elapsed_s\": 107.4}\n"}
,{"stream_name":"stdout","time":24361.255878975,"data":"  {\"round\": 46, \"clients_done\": 15, \"of\": 100, \"lr\": 2.618904279568042e-05, \"ce_mean\": 0.039132138125203775, \"grad_norm\": 1.7742680875677166, \"skipped\": 2, \"elapsed_s\": 147.4}\n"}
,{"stream_name":"stdout","time":24395.172408767,"data":"  {\"round\": 46, \"clients_done\": 20, \"of\": 100, \"lr\": 2.618904279568042e-05, \"ce_mean\": 0.03402449126936432, \"grad_norm\": 1.312937432347897, \"skipped\": 1, \"elapsed_s\": 181.3}\n"}
,{"stream_name":"stdout","time":24432.189542303,"data":"  {\"round\": 46, \"clients_done\": 25, \"of\": 100, \"lr\": 2.618904279568042e-05, \"ce_mean\": 0.09481877773081888, \"grad_norm\": 3.507537357390873, \"skipped\": 3, \"elapsed_s\": 218.3}\n"}
,{"stream_name":"stdout","time":24461.692085444,"data":"  {\"round\": 46, \"clients_done\": 30, \"of\": 100, \"lr\": 2.618904279568042e-05, \"ce_mean\": 0.12459841957575159, \"grad_norm\": 4.057124456091772, \"skipped\": 2, \"elapsed_s\": 247.9}\n"}
,{"stream_name":"stdout","time":24493.881690069,"data":"  {\"round\": 46, \"clients_done\": 35, \"of\": 100, \"lr\": 2.618904279568042e-05, \"ce_mean\": 0.16737925012350482, \"grad_norm\": 4.932353783400951, \"skipped\": 2, \"elapsed_s\": 280.0}\n"}
,{"stream_name":"stdout","time":24517.491132649,"data":"  {\"round\": 46, \"clients_done\": 40, \"of\": 100, \"lr\": 2.618904279568042e-05, \"ce_mean\": 0.08341580601365353, \"grad_norm\": 3.207185127365757, \"skipped\": 3, \"elapsed_s\": 303.7}\n"}
,{"stream_name":"stdout","time":24546.086712815,"data":"  {\"round\": 46, \"clients_done\": 45, \"of\": 100, \"lr\": 2.618904279568042e-05, \"ce_mean\": 0.09530285834694709, \"grad_norm\": 3.1917280650838826, \"skipped\": 2, \"elapsed_s\": 332.2}\n"}
,{"stream_name":"stdout","time":24565.401299903,"data":"  {\"round\": 46, \"clients_done\": 50, \"of\": 100, \"lr\": 2.618904279568042e-05, \"ce_mean\": 0.062125626321480214, \"grad_norm\": 2.25714249490263, \"skipped\": 0, \"elapsed_s\": 351.6}\n"}
,{"stream_name":"stdout","time":24591.042669847,"data":"  {\"round\": 46, \"clients_done\": 55, \"of\": 100, \"lr\": 2.618904279568042e-05, \"ce_mean\": 0.09466135501861572, \"grad_norm\": 3.308905168013139, \"skipped\": 2, \"elapsed_s\": 377.2}\n"}
,{"stream_name":"stdout","time":24608.370664277,"data":"  {\"round\": 46, \"clients_done\": 60, \"of\": 100, \"lr\": 2.618904279568042e-05, \"ce_mean\": 0.08747723388671876, \"grad_norm\": 2.7858812144886365, \"skipped\": 2, \"elapsed_s\": 394.6}\n"}
,{"stream_name":"stdout","time":24632.454163297,"data":"  {\"round\": 46, \"clients_done\": 65, \"of\": 100, \"lr\": 2.618904279568042e-05, \"ce_mean\": 0.10032167698554842, \"grad_norm\": 2.971410843317688, \"skipped\": 1, \"elapsed_s\": 418.6}\n"}
,{"stream_name":"stdout","time":24647.702236658,"data":"  {\"round\": 46, \"clients_done\": 70, \"of\": 100, \"lr\": 2.618904279568042e-05, \"ce_mean\": 0.16618309304968595, \"grad_norm\": 4.55430422547043, \"skipped\": 2, \"elapsed_s\": 433.9}\n"}
,{"stream_name":"stdout","time":24668.935486244,"data":"  {\"round\": 46, \"clients_done\": 75, \"of\": 100, \"lr\": 2.618904279568042e-05, \"ce_mean\": 0.10910127083753747, \"grad_norm\": 3.24986869558637, \"skipped\": 2, \"elapsed_s\": 455.1}\n"}
,{"stream_name":"stdout","time":24682.083050775,"data":"  {\"round\": 46, \"clients_done\": 80, \"of\": 100, \"lr\": 2.618904279568042e-05, \"ce_mean\": 0.13629436492919922, \"grad_norm\": 3.7876678466796876, \"skipped\": 2, \"elapsed_s\": 468.3}\n"}
,{"stream_name":"stdout","time":24700.286243283,"data":"  {\"round\": 46, \"clients_done\": 85, \"of\": 100, \"lr\": 2.618904279568042e-05, \"ce_mean\": 0.1351586644885137, \"grad_norm\": 3.394733878935308, \"skipped\": 1, \"elapsed_s\": 486.4}\n"}
,{"stream_name":"stdout","time":24711.414194355,"data":"  {\"round\": 46, \"clients_done\": 90, \"of\": 100, \"lr\": 2.618904279568042e-05, \"ce_mean\": 0.15384648880868587, \"grad_norm\": 3.659809616376769, \"skipped\": 2, \"elapsed_s\": 497.6}\n"}
,{"stream_name":"stdout","time":24724.753007753,"data":"  {\"round\": 46, \"clients_done\": 95, \"of\": 100, \"lr\": 2.618904279568042e-05, \"ce_mean\": 0.1679135310797044, \"grad_norm\": 4.32453296802662, \"skipped\": 3, \"elapsed_s\": 510.9}\n"}
,{"stream_name":"stdout","time":24731.222390286,"data":"  {\"round\": 46, \"clients_done\": 100, \"of\": 100, \"lr\": 2.618904279568042e-05, \"ce_mean\": 0.2128812839990584, \"grad_norm\": 4.632337037589499, \"skipped\": 2, \"elapsed_s\": 517.3}\n"}
,{"stream_name":"stdout","time":24745.650547788,"data":"  {\"round\": 46, \"completed\": true, \"accuracy\": 0.677679, \"precision_macro\": 0.653897, \"precision_micro\": 0.677679, \"precision_weighted\": 0.721822, \"recall_macro\": 0.727063, \"recall_micro\": 0.677679, \"recall_weighted\": 0.677679, \"f1_macro\": 0.668519, \"f1_micro\": 0.677679, \"f1_weighted\": 0.666246, \"train_s\": 517.3, \"aggregate_s\": 0.2, \"eval_s\": 14.3, \"round_s\": 531.8, \"commit_s\": 0.0, \"worst_round_s\": 664.4}\n"}
,{"stream_name":"stdout","time":24809.691665547,"data":"  {\"round\": 47, \"clients_done\": 5, \"of\": 100, \"lr\": 1.9128217289422665e-05, \"ce_mean\": 0.06255905240081078, \"grad_norm\": 2.958134992732558, \"skipped\": 2, \"elapsed_s\": 64.0}\n"}
,{"stream_name":"stdout","time":24854.180662601,"data":"  {\"round\": 47, \"clients_done\": 10, \"of\": 100, \"lr\": 1.9128217289422665e-05, \"ce_mean\": 0.06386713856001217, \"grad_norm\": 2.6652816184015844, \"skipped\": 3, \"elapsed_s\": 108.5}\n"}
,{"stream_name":"stdout","time":24892.025774886,"data":"  {\"round\": 47, \"clients_done\": 15, \"of\": 100, \"lr\": 1.9128217289422665e-05, \"ce_mean\": 0.04292049170783663, \"grad_norm\": 1.8783925068316285, \"skipped\": 1, \"elapsed_s\": 146.3}\n"}
,{"stream_name":"stdout","time":24927.706725283,"data":"  {\"round\": 47, \"clients_done\": 20, \"of\": 100, \"lr\": 1.9128217289422665e-05, \"ce_mean\": 0.03729878226630122, \"grad_norm\": 1.395342271104991, \"skipped\": 0, \"elapsed_s\": 182.0}\n"}
,{"stream_name":"stdout","time":24960.192650023,"data":"  {\"round\": 47, \"clients_done\": 25, \"of\": 100, \"lr\": 1.9128217289422665e-05, \"ce_mean\": 0.10638440556886818, \"grad_norm\": 3.809919312777194, \"skipped\": 3, \"elapsed_s\": 214.5}\n"}
,{"stream_name":"stdout","time":24991.779543301,"data":"  {\"round\": 47, \"clients_done\": 30, \"of\": 100, \"lr\": 1.9128217289422665e-05, \"ce_mean\": 0.14429628782634493, \"grad_norm\": 4.521646064082279, \"skipped\": 2, \"elapsed_s\": 246.1}\n"}
,{"stream_name":"stdout","time":25019.332222444,"data":"  {\"round\": 47, \"clients_done\": 35, \"of\": 100, \"lr\": 1.9128217289422665e-05, \"ce_mean\": 0.19174110655952714, \"grad_norm\": 5.525133232197818, \"skipped\": 2, \"elapsed_s\": 273.7}\n"}
,{"stream_name":"stdout","time":25045.8150455,"data":"  {\"round\": 47, \"clients_done\": 40, \"of\": 100, \"lr\": 1.9128217289422665e-05, \"ce_mean\": 0.09576990906621369, \"grad_norm\": 3.594692176496479, \"skipped\": 3, \"elapsed_s\": 300.1}\n"}
,{"stream_name":"stdout","time":25070.449874552,"data":"  {\"round\": 47, \"clients_done\": 45, \"of\": 100, \"lr\": 1.9128217289422665e-05, \"ce_mean\": 0.10746627917392648, \"grad_norm\": 3.5267875543315346, \"skipped\": 3, \"elapsed_s\": 324.8}\n"}
,{"stream_name":"stdout","time":25095.099132868,"data":"  {\"round\": 47, \"clients_done\": 50, \"of\": 100, \"lr\": 1.9128217289422665e-05, \"ce_mean\": 0.0708421812622965, \"grad_norm\": 2.436377376020153, \"skipped\": 1, \"elapsed_s\": 349.4}\n"}
,{"stream_name":"stdout","time":25116.045784775,"data":"  {\"round\": 47, \"clients_done\": 55, \"of\": 100, \"lr\": 1.9128217289422665e-05, \"ce_mean\": 0.11220359124439187, \"grad_norm\": 3.7702864028073915, \"skipped\": 3, \"elapsed_s\": 370.4}\n"}
,{"stream_name":"stdout","time":25138.244026908,"data":"  {\"round\": 47, \"clients_done\": 60, \"of\": 100, \"lr\": 1.9128217289422665e-05, \"ce_mean\": 0.09632966684740643, \"grad_norm\": 3.024049625840298, \"skipped\": 1, \"elapsed_s\": 392.5}\n"}
,{"stream_name":"stdout","time":25156.190854104,"data":"  {\"round\": 47, \"clients_done\": 65, \"of\": 100, \"lr\": 1.9128217289422665e-05, \"ce_mean\": 0.11158828433794467, \"grad_norm\": 3.26570335659585, \"skipped\": 1, \"elapsed_s\": 410.5}\n"}
,{"stream_name":"stdout","time":25176.663493192,"data":"  {\"round\": 47, \"clients_done\": 70, \"of\": 100, \"lr\": 1.9128217289422665e-05, \"ce_mean\": 0.19367356217528692, \"grad_norm\": 5.046030503644541, \"skipped\": 2, \"elapsed_s\": 431.0}\n"}
,{"stream_name":"stdout","time":25192.035286601,"data":"  {\"round\": 47, \"clients_done\": 75, \"of\": 100, \"lr\": 1.9128217289422665e-05, \"ce_mean\": 0.10979742536021181, \"grad_norm\": 3.189931957062894, \"skipped\": 1, \"elapsed_s\": 446.4}\n"}
,{"stream_name":"stdout","time":25210.444060669,"data":"  {\"round\": 47, \"clients_done\": 80, \"of\": 100, \"lr\": 1.9128217289422665e-05, \"ce_mean\": 0.11430179761803669, \"grad_norm\": 3.243415515549517, \"skipped\": 1, \"elapsed_s\": 464.7}\n"}
,{"stream_name":"stdout","time":25223.110725688,"data":"  {\"round\": 47, \"clients_done\": 85, \"of\": 100, \"lr\": 1.9128217289422665e-05, \"ce_mean\": 0.15168898417263052, \"grad_norm\": 3.703757534371679, \"skipped\": 1, \"elapsed_s\": 477.5}\n"}
,{"stream_name":"stdout","time":25238.622472685,"data":"  {\"round\": 47, \"clients_done\": 90, \"of\": 100, \"lr\": 1.9128217289422665e-05, \"ce_mean\": 0.3432471688044392, \"grad_norm\": 7.513699930279645, \"skipped\": 2, \"elapsed_s\": 493.0}\n"}
,{"stream_name":"stdout","time":25247.555336055,"data":"  {\"round\": 47, \"clients_done\": 95, \"of\": 100, \"lr\": 1.9128217289422665e-05, \"ce_mean\": 0.16054566438533058, \"grad_norm\": 3.1625330901342976, \"skipped\": 1, \"elapsed_s\": 501.8}\n"}
,{"stream_name":"stdout","time":25256.217091831,"data":"  {\"round\": 47, \"clients_done\": 100, \"of\": 100, \"lr\": 1.9128217289422665e-05, \"ce_mean\": 0.3216411560539186, \"grad_norm\": 6.90040664472605, \"skipped\": 3, \"elapsed_s\": 510.6}\n"}
,{"stream_name":"stdout","time":25270.66531789,"data":"  {\"round\": 47, \"completed\": true, \"accuracy\": 0.684304, \"precision_macro\": 0.663473, \"precision_micro\": 0.684304, \"precision_weighted\": 0.726298, \"recall_macro\": 0.73212, \"recall_micro\": 0.684304, \"recall_weighted\": 0.684304, \"f1_macro\": 0.678428, \"f1_micro\": 0.684304, \"f1_weighted\": 0.675191, \"train_s\": 510.6, \"aggregate_s\": 0.1, \"eval_s\": 14.3, \"round_s\": 525.0, \"commit_s\": 0.0, \"worst_round_s\": 664.4}\n"}
,{"stream_name":"stdout","time":25333.993764633,"data":"  {\"round\": 48, \"clients_done\": 5, \"of\": 100, \"lr\": 1.4063943157493203e-05, \"ce_mean\": 0.07122476710829624, \"grad_norm\": 3.172170523710029, \"skipped\": 2, \"elapsed_s\": 63.3}\n"}
,{"stream_name":"stdout","time":25377.986707858,"data":"  {\"round\": 48, \"clients_done\": 10, \"of\": 100, \"lr\": 1.4063943157493203e-05, \"ce_mean\": 0.07188148207336892, \"grad_norm\": 2.896960169668416, \"skipped\": 2, \"elapsed_s\": 107.3}\n"}
,{"stream_name":"stdout","time":25418.159190601,"data":"  {\"round\": 48, \"clients_done\": 15, \"of\": 100, \"lr\": 1.4063943157493203e-05, \"ce_mean\": 0.04767362799728663, \"grad_norm\": 2.0333841731039324, \"skipped\": 2, \"elapsed_s\": 147.4}\n"}
,{"stream_name":"stdout","time":25451.995584417,"data":"  {\"round\": 48, \"clients_done\": 20, \"of\": 100, \"lr\": 1.4063943157493203e-05, \"ce_mean\": 0.03954957371993031, \"grad_norm\": 1.4759510506828912, \"skipped\": 0, \"elapsed_s\": 181.3}\n"}
,{"stream_name":"stdout","time":25486.747114144,"data":"  {\"round\": 48, \"clients_done\": 25, \"of\": 100, \"lr\": 1.4063943157493203e-05, \"ce_mean\": 0.12183469172174077, \"grad_norm\": 4.20941931460084, \"skipped\": 3, \"elapsed_s\": 216.0}\n"}
,{"stream_name":"stdout","time":25515.246563808,"data":"  {\"round\": 48, \"clients_done\": 30, \"of\": 100, \"lr\": 1.4063943157493203e-05, \"ce_mean\": 0.16663805997824366, \"grad_norm\": 5.028837519778481, \"skipped\": 2, \"elapsed_s\": 244.6}\n"}
,{"stream_name":"stdout","time":25545.585066858,"data":"  {\"round\": 48, \"clients_done\": 35, \"of\": 100, \"lr\": 1.4063943157493203e-05, \"ce_mean\": 0.2220607729817344, \"grad_norm\": 6.140088355134304, \"skipped\": 2, \"elapsed_s\": 274.9}\n"}
,{"stream_name":"stdout","time":25569.225950815,"data":"  {\"round\": 48, \"clients_done\": 40, \"of\": 100, \"lr\": 1.4063943157493203e-05, \"ce_mean\": 0.106033271467182, \"grad_norm\": 3.944070878722858, \"skipped\": 3, \"elapsed_s\": 298.6}\n"}
,{"stream_name":"stdout","time":25597.518149752,"data":"  {\"round\": 48, \"clients_done\": 45, \"of\": 100, \"lr\": 1.4063943157493203e-05, \"ce_mean\": 0.12023958713888265, \"grad_norm\": 3.863670001498801, \"skipped\": 3, \"elapsed_s\": 326.8}\n"}
,{"stream_name":"stdout","time":25617.663476405,"data":"  {\"round\": 48, \"clients_done\": 50, \"of\": 100, \"lr\": 1.4063943157493203e-05, \"ce_mean\": 0.07980069663030635, \"grad_norm\": 2.5889259048655062, \"skipped\": 1, \"elapsed_s\": 347.0}\n"}
,{"stream_name":"stdout","time":25642.485658027,"data":"  {\"round\": 48, \"clients_done\": 55, \"of\": 100, \"lr\": 1.4063943157493203e-05, \"ce_mean\": 0.12829056653109464, \"grad_norm\": 4.243372483686968, \"skipped\": 2, \"elapsed_s\": 371.8}\n"}
,{"stream_name":"stdout","time":25659.941963551,"data":"  {\"round\": 48, \"clients_done\": 60, \"of\": 100, \"lr\": 1.4063943157493203e-05, \"ce_mean\": 0.10785414451776548, \"grad_norm\": 3.215345870616824, \"skipped\": 1, \"elapsed_s\": 389.3}\n"}
,{"stream_name":"stdout","time":25683.399845906,"data":"  {\"round\": 48, \"clients_done\": 65, \"of\": 100, \"lr\": 1.4063943157493203e-05, \"ce_mean\": 0.12292234398159585, \"grad_norm\": 3.5341233325098815, \"skipped\": 1, \"elapsed_s\": 412.7}\n"}
,{"stream_name":"stdout","time":25698.884304595,"data":"  {\"round\": 48, \"clients_done\": 70, \"of\": 100, \"lr\": 1.4063943157493203e-05, \"ce_mean\": 0.21923330857597964, \"grad_norm\": 5.519306293295078, \"skipped\": 2, \"elapsed_s\": 428.2}\n"}
,{"stream_name":"stdout","time":25720.021949386,"data":"  {\"round\": 48, \"clients_done\": 75, \"of\": 100, \"lr\": 1.4063943157493203e-05, \"ce_mean\": 0.14081988739351506, \"grad_norm\": 3.898955060107242, \"skipped\": 2, \"elapsed_s\": 449.3}\n"}
,{"stream_name":"stdout","time":25732.976744229,"data":"  {\"round\": 48, \"clients_done\": 80, \"of\": 100, \"lr\": 1.4063943157493203e-05, \"ce_mean\": 0.1273603503830767, \"grad_norm\": 3.5021132906853865, \"skipped\": 1, \"elapsed_s\": 462.3}\n"}
,{"stream_name":"stdout","time":25750.825197032,"data":"  {\"round\": 48, \"clients_done\": 85, \"of\": 100, \"lr\": 1.4063943157493203e-05, \"ce_mean\": 0.23679902364661404, \"grad_norm\": 6.050398571332977, \"skipped\": 2, \"elapsed_s\": 480.1}\n"}
,{"stream_name":"stdout","time":25761.534035431,"data":"  {\"round\": 48, \"clients_done\": 90, \"of\": 100, \"lr\": 1.4063943157493203e-05, \"ce_mean\": 0.20609447191346367, \"grad_norm\": 4.531623984282872, \"skipped\": 2, \"elapsed_s\": 490.9}\n"}
,{"stream_name":"stdout","time":25774.898684941,"data":"  {\"round\": 48, \"clients_done\": 95, \"of\": 100, \"lr\": 1.4063943157493203e-05, \"ce_mean\": 0.2784463361164593, \"grad_norm\": 5.6307957364484595, \"skipped\": 2, \"elapsed_s\": 504.2}\n"}
,{"stream_name":"stdout","time":25781.395936741,"data":"  {\"round\": 48, \"clients_done\": 100, \"of\": 100, \"lr\": 1.4063943157493203e-05, \"ce_mean\": 0.2821846734909784, \"grad_norm\": 5.824174572172619, \"skipped\": 1, \"elapsed_s\": 510.6}\n"}
,{"stream_name":"stdout","time":25795.804053128,"data":"  {\"round\": 48, \"completed\": true, \"accuracy\": 0.688958, \"precision_macro\": 0.671291, \"precision_micro\": 0.688958, \"precision_weighted\": 0.730326, \"recall_macro\": 0.733766, \"recall_micro\": 0.688958, \"recall_weighted\": 0.688958, \"f1_macro\": 0.684605, \"f1_micro\": 0.688958, \"f1_weighted\": 0.681785, \"train_s\": 510.6, \"aggregate_s\": 0.1, \"eval_s\": 14.3, \"round_s\": 525.1, \"commit_s\": 0.0, \"worst_round_s\": 664.4}\n"}
,{"stream_name":"stdout","time":25859.140687196,"data":"  {\"round\": 49, \"clients_done\": 5, \"of\": 100, \"lr\": 1.1017030588583515e-05, \"ce_mean\": 0.078125869396121, \"grad_norm\": 3.379454714752907, \"skipped\": 2, \"elapsed_s\": 63.3}\n"}
,{"stream_name":"stdout","time":25904.22158343,"data":"  {\"round\": 49, \"clients_done\": 10, \"of\": 100, \"lr\": 1.1017030588583515e-05, \"ce_mean\": 0.08013828040170688, \"grad_norm\": 3.094480464275487, \"skipped\": 3, \"elapsed_s\": 108.3}\n"}
,{"stream_name":"stdout","time":25943.914309257,"data":"  {\"round\": 49, \"clients_done\": 15, \"of\": 100, \"lr\": 1.1017030588583515e-05, \"ce_mean\": 0.05141232609509752, \"grad_norm\": 2.1382834828143804, \"skipped\": 1, \"elapsed_s\": 148.0}\n"}
,{"stream_name":"stdout","time":25980.965186612,"data":"  {\"round\": 49, \"clients_done\": 20, \"of\": 100, \"lr\": 1.1017030588583515e-05, \"ce_mean\": 0.04252777854315669, \"grad_norm\": 1.5354299202239772, \"skipped\": 0, \"elapsed_s\": 185.1}\n"}
,{"stream_name":"stdout","time":26014.913694015,"data":"  {\"round\": 49, \"clients_done\": 25, \"of\": 100, \"lr\": 1.1017030588583515e-05, \"ce_mean\": 0.1319669793823641, \"grad_norm\": 4.47533940445637, \"skipped\": 2, \"elapsed_s\": 219.0}\n"}
,{"stream_name":"stdout","time":26046.203883227,"data":"  {\"round\": 49, \"clients_done\": 30, \"of\": 100, \"lr\": 1.1017030588583515e-05, \"ce_mean\": 0.18748308701597327, \"grad_norm\": 5.446699673885512, \"skipped\": 3, \"elapsed_s\": 250.3}\n"}
,{"stream_name":"stdout","time":26074.235096469,"data":"  {\"round\": 49, \"clients_done\": 35, \"of\": 100, \"lr\": 1.1017030588583515e-05, \"ce_mean\": 0.24823365214155182, \"grad_norm\": 6.657535871047846, \"skipped\": 2, \"elapsed_s\": 278.4}\n"}
,{"stream_name":"stdout","time":26100.746909353,"data":"  {\"round\": 49, \"clients_done\": 40, \"of\": 100, \"lr\": 1.1017030588583515e-05, \"ce_mean\": 0.11867961077622964, \"grad_norm\": 4.25277724288439, \"skipped\": 3, \"elapsed_s\": 304.9}\n"}
,{"stream_name":"stdout","time":26126.434813714,"data":"  {\"round\": 49, \"clients_done\": 45, \"of\": 100, \"lr\": 1.1017030588583515e-05, \"ce_mean\": 0.1308668444012367, \"grad_norm\": 4.130988686151888, \"skipped\": 2, \"elapsed_s\": 330.6}\n"}
,{"stream_name":"stdout","time":26149.687993446,"data":"  {\"round\": 49, \"clients_done\": 50, \"of\": 100, \"lr\": 1.1017030588583515e-05, \"ce_mean\": 0.08941989700581517, \"grad_norm\": 2.7334946633655126, \"skipped\": 0, \"elapsed_s\": 353.8}\n"}
,{"stream_name":"stdout","time":26171.736333012,"data":"  {\"round\": 49, \"clients_done\": 55, \"of\": 100, \"lr\": 1.1017030588583515e-05, \"ce_mean\": 0.14364746483889493, \"grad_norm\": 4.645906621759588, \"skipped\": 2, \"elapsed_s\": 375.9}\n"}
,{"stream_name":"stdout","time":26193.66690549,"data":"  {\"round\": 49, \"clients_done\": 60, \"of\": 100, \"lr\": 1.1017030588583515e-05, \"ce_mean\": 0.11749772505326704, \"grad_norm\": 3.415965553977273, \"skipped\": 2, \"elapsed_s\": 397.8}\n"}
,{"stream_name":"stdout","time":26213.180904716,"data":"  {\"round\": 49, \"clients_done\": 65, \"of\": 100, \"lr\": 1.1017030588583515e-05, \"ce_mean\": 0.13410938842387138, \"grad_norm\": 3.7713356500939477, \"skipped\": 2, \"elapsed_s\": 417.4}\n"}
,{"stream_name":"stdout","time":26232.838870059,"data":"  {\"round\": 49, \"clients_done\": 70, \"of\": 100, \"lr\": 1.1017030588583515e-05, \"ce_mean\": 0.24411434807789237, \"grad_norm\": 5.9501339239557485, \"skipped\": 2, \"elapsed_s\": 437.0}\n"}
,{"stream_name":"stdout","time":26249.676774013,"data":"  {\"round\": 49, \"clients_done\": 75, \"of\": 100, \"lr\": 1.1017030588583515e-05, \"ce_mean\": 0.13813213138940847, \"grad_norm\": 3.665555471562781, \"skipped\": 1, \"elapsed_s\": 453.9}\n"}
,{"stream_name":"stdout","time":26266.987999164,"data":"  {\"round\": 49, \"clients_done\": 80, \"of\": 100, \"lr\": 1.1017030588583515e-05, \"ce_mean\": 0.1407345684254227, \"grad_norm\": 3.8026494565217392, \"skipped\": 1, \"elapsed_s\": 471.1}\n"}
,{"stream_name":"stdout","time":26281.249878752,"data":"  {\"round\": 49, \"clients_done\": 85, \"of\": 100, \"lr\": 1.1017030588583515e-05, \"ce_mean\": 0.18397173339324854, \"grad_norm\": 4.201214683929995, \"skipped\": 1, \"elapsed_s\": 485.4}\n"}
,{"stream_name":"stdout","time":26295.932112102,"data":"  {\"round\": 49, \"clients_done\": 90, \"of\": 100, \"lr\": 1.1017030588583515e-05, \"ce_mean\": 0.44988685365411063, \"grad_norm\": 9.17390453086797, \"skipped\": 2, \"elapsed_s\": 500.1}\n"}
,{"stream_name":"stdout","time":26305.842802872,"data":"  {\"round\": 49, \"clients_done\": 95, \"of\": 100, \"lr\": 1.1017030588583515e-05, \"ce_mean\": 0.2542199603581833, \"grad_norm\": 5.9813791048728815, \"skipped\": 2, \"elapsed_s\": 510.0}\n"}
,{"stream_name":"stdout","time":26314.420719424,"data":"  {\"round\": 49, \"clients_done\": 100, \"of\": 100, \"lr\": 1.1017030588583515e-05, \"ce_mean\": 0.3959599292184424, \"grad_norm\": 8.391815586040027, \"skipped\": 3, \"elapsed_s\": 518.6}\n"}
,{"stream_name":"stdout","time":26328.754189616,"data":"  {\"round\": 49, \"completed\": true, \"accuracy\": 0.693475, \"precision_macro\": 0.677119, \"precision_micro\": 0.693475, \"precision_weighted\": 0.733455, \"recall_macro\": 0.736065, \"recall_micro\": 0.693475, \"recall_weighted\": 0.693475, \"f1_macro\": 0.690066, \"f1_micro\": 0.693475, \"f1_weighted\": 0.687761, \"train_s\": 518.6, \"aggregate_s\": 0.1, \"eval_s\": 14.2, \"round_s\": 532.9, \"commit_s\": 0.0, \"worst_round_s\": 664.4}\n"}
,{"stream_name":"stdout","time":26393.171757587,"data":"  {\"round\": 50, \"clients_done\": 5, \"of\": 100, \"lr\": 1e-05, \"ce_mean\": 0.07979872947515443, \"grad_norm\": 3.4015809524890988, \"skipped\": 2, \"elapsed_s\": 64.4}\n"}
,{"stream_name":"stdout","time":26438.325765462,"data":"  {\"round\": 50, \"clients_done\": 10, \"of\": 100, \"lr\": 1e-05, \"ce_mean\": 0.08165042090961952, \"grad_norm\": 3.1336869334446567, \"skipped\": 2, \"elapsed_s\": 109.5}\n"}
,{"stream_name":"stdout","time":26478.770668713,"data":"  {\"round\": 50, \"clients_done\": 15, \"of\": 100, \"lr\": 1e-05, \"ce_mean\": 0.0523182011683495, \"grad_norm\": 2.154605747655937, \"skipped\": 1, \"elapsed_s\": 149.9}\n"}
,{"stream_name":"stdout","time":26512.287671779,"data":"  {\"round\": 50, \"clients_done\": 20, \"of\": 100, \"lr\": 1e-05, \"ce_mean\": 0.043523568901226675, \"grad_norm\": 1.5445088997161647, \"skipped\": 0, \"elapsed_s\": 183.5}\n"}
,{"stream_name":"stdout","time":26546.656200934,"data":"  {\"round\": 50, \"clients_done\": 25, \"of\": 100, \"lr\": 1e-05, \"ce_mean\": 0.1355135548743365, \"grad_norm\": 4.504126808212786, \"skipped\": 2, \"elapsed_s\": 217.8}\n"}
,{"stream_name":"stdout","time":26574.620705954,"data":"  {\"round\": 50, \"clients_done\": 30, \"of\": 100, \"lr\": 1e-05, \"ce_mean\": 0.19130223669421226, \"grad_norm\": 5.502804030521784, \"skipped\": 3, \"elapsed_s\": 245.9}\n"}
,{"stream_name":"stdout","time":26605.599754165,"data":"  {\"round\": 50, \"clients_done\": 35, \"of\": 100, \"lr\": 1e-05, \"ce_mean\": 0.25794234059680154, \"grad_norm\": 6.797219283365976, \"skipped\": 2, \"elapsed_s\": 276.8}\n"}
,{"stream_name":"stdout","time":26628.697902171,"data":"  {\"round\": 50, \"clients_done\": 40, \"of\": 100, \"lr\": 1e-05, \"ce_mean\": 0.12168352368851783, \"grad_norm\": 4.337738753484448, \"skipped\": 3, \"elapsed_s\": 299.9}\n"}
,{"stream_name":"stdout","time":26658.12104898,"data":"  {\"round\": 50, \"clients_done\": 45, \"of\": 100, \"lr\": 1e-05, \"ce_mean\": 0.13326218172488205, \"grad_norm\": 4.157701678587477, \"skipped\": 2, \"elapsed_s\": 329.3}\n"}
,{"stream_name":"stdout","time":26678.688553415,"data":"  {\"round\": 50, \"clients_done\": 50, \"of\": 100, \"lr\": 1e-05, \"ce_mean\": 0.09153515933833015, \"grad_norm\": 2.7155070908060086, \"skipped\": 0, \"elapsed_s\": 349.9}\n"}
,{"stream_name":"stdout","time":26705.242904284,"data":"  {\"round\": 50, \"clients_done\": 55, \"of\": 100, \"lr\": 1e-05, \"ce_mean\": 0.14674496735421663, \"grad_norm\": 4.691398962220149, \"skipped\": 3, \"elapsed_s\": 376.4}\n"}
,{"stream_name":"stdout","time":26722.792320113,"data":"  {\"round\": 50, \"clients_done\": 60, \"of\": 100, \"lr\": 1e-05, \"ce_mean\": 0.12030190090800441, \"grad_norm\": 3.394442536110102, \"skipped\": 1, \"elapsed_s\": 394.0}\n"}
,{"stream_name":"stdout","time":26746.611488916,"data":"  {\"round\": 50, \"clients_done\": 65, \"of\": 100, \"lr\": 1e-05, \"ce_mean\": 0.1372250643643466, \"grad_norm\": 3.771866894145257, \"skipped\": 1, \"elapsed_s\": 417.8}\n"}
,{"stream_name":"stdout","time":26762.018442084,"data":"  {\"round\": 50, \"clients_done\": 70, \"of\": 100, \"lr\": 1e-05, \"ce_mean\": 0.13484503807635553, \"grad_norm\": 3.68619565425695, \"skipped\": 2, \"elapsed_s\": 433.3}\n"}
,{"stream_name":"stdout","time":26783.389500873,"data":"  {\"round\": 50, \"clients_done\": 75, \"of\": 100, \"lr\": 1e-05, \"ce_mean\": 0.158695291329134, \"grad_norm\": 4.134673734432657, \"skipped\": 2, \"elapsed_s\": 454.6}\n"}
,{"stream_name":"stdout","time":26796.73789144,"data":"  {\"round\": 50, \"clients_done\": 80, \"of\": 100, \"lr\": 1e-05, \"ce_mean\": 0.14327808324841484, \"grad_norm\": 3.82364177611715, \"skipped\": 1, \"elapsed_s\": 468.0}\n"}
,{"stream_name":"stdout","time":26814.899152136,"data":"  {\"round\": 50, \"clients_done\": 85, \"of\": 100, \"lr\": 1e-05, \"ce_mean\": 0.2761270984592479, \"grad_norm\": 6.805590349805942, \"skipped\": 2, \"elapsed_s\": 486.0}\n"}
,{"stream_name":"stdout","time":26825.468024877,"data":"  {\"round\": 50, \"clients_done\": 90, \"of\": 100, \"lr\": 1e-05, \"ce_mean\": 0.2367503508081976, \"grad_norm\": 4.985072873673349, \"skipped\": 2, \"elapsed_s\": 496.7}\n"}
,{"stream_name":"stdout","time":26838.470622514,"data":"  {\"round\": 50, \"clients_done\": 95, \"of\": 100, \"lr\": 1e-05, \"ce_mean\": 0.2647369807967787, \"grad_norm\": 6.100635969400039, \"skipped\": 2, \"elapsed_s\": 509.7}\n"}
,{"stream_name":"stdout","time":26844.873028906,"data":"  {\"round\": 50, \"clients_done\": 100, \"of\": 100, \"lr\": 1e-05, \"ce_mean\": 0.3251657053508167, \"grad_norm\": 6.294282681048628, \"skipped\": 2, \"elapsed_s\": 516.1}\n"}
,{"stream_name":"stdout","time":26859.36363024,"data":"  {\"round\": 50, \"completed\": true, \"accuracy\": 0.696708, \"precision_macro\": 0.682763, \"precision_micro\": 0.696708, \"precision_weighted\": 0.736415, \"recall_macro\": 0.737926, \"recall_micro\": 0.696708, \"recall_weighted\": 0.696708, \"f1_macro\": 0.694934, \"f1_micro\": 0.696708, \"f1_weighted\": 0.692195, \"train_s\": 516.1, \"aggregate_s\": 0.1, \"eval_s\": 14.3, \"round_s\": 530.5, \"commit_s\": 0.0, \"worst_round_s\": 664.4}\n"}
,{"stream_name":"stdout","time":26864.51897802,"data":"done in 7.46 h; last complete round 50\n"}
,{"stream_name":"stdout","time":26865.156172451,"data":"\n"}
,{"stream_name":"stdout","time":26865.156220132,"data":"exit=0 after 7.46 h\n"}
,{"stream_name":"stdout","time":26865.898967981,"data":"50 completed rounds\n"}
,{"stream_name":"stdout","time":26866.304645906,"data":"{\n"}
,{"stream_name":"stdout","time":26866.304680868,"data":"  \"round\": 50,\n"}
,{"stream_name":"stdout","time":26866.304685164,"data":"  \"accuracy\": 0.6967081153346752,\n"}
,{"stream_name":"stdout","time":26866.304688393,"data":"  \"precision_macro\": 0.6827628562414441,\n"}
,{"stream_name":"stdout","time":26866.304691503,"data":"  \"precision_micro\": 0.6967081153346752,\n"}
,{"stream_name":"stdout","time":26866.304694692,"data":"  \"precision_weighted\": 0.7364148848647936,\n"}
,{"stream_name":"stdout","time":26866.30469811,"data":"  \"recall_macro\": 0.7379263109522882,\n"}
,{"stream_name":"stdout","time":26866.304716695,"data":"  \"recall_micro\": 0.6967081153346752,\n"}
,{"stream_name":"stdout","time":26866.304722333,"data":"  \"recall_weighted\": 0.6967081153346752,\n"}
,{"stream_name":"stdout","time":26866.30472753,"data":"  \"f1_macro\": 0.6949338089302641,\n"}
,{"stream_name":"stdout","time":26866.304732739,"data":"  \"f1_micro\": 0.6967081153346752,\n"}
,{"stream_name":"stdout","time":26866.304737725,"data":"  \"f1_weighted\": 0.6921952135767951,\n"}
,{"stream_name":"stdout","time":26866.304742101,"data":"  \"timing\": {\n"}
,{"stream_name":"stdout","time":26866.30474643,"data":"    \"train_s\": 516.1186851349994,\n"}
,{"stream_name":"stdout","time":26866.304750911,"data":"    \"aggregate_s\": 0.123287694001192,\n"}
,{"stream_name":"stdout","time":26866.304755318,"data":"    \"eval_s\": 14.292611207001755,\n"}
,{"stream_name":"stdout","time":26866.30476137,"data":"    \"round_s\": 530.5345858179971\n"}
,{"stream_name":"stdout","time":26866.304768577,"data":"  },\n"}
,{"stream_name":"stdout","time":26866.304771612,"data":"  \"test_rows\": 10761343\n"}
,{"stream_name":"stdout","time":26866.304774564,"data":"}\n"}
,{"stream_name":"stdout","time":26866.304777331,"data":"\n"}
,{"stream_name":"stdout","time":26866.304780689,"data":"artifact sizes:\n"}
,{"stream_name":"stdout","time":26866.304783562,"data":"4.0K\t/kaggle/working/runs/afpha-dagsnet-100client/clusters.json\r\n"}
,{"stream_name":"stdout","time":26866.304786782,"data":"4.0K\t/kaggle/working/runs/afpha-dagsnet-100client/config.json\r\n"}
,{"stream_name":"stdout","time":26866.30478976,"data":"4.0K\t/kaggle/working/runs/afpha-dagsnet-100client/wandb_run.json\r\n"}
,{"stream_name":"stdout","time":26866.304792721,"data":"40K\t/kaggle/working/runs/afpha-dagsnet-100client/model_source\r\n"}
,{"stream_name":"stdout","time":26866.304795695,"data":"192K\t/kaggle/working/runs/afpha-dagsnet-100client/heartbeat.jsonl\r\n"}
,{"stream_name":"stdout","time":26866.304798788,"data":"204K\t/kaggle/working/runs/afpha-dagsnet-100client/complete\r\n"}
,{"stream_name":"stdout","time":26866.304816067,"data":"204K\t/kaggle/working/runs/afpha-dagsnet-100client/confusion\r\n"}
,{"stream_name":"stdout","time":26866.304833616,"data":"204K\t/kaggle/working/runs/afpha-dagsnet-100client/per_class\r\n"}
,{"stream_name":"stdout","time":26866.30483753,"data":"204K\t/kaggle/working/runs/afpha-dagsnet-100client/resume\r\n"}
,{"stream_name":"stdout","time":26866.304840912,"data":"212K\t/kaggle/working/runs/afpha-dagsnet-100client/metrics\r\n"}
,{"stream_name":"stdout","time":26866.304844316,"data":"2.8M\t/kaggle/working/runs/afpha-dagsnet-100client/client_log\r\n"}
,{"stream_name":"stdout","time":26866.304847695,"data":"6.4M\t/kaggle/working/runs/afpha-dagsnet-100client/wandb\r\n"}
,{"stream_name":"stdout","time":26866.304851106,"data":"79M\t/kaggle/working/runs/afpha-dagsnet-100client/weights\r\n"}
,{"stream_name":"stdout","time":26866.304854536,"data":"524M\t/kaggle/working/runs/afpha-dagsnet-100client/preds\r\n"}
,{"stream_name":"stderr","time":26870.066024657,"data":"/usr/local/lib/python3.12/dist-packages/mistune.py:435: SyntaxWarning: invalid escape sequence '\\|'\n"}
,{"stream_name":"stderr","time":26870.066069456,"data":"  cells[i][c] = re.sub('\\\\\\\\\\|', '|', cell)\n"}
,{"stream_name":"stderr","time":26870.245716466,"data":"/usr/local/lib/python3.12/dist-packages/nbconvert/filters/filter_links.py:36: SyntaxWarning: invalid escape sequence '\\_'\n"}
,{"stream_name":"stderr","time":26870.245742998,"data":"  text = re.sub(r'_', '\\_', text) # Escape underscores in display text\n"}
,{"stream_name":"stderr","time":26870.8419509,"data":"[NbConvertApp] Converting notebook __notebook__.ipynb to notebook\n"}
,{"stream_name":"stderr","time":26871.316897061,"data":"[NbConvertApp] Writing 480704 bytes to __notebook__.ipynb\n"}
,{"stream_name":"stderr","time":26873.606717822,"data":"[NbConvertApp] Converting notebook __notebook__.ipynb to html\n"}
,{"stream_name":"stderr","time":26874.497273213,"data":"[NbConvertApp] Support files will be in __results___files/\n"}
,{"stream_name":"stderr","time":26874.49729719,"data":"[NbConvertApp] Making directory __results___files\n"}
,{"stream_name":"stderr","time":26874.497464701,"data":"[NbConvertApp] Writing 980718 bytes to __results__.html\n"}
]