round,rule,client_id,accuracy,precision_macro,precision_micro,precision_weighted,recall_macro,recall_micro,recall_weighted,f1_macro,f1_micro,f1_weighted
1,proto,0,0.6514579081811629,0.6461947428319269,0.6514579081811629,0.7384445119320258,0.637961902015765,0.6514579081811629,0.6514579081811629,0.6135892711381333,0.6514579081811629,0.6749597915155829
1,proto,1,0.5647974421036482,0.6145816270296965,0.5647974421036482,0.6908284488628207,0.6100061034361324,0.5647974421036482,0.5647974421036481,0.544050322745146,0.5647974421036482,0.5510873919683069
1,proto,2,0.6625086664368937,0.6527488345667605,0.6625086664368937,0.7135768502171013,0.6014126683804,0.6625086664368937,0.6625086664368935,0.6055372908377141,0.6625086664368937,0.6747815519179232
1,proto,3,0.6675476285813026,0.6422033910288268,0.6675476285813026,0.7273646796003267,0.6588205098256006,0.6675476285813026,0.6675476285813025,0.6344954497477178,0.6675476285813026,0.6833217672855716
1,proto,4,0.679446886880197,0.6579138321116706,0.679446886880197,0.7327542135324485,0.6610310567998652,0.679446886880197,0.679446886880197,0.642458935644253,0.679446886880197,0.6964647518726309
1,proto,5,0.663231531603444,0.6557281230063646,0.663231531603444,0.7346169190154955,0.6471774025913111,0.663231531603444,0.6632315316034438,0.63278722052171,0.663231531603444,0.6835677878990456
1,proto,6,0.6984610563941694,0.713429468940757,0.6984610563941694,0.7581540797061317,0.6775156221672546,0.6984610563941694,0.6984610563941694,0.6783211787488748,0.6984610563941694,0.7199017170854397
1,proto,7,0.5668910469631904,0.6231035835563654,0.5668910469631904,0.7131070407821667,0.5657337383830925,0.5668910469631904,0.5668910469631903,0.5641498417121203,0.5668910469631904,0.6058807340212814
1,proto,8,0.6974588580626042,0.7080643787364893,0.6974588580626042,0.7631545069665644,0.7034257169947242,0.6974588580626042,0.6974588580626042,0.6890351708345475,0.6974588580626042,0.714335921118988
1,proto,9,0.6018555490704087,0.6085131083350508,0.6018555490704087,0.7314281413237542,0.5868815332307757,0.6018555490704087,0.6018555490704088,0.5663370607089679,0.6018555490704087,0.6283446921456969
1,proto,10,0.6614095471169351,0.6654435885916932,0.6614095471169351,0.7392032899055734,0.6657572294047713,0.6614095471169351,0.6614095471169351,0.6457229432409577,0.6614095471169351,0.6670598700135699
1,proto,11,0.6672860441303655,0.6135017746681537,0.6672860441303655,0.708622821271151,0.5932587641495004,0.6672860441303655,0.6672860441303654,0.5816225265823589,0.6672860441303655,0.6802652319633457
1,proto,12,0.5138390254822284,0.538771323725513,0.5138390254822284,0.6399687658282331,0.4715220385641684,0.5138390254822284,0.5138390254822284,0.470774155968667,0.5138390254822284,0.5494960168382681
1,proto,13,0.6100548044979144,0.6552101031905216,0.6100548044979144,0.7431677079015894,0.6041435305987929,0.6100548044979144,0.6100548044979145,0.5857813464201658,0.6100548044979144,0.6278615391662343
1,proto,14,0.5940065287390245,0.6258295462993008,0.5940065287390245,0.7285561346157157,0.6049056730734776,0.5940065287390245,0.5940065287390244,0.5613105219022214,0.5940065287390245,0.591807842577883
1,proto,15,0.6046676516118853,0.5946030885875002,0.6046676516118853,0.6975329277466702,0.6377799724839808,0.6046676516118853,0.6046676516118853,0.5811176754880211,0.6046676516118853,0.6228864953397588
1,proto,16,0.5632692871140712,0.5859339404614965,0.5632692871140712,0.7069937227719786,0.6174738268308254,0.5632692871140712,0.5632692871140712,0.5532217645279488,0.5632692871140712,0.5730928918702922
1,proto,17,0.5772190329775754,0.6765143820510221,0.5772190329775754,0.7416118165472871,0.6772248314030186,0.5772190329775754,0.5772190329775754,0.6488560979713243,0.5772190329775754,0.6176151103099803
1,proto,18,0.5939317239493249,0.548659987530684,0.5939317239493249,0.700024537089363,0.6309369092087487,0.5939317239493249,0.5939317239493249,0.532213579046649,0.5939317239493249,0.5742414169171883
1,proto,19,0.645831379968095,0.58990674886397,0.645831379968095,0.6997927486251696,0.6424551323792891,0.645831379968095,0.645831379968095,0.5947355788195907,0.645831379968095,0.6535684936042787
1,clf,0,0.7126144013809429,0.7267523969702347,0.7126144013809429,0.7642960308042689,0.5993302861116554,0.7126144013809429,0.7126144013809429,0.5810647317907586,0.7126144013809429,0.6983189313229864
1,clf,1,0.3784993192764137,0.5338237172049058,0.3784993192764137,0.6132094445971132,0.5409562970919719,0.3784993192764137,0.3784993192764137,0.37971305573758574,0.3784993192764137,0.3198873270738766
1,clf,2,0.6175481071461062,0.7341014945262619,0.6175481071461062,0.7316692104232352,0.5288200919868342,0.6175481071461062,0.6175481071461062,0.4948320979813433,0.6175481071461062,0.5995174554121379
1,clf,3,0.5564881632339012,0.5774208412671338,0.5564881632339012,0.6860918682994157,0.6289811604316611,0.5564881632339012,0.5564881632339013,0.532946698174948,0.5564881632339012,0.5553995657194158
1,clf,4,0.6210880928151812,0.614040861149941,0.6210880928151812,0.7159918218339633,0.6081204600674455,0.6210880928151812,0.6210880928151812,0.5165111403069341,0.6210880928151812,0.6135720457283409
1,clf,5,0.6426577054555366,0.7044864664551712,0.6426577054555366,0.7488525786109194,0.5458362497423146,0.6426577054555366,0.6426577054555366,0.5236096303868649,0.6426577054555366,0.6308888900838518
1,clf,6,0.7539421427232642,0.7267478810654251,0.7539421427232642,0.7580531809118752,0.661110557485946,0.7539421427232642,0.7539421427232642,0.6716774841191726,0.7539421427232642,0.7440079750638076
1,clf,7,0.5222223657400382,0.6646065278261644,0.5222223657400382,0.7166607700756448,0.4990532485234631,0.5222223657400382,0.5222223657400382,0.46427973562694996,0.5222223657400382,0.5242326209122877
1,clf,8,0.733223446181392,0.7263956947719526,0.733223446181392,0.7536052964477558,0.694836204860942,0.733223446181392,0.733223446181392,0.6923578594513025,0.733223446181392,0.7292713371113063
1,clf,9,0.4006245317150471,0.6094925345893789,0.4006245317150471,0.6724719233601317,0.49122658469549635,0.4006245317150471,0.4006245317150471,0.40581701294764777,0.4006245317150471,0.34912453410051514
1,clf,10,0.6449855747558646,0.6650495150574135,0.6449855747558646,0.735483156939845,0.670631511777711,0.6449855747558646,0.6449855747558646,0.6363495495929309,0.6449855747558646,0.6275511194920751
1,clf,11,0.5334560007984134,0.5749134620755949,0.5334560007984134,0.649480746504105,0.47154978359296473,0.5334560007984134,0.5334560007984133,0.42964878137163975,0.5334560007984134,0.5056371420841139
1,clf,12,0.37491565876117877,0.532078229317104,0.37491565876117877,0.43086778396840175,0.36123957620320996,0.37491565876117877,0.3749156587611788,0.28513571997765125,0.37491565876117877,0.3232224363636491
1,clf,13,0.5845552920300003,0.6500095312248622,0.5845552920300003,0.7215853185048715,0.5134916926408057,0.5845552920300003,0.5845552920300003,0.4957141985075605,0.5845552920300003,0.5694299203289921
1,clf,14,0.5810301743936607,0.700852658237038,0.5810301743936607,0.7572455445648779,0.5437061265894438,0.5810301743936607,0.5810301743936608,0.4860304020158648,0.5810301743936607,0.5608915229518499
1,clf,15,0.3908255688904257,0.5178789651228819,0.3908255688904257,0.6368735863877207,0.5724990876426642,0.3908255688904257,0.3908255688904257,0.42766922651940154,0.3908255688904257,0.3588598149597776
1,clf,16,0.3750480771777277,0.5198557087448269,0.3750480771777277,0.6016220412155702,0.538377911662575,0.3750480771777277,0.3750480771777277,0.4114541539475075,0.3750480771777277,0.3243727509214832
1,clf,17,0.6485890283396785,0.7088659097740967,0.6485890283396785,0.7464667347224498,0.679030102659098,0.6485890283396785,0.6485890283396785,0.638295867895066,0.6485890283396785,0.6208220098845396
1,clf,18,0.5460329626144246,0.532632443363205,0.5460329626144246,0.6628854605520523,0.565115045779508,0.5460329626144246,0.5460329626144247,0.42884457013582566,0.5460329626144246,0.502189036836806
1,clf,19,0.5354078017957424,0.6117732047080962,0.5354078017957424,0.6762428577002262,0.5172229775930839,0.5354078017957424,0.5354078017957424,0.4727933685866336,0.5354078017957424,0.5402517997216041
2,proto,0,0.667875097002298,0.6891825196227525,0.667875097002298,0.7620498861509615,0.6642623884235606,0.667875097002298,0.667875097002298,0.6439913474599743,0.667875097002298,0.6903470845822953
2,proto,1,0.5611057095754685,0.6469656948190408,0.5611057095754685,0.6861426847720132,0.6268293609205777,0.5611057095754685,0.5611057095754683,0.5702037328671865,0.5611057095754685,0.5517085779271239
2,proto,2,0.6437231858514314,0.6762080449891654,0.6437231858514314,0.73953093016246,0.6304504163992972,0.6437231858514314,0.6437231858514314,0.6251298480114651,0.6437231858514314,0.6724256781142911
2,proto,3,0.6744399839313736,0.6812457058518392,0.6744399839313736,0.7326831887310322,0.6821139022136167,0.6744399839313736,0.6744399839313736,0.669197528733857,0.6744399839313736,0.6896889762153309
2,proto,4,0.6695869651213607,0.6778138472467722,0.6695869651213607,0.7427864884685722,0.6800098511378465,0.6695869651213607,0.6695869651213607,0.6601768009471627,0.6695869651213607,0.6906151975946233
2,proto,5,0.6806771236638401,0.6949350590265493,0.6806771236638401,0.7476827541024437,0.6588488636251167,0.6806771236638401,0.68067712366384,0.6604409816514574,0.6806771236638401,0.700103972069277
2,proto,6,0.711240223455381,0.7400873833390593,0.711240223455381,0.7739027450579627,0.6897400192732623,0.711240223455381,0.711240223455381,0.689912083415176,0.711240223455381,0.7295930760436493
2,proto,7,0.5865164784729936,0.688926966846373,0.5865164784729936,0.7560316873302853,0.639353165171922,0.5865164784729936,0.5865164784729936,0.6197959558570552,0.5865164784729936,0.623695440021279
2,proto,8,0.6971406821620685,0.7311012561967741,0.6971406821620685,0.7658958101968256,0.7157927110062432,0.6971406821620685,0.6971406821620685,0.7083917641784023,0.6971406821620685,0.713974197136106
2,proto,9,0.6114865031251211,0.6454142624721885,0.6114865031251211,0.736596903653645,0.6105260252433725,0.6114865031251211,0.6114865031251211,0.6008400090735591,0.6114865031251211,0.6372487240027217
2,proto,10,0.6704034988941436,0.6967580176272644,0.6704034988941436,0.7544771558142596,0.6763635593336395,0.6704034988941436,0.6704034988941436,0.6695732798877344,0.6704034988941436,0.6826212395448562
2,proto,11,0.6234601015876922,0.6593144493045487,0.6234601015876922,0.7267424288343652,0.6159892523386135,0.6234601015876922,0.6234601015876922,0.613483376613428,0.6234601015876922,0.6564646131978424
2,proto,12,0.5573945556795281,0.5923103511358077,0.5573945556795281,0.6495185632230344,0.5363513901243895,0.5573945556795281,0.5573945556795281,0.5341445044731291,0.5573945556795281,0.5804318571066353
2,proto,13,0.6420228404577384,0.6783869139261461,0.6420228404577384,0.7549727023144917,0.6543925755303776,0.6420228404577384,0.6420228404577384,0.6269521062608183,0.6420228404577384,0.6531281321241271
2,proto,14,0.5968746651788722,0.6619355978816346,0.5968746651788722,0.7449921021396144,0.6300375532502414,0.5968746651788722,0.5968746651788722,0.5910689577641268,0.5968746651788722,0.5953885689651411
2,proto,15,0.6539814779623696,0.6951527621951001,0.6539814779623696,0.7336233693551758,0.6903976813254451,0.6539814779623696,0.6539814779623696,0.673365026742039,0.6539814779623696,0.6727170832371665
2,proto,16,0.5866922000348841,0.6389139854112142,0.5866922000348841,0.6983666508388529,0.6393082747301309,0.5866922000348841,0.5866922000348841,0.5993575476857674,0.5866922000348841,0.5887851285810468
2,proto,17,0.5901688107144247,0.69452668988956,0.5901688107144247,0.7344301256397792,0.6914605382031095,0.5901688107144247,0.5901688107144247,0.6640191900743455,0.5901688107144247,0.6210230506346526
2,proto,18,0.6058444564028858,0.5836115884720308,0.6058444564028858,0.71631528617314,0.6493121994362846,0.6058444564028858,0.6058444564028858,0.5701735005791615,0.6058444564028858,0.5945755818292695
2,proto,19,0.6698837682248396,0.6266117443994519,0.6698837682248396,0.7001342624282947,0.6636175189874859,0.6698837682248396,0.6698837682248395,0.6311055171589215,0.6698837682248396,0.6703190534743253
2,clf,0,0.6971120611990529,0.7249402282631152,0.6971120611990529,0.7585961508112048,0.6096403738155295,0.6971120611990529,0.6971120611990529,0.5930899955440849,0.6971120611990529,0.6931749599992247
2,clf,1,0.35468128838565965,0.5568576636652214,0.35468128838565965,0.6630899001379114,0.5305561992431841,0.35468128838565965,0.3546812883856597,0.36233743489321923,0.35468128838565965,0.2803555525982263
2,clf,2,0.6196447785374001,0.7233292310806951,0.6196447785374001,0.7220606385112799,0.5455838658262937,0.6196447785374001,0.6196447785374,0.5041298697336901,0.6196447785374001,0.5958244767447574
2,clf,3,0.5594089882647547,0.6198807907962564,0.5594089882647547,0.7011196069750075,0.6345583500119312,0.5594089882647547,0.5594089882647547,0.559129106834489,0.5594089882647547,0.5641889351516842
2,clf,4,0.6430982638505249,0.6358052126224177,0.6430982638505249,0.7222362666041267,0.6459647872523515,0.6430982638505249,0.643098263850525,0.559339595027438,0.6430982638505249,0.6314418175671275
2,clf,5,0.6612642120969474,0.6822629091966881,0.6612642120969474,0.7331137252982537,0.5801653161992935,0.6612642120969474,0.6612642120969474,0.5615927561016091,0.6612642120969474,0.6514071557099155
2,clf,6,0.7633887331720586,0.7341816024699471,0.7633887331720586,0.7627426603983274,0.6840341406989945,0.7633887331720586,0.7633887331720585,0.6862884121355959,0.7633887331720586,0.7523484377396226
2,clf,7,0.6084489640372953,0.6945185326397461,0.6084489640372953,0.7433020060911769,0.5930004773289512,0.6084489640372953,0.6084489640372954,0.5851996131021354,0.6084489640372953,0.6358098953254954
2,clf,8,0.7521703378472371,0.7340112833216248,0.7521703378472371,0.7608998690089877,0.7137734191422576,0.7521703378472371,0.7521703378472371,0.709515201663768,0.7521703378472371,0.7437209526302547
2,clf,9,0.41021274017564535,0.6132355826537068,0.41021274017564535,0.6184129802529983,0.5149080319727883,0.41021274017564535,0.41021274017564535,0.43376858350425207,0.41021274017564535,0.3633569025806095
2,clf,10,0.6583011060980029,0.68697484096174,0.6583011060980029,0.7504228519516651,0.6974326343140074,0.6583011060980029,0.6583011060980029,0.6595746102190796,0.6583011060980029,0.6355138342349922
2,clf,11,0.5291452005572167,0.5803249999412586,0.5291452005572167,0.6474691047135959,0.4822363480180131,0.5291452005572167,0.5291452005572167,0.4386508088066757,0.5291452005572167,0.5186225226377634
2,clf,12,0.36101200379915405,0.5165939709947018,0.36101200379915405,0.4237660038173324,0.3611089324802286,0.36101200379915405,0.3610120037991541,0.2789422792086183,0.36101200379915405,0.3090953774108237
2,clf,13,0.5957876261355112,0.6694895495153061,0.5957876261355112,0.724795413878206,0.5311654207996442,0.5957876261355112,0.5957876261355111,0.5119856145529186,0.5957876261355112,0.5761386370156003
2,clf,14,0.5911390427756089,0.7006843698222034,0.5911390427756089,0.7541966449856873,0.5660774311940855,0.5911390427756089,0.591139042775609,0.5101781636495847,0.5911390427756089,0.5674064003024375
2,clf,15,0.4304414421136841,0.5700672107194742,0.4304414421136841,0.6624003308467138,0.6101341678858803,0.4304414421136841,0.4304414421136841,0.4892367740500291,0.4304414421136841,0.3944834443349906
2,clf,16,0.38661196841323614,0.5088790193972822,0.38661196841323614,0.6282410195523778,0.5536314350623778,0.38661196841323614,0.38661196841323614,0.41871406766802477,0.38661196841323614,0.3300148859501709
2,clf,17,0.6561813892559692,0.7220027429470502,0.6561813892559692,0.753302485465331,0.7060439679285638,0.6561813892559692,0.6561813892559692,0.6651122498923485,0.6561813892559692,0.6269977187525975
2,clf,18,0.5597207523261735,0.5551556776560375,0.5597207523261735,0.6759252898751794,0.5803847423226053,0.5597207523261735,0.5597207523261734,0.45557676636920585,0.5597207523261735,0.5209647920782472
2,clf,19,0.4993064527354997,0.6058213079562709,0.4993064527354997,0.6602279609637778,0.5234743531419914,0.4993064527354997,0.4993064527354997,0.46242242870638517,0.4993064527354997,0.49487662490631246
3,proto,0,0.6417120985735703,0.6852263649925515,0.6417120985735703,0.7594232588764522,0.6543687566822234,0.6417120985735703,0.6417120985735703,0.6299567991892727,0.6417120985735703,0.6662263436326445
3,proto,1,0.5820828311113213,0.661200267348105,0.5820828311113213,0.6652143079558178,0.6384102726080481,0.5820828311113213,0.5820828311113213,0.5862668918455336,0.5820828311113213,0.5683964533397254
3,proto,2,0.6630520930333695,0.6921444372310406,0.6630520930333695,0.7295960727274948,0.6287064000286664,0.6630520930333695,0.6630520930333695,0.6341943984580387,0.6630520930333695,0.682119522388558
3,proto,3,0.6497809799390281,0.6843731443027279,0.6497809799390281,0.7314444203431911,0.6683981946636597,0.6497809799390281,0.649780979939028,0.6571885697411065,0.6497809799390281,0.6743134853854922
3,proto,4,0.6704002465119827,0.677755384686497,0.6704002465119827,0.7430420499088233,0.6868186258275144,0.6704002465119827,0.6704002465119827,0.6621074134914082,0.6704002465119827,0.6901060063870916
3,proto,5,0.6572450111477721,0.6907458882090615,0.6572450111477721,0.7535254915326364,0.6543730171098333,0.6572450111477721,0.6572450111477722,0.6475241273663399,0.6572450111477721,0.6869991597905251
3,proto,6,0.6894022428241531,0.7354900726158475,0.6894022428241531,0.7621888631289395,0.6789176168755452,0.6894022428241531,0.6894022428241531,0.6816055426486752,0.6894022428241531,0.7099059856750632
3,proto,7,0.5904991598167626,0.6956809129333918,0.5904991598167626,0.7552468413227185,0.6452719751740117,0.5904991598167626,0.5904991598167626,0.6281083616402511,0.5904991598167626,0.6256548359363108
3,proto,8,0.6915196365360717,0.7372686504383162,0.6915196365360717,0.7675301035345087,0.7171084736054971,0.6915196365360717,0.6915196365360717,0.706576059453502,0.6915196365360717,0.7091438711799535
3,proto,9,0.6276604137606245,0.6488312657119019,0.6276604137606245,0.7391655480990371,0.6334992869366782,0.6276604137606245,0.6276604137606245,0.6114404873424248,0.6276604137606245,0.6456439596402964
3,proto,10,0.6595919301150424,0.6995945553490818,0.6595919301150424,0.7566317756117205,0.6722936043990473,0.6595919301150424,0.6595919301150424,0.6669218301802959,0.6595919301150424,0.6763213688959939
3,proto,11,0.6271461656783917,0.6535657247864224,0.6271461656783917,0.7266266327910699,0.632165324700994,0.6271461656783917,0.6271461656783917,0.618588947192934,0.6271461656783917,0.658925495742832
3,proto,12,0.5134888833113116,0.5674633067898738,0.5134888833113116,0.6214586083146485,0.5277058481092131,0.5134888833113116,0.5134888833113116,0.5253310469197365,0.5134888833113116,0.5487447597681704
3,proto,13,0.6383160540464141,0.6803936485211619,0.6383160540464141,0.7516337711208455,0.6509605276866037,0.6383160540464141,0.6383160540464141,0.6253435040081604,0.6383160540464141,0.6576238809948902
3,proto,14,0.551293644296999,0.6489997115981807,0.551293644296999,0.7333643121716905,0.6135190876104508,0.551293644296999,0.551293644296999,0.5742874823903334,0.551293644296999,0.5649194189333469
3,proto,15,0.5897486029392428,0.6860608239017276,0.5897486029392428,0.7043614910254757,0.6656264125060194,0.5897486029392428,0.5897486029392428,0.6479037575618165,0.5897486029392428,0.6163610390668292
3,proto,16,0.590772638693888,0.6358794895411107,0.590772638693888,0.6951635025462153,0.6492592739700851,0.590772638693888,0.590772638693888,0.6027308220203643,0.590772638693888,0.5892989055898972
3,proto,17,0.5391654182939806,0.6905768109994573,0.5391654182939806,0.7319606281031255,0.6743314085354248,0.5391654182939806,0.5391654182939806,0.6421697151510015,0.5391654182939806,0.5662828974551024
3,proto,18,0.592645824968129,0.5704730634726216,0.592645824968129,0.7111524438797716,0.6407239395742733,0.592645824968129,0.592645824968129,0.557326611178697,0.592645824968129,0.5813541301645401
3,proto,19,0.6729135015954792,0.6324428229564306,0.6729135015954792,0.7066504949098062,0.6625070487433194,0.6729135015954792,0.6729135015954792,0.6299599751121734,0.6729135015954792,0.6753088237418506
3,clf,0,0.7046461580120622,0.7178633306332988,0.7046461580120622,0.7586705598923267,0.6159426921133945,0.7046461580120622,0.7046461580120622,0.5927445744538309,0.7046461580120622,0.6961191204244637
3,clf,1,0.36757596147618377,0.5441571365019624,0.36757596147618377,0.6663585476383069,0.5386767934794718,0.36757596147618377,0.36757596147618377,0.3692531196395187,0.36757596147618377,0.29814943017208284
3,clf,2,0.6033312013193892,0.7149457183415446,0.6033312013193892,0.7189534661964424,0.5391048092414165,0.6033312013193892,0.6033312013193892,0.4987674216962232,0.6033312013193892,0.5857051300429086
3,clf,3,0.5502538112575726,0.6121032684027092,0.5502538112575726,0.6971589611452074,0.6376288826065487,0.5502538112575726,0.5502538112575726,0.5643732221810537,0.5502538112575726,0.558934563608984
3,clf,4,0.6478235105042187,0.6232581094896199,0.6478235105042187,0.7224745722686257,0.650904028044412,0.6478235105042187,0.6478235105042187,0.5524052724036967,0.6478235105042187,0.636619959488145
3,clf,5,0.6309639977092079,0.6726140873829098,0.6309639977092079,0.7264451331997563,0.5872217179980461,0.6309639977092079,0.6309639977092079,0.5710404124900399,0.6309639977092079,0.6356939914664759
3,clf,6,0.7276510004373989,0.7087902612234134,0.7276510004373989,0.7454608752697208,0.6697065473509455,0.7276510004373989,0.7276510004373989,0.6642922007969798,0.7276510004373989,0.7245494192304803
3,clf,7,0.5795932719549967,0.7046628453314763,0.5795932719549967,0.7447551895332685,0.5986988610471481,0.5795932719549967,0.5795932719549968,0.5902108540918329,0.5795932719549967,0.6035800759480489
3,clf,8,0.7420344282307515,0.7131127908865873,0.7420344282307515,0.7484687620292974,0.713684745887551,0.7420344282307515,0.7420344282307514,0.6930207631990772,0.7420344282307515,0.7345260391092872
3,clf,9,0.41344244858657514,0.6157620499312169,0.41344244858657514,0.6445745582626186,0.5227750936050689,0.41344244858657514,0.4134424485865751,0.4372726789778203,0.41344244858657514,0.3671821115619157
3,clf,10,0.6450362189923693,0.6795230316482027,0.6450362189923693,0.7494192126643501,0.6935573438880009,0.6450362189923693,0.6450362189923693,0.6534695511411146,0.6450362189923693,0.626072859140784
3,clf,11,0.5177180022976686,0.6329474911376723,0.5177180022976686,0.6880627376889453,0.49025911816796364,0.5177180022976686,0.5177180022976686,0.4403286412144109,0.5177180022976686,0.5076686200380491
3,clf,12,0.3740628841586036,0.5213572430821819,0.3740628841586036,0.42077605400122586,0.3685419257677457,0.3740628841586036,0.3740628841586036,0.2815256732236902,0.3740628841586036,0.3207895437595806
3,clf,13,0.6036519791256537,0.6522000355409813,0.6036519791256537,0.7179338337166259,0.5634977279546849,0.6036519791256537,0.6036519791256538,0.5378574703099531,0.6036519791256537,0.5794114985958332
3,clf,14,0.5804474404356408,0.7179212108459888,0.5804474404356408,0.765776834526015,0.5453726705767018,0.5804474404356408,0.5804474404356408,0.48832043995966123,0.5804474404356408,0.558318350200354
3,clf,15,0.4101943409851354,0.5809990353696965,0.4101943409851354,0.6724233378427694,0.5926276041459732,0.4101943409851354,0.4101943409851354,0.4645681003571005,0.4101943409851354,0.3769083327682693
3,clf,16,0.3812629148610912,0.5117523550551428,0.3812629148610912,0.6308571521847236,0.5492399787126054,0.3812629148610912,0.3812629148610912,0.41779214199386816,0.3812629148610912,0.3252775263410144
3,clf,17,0.6502630759004708,0.7230136643799201,0.6502630759004708,0.7433455817954077,0.6974964880609343,0.6502630759004708,0.6502630759004708,0.6534754468928131,0.6502630759004708,0.6186630988649024
3,clf,18,0.5614870746151294,0.5437910991964235,0.5614870746151294,0.667266967701198,0.5809371694329648,0.5614870746151294,0.5614870746151294,0.4451294185572839,0.5614870746151294,0.5152954676319109
3,clf,19,0.4918143581149676,0.657374992094742,0.4918143581149676,0.6732145807995413,0.49586528083208453,0.4918143581149676,0.49181435811496765,0.4647402039478681,0.4918143581149676,0.49918983782145365
4,proto,0,0.6469976842109763,0.6742821705047195,0.6469976842109763,0.7574977519689876,0.6578639784652268,0.6469976842109763,0.6469976842109764,0.6333344770529289,0.6469976842109763,0.6696228090750821
4,proto,1,0.549848006889103,0.6302538516943424,0.549848006889103,0.6206886500931088,0.6246317817024397,0.549848006889103,0.549848006889103,0.5742944988684856,0.549848006889103,0.5549170438028298
4,proto,2,0.6770500670780589,0.7085689745029609,0.6770500670780589,0.7374166176594064,0.6403451842306028,0.6770500670780589,0.6770500670780589,0.6426646031697749,0.6770500670780589,0.6885812171646155
4,proto,3,0.6727875879432521,0.6946314716030986,0.6727875879432521,0.737448135687862,0.6911236720727979,0.6727875879432521,0.6727875879432521,0.6769886818896007,0.6727875879432521,0.6883234438353065
4,proto,4,0.6690284846417404,0.6784629962167199,0.6690284846417404,0.7378356150206437,0.6764710058598262,0.6690284846417404,0.6690284846417403,0.6585039258159344,0.6690284846417404,0.6875744163618602
4,proto,5,0.6669937943619119,0.6990252048414316,0.6669937943619119,0.7423673821985679,0.6516173968247836,0.6669937943619119,0.6669937943619119,0.6560868470447491,0.6669937943619119,0.6867614977356893
4,proto,6,0.6822407760815727,0.7347640556808781,0.6822407760815727,0.7663829070823072,0.6743718167729286,0.6822407760815727,0.6822407760815727,0.6733250753825728,0.6822407760815727,0.7072229940783838
4,proto,7,0.576288387053549,0.7033122585619729,0.576288387053549,0.7634069039182529,0.6341090787943846,0.576288387053549,0.576288387053549,0.6204152267247042,0.576288387053549,0.6145603947702099
4,proto,8,0.7021102291786443,0.7564868864148004,0.7021102291786443,0.7742513288384263,0.7274253891034683,0.7021102291786443,0.7021102291786443,0.7275443328210469,0.7021102291786443,0.7171089299484643
4,proto,9,0.5753072827434271,0.6184523279975702,0.5753072827434271,0.7182991726018801,0.6062830968112898,0.5753072827434271,0.5753072827434271,0.5814012664276853,0.5753072827434271,0.6050552633679037
4,proto,10,0.6648527047228213,0.7014851348846338,0.6648527047228213,0.7578958619892862,0.6752595212078812,0.6648527047228213,0.6648527047228213,0.6708180595215,0.6648527047228213,0.683068616978066
4,proto,11,0.5928096521038313,0.6616572147690106,0.5928096521038313,0.7170774232659607,0.610976682450745,0.5928096521038313,0.5928096521038313,0.6074579827461009,0.5928096521038313,0.6296733062900701
4,proto,12,0.48879493944203806,0.58381820939799,0.48879493944203806,0.6413698401426913,0.5468575275575569,0.48879493944203806,0.48879493944203806,0.5340105922640519,0.48879493944203806,0.532220917997996
4,proto,13,0.6249053672947698,0.6811535787347774,0.6249053672947698,0.7563187372115758,0.6385547502477802,0.6249053672947698,0.6249053672947698,0.6163799510506083,0.6249053672947698,0.6523623702423966
4,proto,14,0.5213182964245262,0.6599609554991578,0.5213182964245262,0.7444426946510142,0.6197780770620361,0.5213182964245262,0.5213182964245262,0.5782299791882555,0.5213182964245262,0.5421704428359619
4,proto,15,0.6240787046746861,0.6780230309510791,0.6240787046746861,0.7179972957459118,0.6853653787518095,0.6240787046746861,0.6240787046746861,0.6563333150526485,0.6240787046746861,0.6425302621320681
4,proto,16,0.5683493221989114,0.6476894720117925,0.5683493221989114,0.7010244105712985,0.6375107602650716,0.5683493221989114,0.5683493221989114,0.5959707284284057,0.5683493221989114,0.5725850057711257
4,proto,17,0.5487443342341193,0.7139065249028518,0.5487443342341193,0.7348137127799145,0.6891000492125763,0.5487443342341193,0.5487443342341193,0.6670644233848562,0.5487443342341193,0.5782503419185949
4,proto,18,0.6080871132905995,0.586534692984725,0.6080871132905995,0.708819599880022,0.6556916747084491,0.6080871132905995,0.6080871132905995,0.5765572778680564,0.6080871132905995,0.5942546008260484
4,proto,19,0.664641764508389,0.6341118183553961,0.664641764508389,0.6996109836565172,0.6413816724946767,0.664641764508389,0.664641764508389,0.6211533583114568,0.664641764508389,0.6680752062263364
4,clf,0,0.6994736623486493,0.7104879029205793,0.6994736623486493,0.7540572739414821,0.6165526564399589,0.6994736623486493,0.6994736623486493,0.5890021581324194,0.6994736623486493,0.6901669615912716
4,clf,1,0.3709026838007115,0.5464495757509708,0.3709026838007115,0.6602339300863762,0.5423004029235675,0.3709026838007115,0.3709026838007115,0.38054988380987337,0.3709026838007115,0.3068388095534823
4,clf,2,0.5921158725263195,0.7123910558379922,0.5921158725263195,0.7196117194077644,0.5478119716438734,0.5921158725263195,0.5921158725263195,0.5097870860882219,0.5921158725263195,0.5792876783650844
4,clf,3,0.5719380006751945,0.6246806780735981,0.5719380006751945,0.711389154668334,0.6447322441290027,0.5719380006751945,0.5719380006751945,0.5717594264577912,0.5719380006751945,0.5798960054976035
4,clf,4,0.6222187137794976,0.6259464924289766,0.6222187137794976,0.7195452710757471,0.6302155855332792,0.6222187137794976,0.6222187137794976,0.5399926561227276,0.6222187137794976,0.614891369980419
4,clf,5,0.6434174619283114,0.6623779642244578,0.6434174619283114,0.7199670549964744,0.5865406179963603,0.6434174619283114,0.6434174619283114,0.559115823015306,0.6434174619283114,0.6422307136505301
4,clf,6,0.7335743317539456,0.7109765442234376,0.7335743317539456,0.7466920348186905,0.67039310755785,0.7335743317539456,0.7335743317539456,0.6680456367207772,0.7335743317539456,0.7292293140675531
4,clf,7,0.5880932333445742,0.6826087816888802,0.5880932333445742,0.7389537987403036,0.6100405478594959,0.5880932333445742,0.5880932333445742,0.5912069468819046,0.5880932333445742,0.6105651069366924
4,clf,8,0.7406772556176306,0.6999575380609471,0.7406772556176306,0.7447048913049715,0.7270866473328892,0.7406772556176306,0.7406772556176306,0.6987637540918171,0.7406772556176306,0.7329960644481895
4,clf,9,0.3990758402552544,0.612698411765952,0.3990758402552544,0.6501703028096681,0.522688481667499,0.3990758402552544,0.39907584025525433,0.42844984020421795,0.3990758402552544,0.3488610710978969
4,clf,10,0.6329305738140676,0.6574194328354805,0.6329305738140676,0.7398695342148257,0.6961076073110514,0.6329305738140676,0.6329305738140676,0.6434644303142004,0.6329305738140676,0.6152401022826969
4,clf,11,0.5000816347922373,0.6311171881325449,0.5000816347922373,0.6772525920943904,0.4763070402787656,0.5000816347922373,0.5000816347922374,0.4354688733422176,0.5000816347922373,0.4916386304458804
4,clf,12,0.35938674197077447,0.5892561995928466,0.35938674197077447,0.5737293360584204,0.3782358625817409,0.35938674197077447,0.35938674197077447,0.30756644005223854,0.35938674197077447,0.3118738016485561
4,clf,13,0.5850879393027432,0.655185983744583,0.5850879393027432,0.7139258282126575,0.5238819981277416,0.5850879393027432,0.5850879393027432,0.5038892826061712,0.5850879393027432,0.5641813089586738
4,clf,14,0.5779148569095883,0.7087260611935229,0.5779148569095883,0.769118176810289,0.554762619604672,0.5779148569095883,0.5779148569095883,0.49326021673880494,0.5779148569095883,0.560000148431272
4,clf,15,0.42207046090808553,0.5734630801106272,0.42207046090808553,0.6603157749623849,0.6096485455474705,0.42207046090808553,0.42207046090808553,0.47276602168588244,0.42207046090808553,0.38471155920116684
4,clf,16,0.37980454670016556,0.5108830781439171,0.37980454670016556,0.6324211817889396,0.5461998104349362,0.37980454670016556,0.3798045467001656,0.4166101241618175,0.37980454670016556,0.3255156256412446
4,clf,17,0.6586007898828241,0.7201585997590239,0.6586007898828241,0.7562610614104198,0.7226560989027587,0.6586007898828241,0.6586007898828241,0.6752363738237399,0.6586007898828241,0.6305835119195586
4,clf,18,0.5508790120340927,0.5501770046819412,0.5508790120340927,0.6723023365392222,0.5616389357046546,0.5508790120340927,0.5508790120340927,0.43914150956125236,0.5508790120340927,0.5161536684984753
4,clf,19,0.4935362621561268,0.6006169353896293,0.4935362621561268,0.6519212398528507,0.5070133918946718,0.4935362621561268,0.4935362621561268,0.44910979473133705,0.4935362621561268,0.4907660179159093
5,proto,0,0.6455497236729654,0.6883484205318864,0.6455497236729654,0.7590211175678694,0.6580877542078836,0.6455497236729654,0.6455497236729654,0.6373121886750563,0.6455497236729654,0.6705200343386571
5,proto,1,0.483749565458512,0.6336627667961059,0.483749565458512,0.635491153059891,0.6148510942647172,0.483749565458512,0.483749565458512,0.5553213378152057,0.483749565458512,0.49527576322560074
5,proto,2,0.6410504711168485,0.7000332368723478,0.6410504711168485,0.7435539299109486,0.6267155323448856,0.6410504711168485,0.6410504711168484,0.6249980806935624,0.6410504711168485,0.6697338285516288
5,proto,3,0.6620439474887103,0.6978768658161256,0.6620439474887103,0.734740560065479,0.6844581445667259,0.6620439474887103,0.6620439474887103,0.6728934849208154,0.6620439474887103,0.6786770570008646
5,proto,4,0.6683255054689735,0.6849653462822607,0.6683255054689735,0.7477615784231029,0.6862238041340301,0.6683255054689735,0.6683255054689735,0.6646761217676322,0.6683255054689735,0.69000495236866
5,proto,5,0.6589919120689676,0.708420329258595,0.6589919120689676,0.736282117967595,0.6466244459393153,0.6589919120689676,0.6589919120689676,0.6551510659734947,0.6589919120689676,0.6789561595472123
5,proto,6,0.6961524226111927,0.7406386061820923,0.6961524226111927,0.774621651884726,0.6924763206982743,0.6961524226111927,0.6961524226111926,0.6874074226283164,0.6961524226111927,0.7186590542944147
5,proto,7,0.5899547110430362,0.6985713278157926,0.5899547110430362,0.7500807503949074,0.6354941262146875,0.5899547110430362,0.5899547110430361,0.6257724003753828,0.5899547110430362,0.6181343153132709
5,proto,8,0.6896366931153481,0.7532974518298071,0.6896366931153481,0.7627552565857788,0.7157879819480955,0.6896366931153481,0.6896366931153483,0.7188352998945452,0.6896366931153481,0.7048181934403817
5,proto,9,0.6032923585838682,0.6676780123180475,0.6032923585838682,0.7321682816138628,0.6301154019196689,0.6032923585838682,0.6032923585838682,0.6164046275471924,0.6032923585838682,0.6272971100940811
5,proto,10,0.6793662278026079,0.7101678702457646,0.6793662278026079,0.7557554112402092,0.6801699138512441,0.6793662278026079,0.6793662278026079,0.6798219341202818,0.6793662278026079,0.6918615124972136
5,proto,11,0.638140704185342,0.6613138345284779,0.638140704185342,0.7204533562097357,0.6255280824087801,0.638140704185342,0.638140704185342,0.6193100485053131,0.638140704185342,0.6654496844741667
5,proto,12,0.43643902066870277,0.5701176120151734,0.43643902066870277,0.6214490386977017,0.5174348235690946,0.43643902066870277,0.43643902066870277,0.4985488031451949,0.43643902066870277,0.47772118063271457
5,proto,13,0.6283095892399304,0.6798788970908081,0.6283095892399304,0.7514801918543885,0.6396157246476882,0.6283095892399304,0.6283095892399304,0.6172847204477215,0.6283095892399304,0.6449629761266894
5,proto,14,0.5366571811715322,0.6612187010505295,0.5366571811715322,0.7329603304832171,0.6142166173752628,0.5366571811715322,0.5366571811715322,0.5777525306885498,0.5366571811715322,0.5539684758768282
5,proto,15,0.5879604432272069,0.7027227934276365,0.5879604432272069,0.733982406792794,0.6741380400850254,0.5879604432272069,0.5879604432272069,0.6634887089710154,0.5879604432272069,0.6322511372575275
5,proto,16,0.5524526074487172,0.6521084128148429,0.5524526074487172,0.7013139296470237,0.6476985715875994,0.5524526074487172,0.5524526074487172,0.595641009490403,0.5524526074487172,0.5605792488834456
5,proto,17,0.5249928377898558,0.7139070734450292,0.5249928377898558,0.7378768305067691,0.6853068019520416,0.5249928377898558,0.5249928377898557,0.6580406419039575,0.5249928377898558,0.5495071440175513
5,proto,18,0.6089784518530819,0.6122118921948925,0.6089784518530819,0.7158262746350261,0.6607594090650362,0.6089784518530819,0.608978451853082,0.5963892976396794,0.6089784518530819,0.5973427362317005
5,proto,19,0.6480204190127571,0.6222450561162188,0.6480204190127571,0.6927273121898997,0.6507570266763889,0.6480204190127571,0.648020419012757,0.6197880911383693,0.6480204190127571,0.6541333158188256
5,clf,0,0.7044683920956706,0.7074082502415949,0.7044683920956706,0.752232687168047,0.6117912041590395,0.7044683920956706,0.7044683920956707,0.5804726865227211,0.7044683920956706,0.6911905931029523
5,clf,1,0.3708027892057711,0.5295323805890036,0.3708027892057711,0.6629807050766976,0.5434380592811197,0.3708027892057711,0.37080278920577103,0.37336033650031464,0.3708027892057711,0.30461698678358307
5,clf,2,0.5962226090182239,0.6841186912465803,0.5962226090182239,0.7073787114526633,0.547519288039332,0.5962226090182239,0.5962226090182238,0.4991054168706208,0.5962226090182239,0.579328327360044
5,clf,3,0.5440869229797805,0.6090130348237003,0.5440869229797805,0.7017662929153733,0.6433724930102476,0.5440869229797805,0.5440869229797805,0.5646608856114208,0.5440869229797805,0.5517425838066848
5,clf,4,0.6368899309314832,0.6306365087554202,0.6368899309314832,0.7301383918877009,0.6579563218979577,0.6368899309314832,0.6368899309314832,0.5595699056052598,0.6368899309314832,0.6314086184944913
5,clf,5,0.6159860344568517,0.6689687544113547,0.6159860344568517,0.7152331207761493,0.5777278079063601,0.6159860344568517,0.6159860344568517,0.5581758342680772,0.6159860344568517,0.6202792727421882
5,clf,6,0.735969014276378,0.7238897409413727,0.735969014276378,0.7559986519403157,0.6785322157551132,0.735969014276378,0.735969014276378,0.6751354800678733,0.735969014276378,0.734618234715888
5,clf,7,0.5932723266975135,0.68799841685344,0.5932723266975135,0.7339087450101681,0.5988892664207015,0.5932723266975135,0.5932723266975135,0.5849462656039308,0.5932723266975135,0.6128911497546414
5,clf,8,0.7309000372908846,0.7029036422331194,0.7309000372908846,0.7480275058942928,0.7218649942414461,0.7309000372908846,0.7309000372908846,0.7024289264864335,0.7309000372908846,0.7302001930943418
5,clf,9,0.4109162768996398,0.6279729954657594,0.4109162768996398,0.6477676441579832,0.5368701578102095,0.4109162768996398,0.4109162768996397,0.4568003865319717,0.4109162768996398,0.36339158449067127
5,clf,10,0.649331593649603,0.6648973636632094,0.649331593649603,0.7459467671879487,0.7051661889514989,0.649331593649603,0.649331593649603,0.6513903825942784,0.649331593649603,0.6243577467852687
5,clf,11,0.5127505925607984,0.6132881778262432,0.5127505925607984,0.6678130603508783,0.48997356242758905,0.5127505925607984,0.5127505925607984,0.43897654402468733,0.5127505925607984,0.4974084830448452
5,clf,12,0.3569916877475237,0.5854702001488685,0.3569916877475237,0.5859041287147976,0.3833348190962564,0.3569916877475237,0.35699168774752377,0.30746559616905733,0.3569916877475237,0.3118325792646819
5,clf,13,0.572522686062511,0.6499468306480296,0.572522686062511,0.7073299080307083,0.48736754369813584,0.572522686062511,0.572522686062511,0.46269665940895727,0.572522686062511,0.5466476921011498
5,clf,14,0.577637010547847,0.7019240132538974,0.577637010547847,0.7571338384813939,0.5550044701095516,0.577637010547847,0.577637010547847,0.4936827150467854,0.577637010547847,0.5576967476155205
5,clf,15,0.42507352474500626,0.5580721496830461,0.42507352474500626,0.6604567739366523,0.6076083096019811,0.42507352474500626,0.42507352474500626,0.46272188474481124,0.42507352474500626,0.38665369612075684
5,clf,16,0.3796576319516997,0.5433204243671964,0.3796576319516997,0.6503854730988919,0.5680994903954193,0.3796576319516997,0.3796576319516997,0.4378809220900646,0.3796576319516997,0.3278291912067498
5,clf,17,0.6566701758321429,0.7191362585881954,0.6566701758321429,0.7511729295967571,0.7168198159047783,0.6566701758321429,0.6566701758321429,0.664304170560154,0.6566701758321429,0.622510422848884
5,clf,18,0.5581277355437886,0.5399225058203596,0.5581277355437886,0.6709719911118,0.5825150822099573,0.5581277355437886,0.5581277355437886,0.440622974880719,0.5581277355437886,0.5127414648810542
5,clf,19,0.46532909507670184,0.6298975949683132,0.46532909507670184,0.6602500890817355,0.4976875279732687,0.46532909507670184,0.46532909507670184,0.45320155858640143,0.46532909507670184,0.46676643952739827
6,proto,0,0.6395619951896339,0.685886051851591,0.6395619951896339,0.7633884187470983,0.6568999611260282,0.6395619951896339,0.6395619951896339,0.6280782312406565,0.6395619951896339,0.6619397387079025
6,proto,1,0.562276753003784,0.6715757195305448,0.562276753003784,0.6696218086807242,0.6215598027531413,0.562276753003784,0.562276753003784,0.5740601824377536,0.562276753003784,0.5470690495437291
6,proto,2,0.6443379790050369,0.6857867759101247,0.6443379790050369,0.73217534522629,0.6211639697162453,0.6443379790050369,0.6443379790050368,0.6278233544349545,0.6443379790050369,0.6720800126186777
6,proto,3,0.6586522704461701,0.6945964596998406,0.6586522704461701,0.7266874406441024,0.6811199429252357,0.6586522704461701,0.6586522704461701,0.6674849425498934,0.6586522704461701,0.6694301154024366
6,proto,4,0.6737664620484637,0.6845710478924678,0.6737664620484637,0.7358034603802951,0.6850583487698664,0.6737664620484637,0.6737664620484637,0.6634949850090641,0.6737664620484637,0.687289236748451
6,proto,5,0.6605864156546261,0.7140961653679525,0.6605864156546261,0.7425207016544695,0.6508849102761448,0.6605864156546261,0.660586415654626,0.660946259562276,0.6605864156546261,0.6813555096534516
6,proto,6,0.6786312823594601,0.7339163563660287,0.6786312823594601,0.7641898366026689,0.6724295607946706,0.6786312823594601,0.6786312823594601,0.6776725494192642,0.6786312823594601,0.7067015715593947
6,proto,7,0.5803599048929116,0.7039143299956103,0.5803599048929116,0.7518513354708218,0.6371926864342004,0.5803599048929116,0.5803599048929116,0.6266643448011124,0.5803599048929116,0.6173060925978313
6,proto,8,0.6913231926535564,0.7565179884970361,0.6913231926535564,0.7669683348711912,0.7193683698480922,0.6913231926535564,0.6913231926535564,0.7229338542864054,0.6913231926535564,0.704967425706226
6,proto,9,0.4401547278996683,0.5824115026317775,0.4401547278996683,0.6717859388409106,0.5548948076897107,0.4401547278996683,0.44015472789966825,0.5195621803089988,0.4401547278996683,0.47553666144236006
6,proto,10,0.668699157716653,0.7117275135539411,0.668699157716653,0.7599314469056977,0.6801968022012587,0.668699157716653,0.668699157716653,0.6786744430500101,0.668699157716653,0.683282705339888
6,proto,11,0.6283876464117908,0.6659940293558213,0.6283876464117908,0.7122472214057043,0.6252893535501961,0.6283876464117908,0.6283876464117908,0.6210025732918687,0.6283876464117908,0.6554322815381245
6,proto,12,0.42576553874363077,0.5657341926419809,0.42576553874363077,0.6215334814526874,0.520177442448244,0.42576553874363077,0.42576553874363077,0.5097268191686041,0.42576553874363077,0.4668488681895176
6,proto,13,0.6318907407746412,0.6911148461848542,0.6318907407746412,0.7475591638382184,0.6364421639332669,0.6318907407746412,0.6318907407746412,0.6206161179829891,0.6318907407746412,0.6481221538082005
6,proto,14,0.511952829679344,0.6769841938079586,0.511952829679344,0.7453335399665659,0.6106161474976649,0.511952829679344,0.5119528296793439,0.5764365105322595,0.511952829679344,0.5378551984504641
6,proto,15,0.6265464264079307,0.6932860339732468,0.6265464264079307,0.7202622088187858,0.6897971026924659,0.6265464264079307,0.6265464264079307,0.6675495003956166,0.6265464264079307,0.6431377036764412
6,proto,16,0.5942853043528117,0.664670273821222,0.5942853043528117,0.7122130606780184,0.6602169446656865,0.5942853043528117,0.5942853043528117,0.6176325488495018,0.5942853043528117,0.5937262511229389
6,proto,17,0.5416448486030043,0.6999169977770718,0.5416448486030043,0.732877590474811,0.6849976105148299,0.5416448486030043,0.5416448486030043,0.652259382133843,0.5416448486030043,0.5682274300384418
6,proto,18,0.6073789303063754,0.5989850439873045,0.6073789303063754,0.714891413507706,0.6467114474314053,0.6073789303063754,0.6073789303063754,0.5842453046277568,0.6073789303063754,0.6123318037739969
6,proto,19,0.652792035343544,0.6418238002252576,0.652792035343544,0.6848144099153853,0.641543608128584,0.652792035343544,0.652792035343544,0.6264284937825223,0.652792035343544,0.6508277510627725
6,clf,0,0.7034029116997758,0.7092177871930777,0.7034029116997758,0.7533951508616799,0.6179491751792794,0.7034029116997758,0.7034029116997758,0.5877929110156763,0.7034029116997758,0.6924406228888389
6,clf,1,0.35813810599662144,0.5375426414122693,0.35813810599662144,0.6680196090781292,0.5378976460290226,0.35813810599662144,0.35813810599662144,0.3692809128052098,0.35813810599662144,0.28136542752749993
6,clf,2,0.5739399812830053,0.664306971004867,0.5739399812830053,0.695044805046478,0.5354738487499411,0.5739399812830053,0.5739399812830053,0.47806956897516795,0.5739399812830053,0.5575442435479457
6,clf,3,0.5272130067780574,0.5901776741162938,0.5272130067780574,0.6900914124400251,0.6416595608903826,0.5272130067780574,0.5272130067780573,0.5481322413653703,0.5272130067780574,0.5270140732626036
6,clf,4,0.6289285640277427,0.6241901366804729,0.6289285640277427,0.7187695730209185,0.6534347105314047,0.6289285640277427,0.6289285640277427,0.5586454440268096,0.6289285640277427,0.6205257520647859
6,clf,5,0.626093973586754,0.6686021094938936,0.626093973586754,0.720369995626917,0.589082219564574,0.626093973586754,0.626093973586754,0.5637492401684033,0.626093973586754,0.6276076892408138
6,clf,6,0.7302306041169768,0.7071173332710159,0.7302306041169768,0.7467054893865246,0.6671202220210241,0.7302306041169768,0.7302306041169769,0.661850642592644,0.7302306041169768,0.727022318609191
6,clf,7,0.5757572265840797,0.6810994513421267,0.5757572265840797,0.7283798183451822,0.5966366178727773,0.5757572265840797,0.5757572265840798,0.5787267205746611,0.5757572265840797,0.5987380402483921
6,clf,8,0.7192946084889219,0.6759423254312739,0.7192946084889219,0.7334708862639769,0.7196947978403292,0.7192946084889219,0.7192946084889218,0.6803209976958251,0.7192946084889219,0.7139950398449029
6,clf,9,0.36700028983371313,0.5995136796010125,0.36700028983371313,0.6467472611402657,0.45701858643165605,0.36700028983371313,0.3670002898337131,0.3410114871254083,0.36700028983371313,0.3024571427920859
6,clf,10,0.6469510357582692,0.6752102786223629,0.6469510357582692,0.7467190883979234,0.7059826677395808,0.6469510357582692,0.6469510357582692,0.6567469145438141,0.6469510357582692,0.624585047544143
6,clf,11,0.5000884183321729,0.6345386050247404,0.5000884183321729,0.6777976061409654,0.48556708695089673,0.5000884183321729,0.5000884183321728,0.4446554627442907,0.5000884183321729,0.48448909011731633
6,clf,12,0.3517867611877068,0.5626711392816783,0.3517867611877068,0.6154609597541078,0.3601297058006878,0.3517867611877068,0.35178676118770674,0.26861214843382747,0.3517867611877068,0.30389704571866916
6,clf,13,0.5829810461389439,0.6528110364154969,0.5829810461389439,0.7105927731685913,0.5501380448031225,0.5829810461389439,0.5829810461389437,0.5272669811677013,0.5829810461389439,0.5617601161260506
6,clf,14,0.5812414863089115,0.7034928886069669,0.5812414863089115,0.7563550286699512,0.5614459091831713,0.5812414863089115,0.5812414863089115,0.5057774724903517,0.5812414863089115,0.5609264775305872
6,clf,15,0.4138168442358914,0.5590436555949756,0.4138168442358914,0.6697151918430376,0.6114545396457607,0.4138168442358914,0.4138168442358914,0.4605126246866653,0.4138168442358914,0.37814484125485287
6,clf,16,0.39016877354434293,0.5103353968770364,0.39016877354434293,0.64231450339605,0.5845190310698108,0.39016877354434293,0.39016877354434293,0.43523486306406334,0.39016877354434293,0.3317196475082824
6,clf,17,0.6500872614133756,0.7244338544188713,0.6500872614133756,0.7511299375686054,0.7077259408019236,0.6500872614133756,0.6500872614133756,0.6599372956231815,0.6500872614133756,0.6177819301307512
6,clf,18,0.5443506447104233,0.5364937719243508,0.5443506447104233,0.6579410385863886,0.5765039320013723,0.5443506447104233,0.5443506447104232,0.4447453082944947,0.5443506447104233,0.5133353646159484
6,clf,19,0.4563608835811664,0.6150075382288298,0.4563608835811664,0.6420579267477047,0.5083212935367912,0.4563608835811664,0.4563608835811664,0.4589997160235747,0.4563608835811664,0.448607348415507
7,proto,0,0.6533350902392016,0.6948863086035089,0.6533350902392016,0.7664282842843818,0.6648807593359812,0.6533350902392016,0.6533350902392016,0.6415766403397976,0.6533350902392016,0.6776984747221508
7,proto,1,0.5184142908557046,0.6350621793628908,0.5184142908557046,0.6208413097842865,0.614523971896561,0.5184142908557046,0.5184142908557046,0.5617482250044783,0.5184142908557046,0.5237365223081907
7,proto,2,0.6534003237328277,0.7148724692132351,0.6534003237328277,0.7556489735066773,0.6300980500012665,0.6534003237328277,0.6534003237328279,0.6294310595100677,0.6534003237328277,0.6785313369404788
7,proto,3,0.6632763215520591,0.7108570397399564,0.6632763215520591,0.7398067116721506,0.6888071213963458,0.6632763215520591,0.6632763215520591,0.6819104050217877,0.6632763215520591,0.6821717215210533
7,proto,4,0.675989883418826,0.6948606481452858,0.675989883418826,0.7388332894707343,0.6805074457760548,0.675989883418826,0.675989883418826,0.6667637590754121,0.675989883418826,0.691743257175844
7,proto,5,0.647228510419192,0.7109681238227132,0.647228510419192,0.751048787155332,0.6447513041993611,0.647228510419192,0.6472285104191922,0.6545089637752147,0.647228510419192,0.6777151233248804
7,proto,6,0.6735112894366437,0.718346367707142,0.6735112894366437,0.7522935262688059,0.6693186201609043,0.6735112894366437,0.6735112894366437,0.6680297620072653,0.6735112894366437,0.6957849149229594
7,proto,7,0.5899781281945943,0.6785221625596844,0.5899781281945943,0.736870959012135,0.6393006895073043,0.5899781281945943,0.5899781281945944,0.6273303377156961,0.5899781281945943,0.6152406302614852
7,proto,8,0.692324368807871,0.742695420659377,0.692324368807871,0.7659106488505971,0.7132088030606893,0.692324368807871,0.6923243688078708,0.7118626205397436,0.692324368807871,0.7076561219429522
7,proto,9,0.5730745688526051,0.6592523945111691,0.5730745688526051,0.7163395718935126,0.5917373098240677,0.5730745688526051,0.5730745688526051,0.5861965632550039,0.5730745688526051,0.5940041774727062
7,proto,10,0.6764305347390192,0.703797416073192,0.6764305347390192,0.7556768408130202,0.6793301193126977,0.6764305347390192,0.6764305347390192,0.6755365370348725,0.6764305347390192,0.6904928075202457
7,proto,11,0.6253345888147975,0.6628631908426144,0.6253345888147975,0.7204296708521172,0.6194675862171527,0.6253345888147975,0.6253345888147976,0.6165901737437023,0.6253345888147975,0.6569660653257356
7,proto,12,0.4445888398873635,0.5910627924893518,0.4445888398873635,0.6463699604418206,0.5221016662324267,0.4445888398873635,0.44458883988736353,0.5217088341236111,0.4445888398873635,0.4954595221078846
7,proto,13,0.6269211008328607,0.6946552000317876,0.6269211008328607,0.7540095551316821,0.646238694124901,0.6269211008328607,0.6269211008328608,0.6270238426424054,0.6269211008328607,0.649511079450959
7,proto,14,0.49132185453061017,0.6345949289839659,0.49132185453061017,0.6951320970837298,0.5920479457604921,0.49132185453061017,0.49132185453061017,0.5513357575814202,0.49132185453061017,0.5159640930241628
7,proto,15,0.6321874509529154,0.7054253571097786,0.6321874509529154,0.7312926089406813,0.6944685122728669,0.6321874509529154,0.6321874509529155,0.675924882960339,0.6321874509529154,0.6492874757179659
7,proto,16,0.5771820487461463,0.6695255250178413,0.5771820487461463,0.6958772250919354,0.6526472977787496,0.5771820487461463,0.5771820487461463,0.6207927739650061,0.5771820487461463,0.5751214873669721
7,proto,17,0.5353010307356619,0.7002625873782853,0.5353010307356619,0.752155405653296,0.6868176659489633,0.5353010307356619,0.5353010307356619,0.6465437837466057,0.5353010307356619,0.5588100622530751
7,proto,18,0.5987839064324963,0.6099161427248826,0.5987839064324963,0.7139932623429122,0.6591546483662326,0.5987839064324963,0.5987839064324963,0.5915635303017189,0.5987839064324963,0.5897205337439715
7,proto,19,0.6570807193860468,0.6286270194964336,0.6570807193860468,0.6907409733698566,0.6447848133590659,0.6570807193860468,0.6570807193860468,0.6192421117662972,0.6570807193860468,0.6598195668535983
7,clf,0,0.7043745376390289,0.7200506856361883,0.7043745376390289,0.756284194205996,0.6154428693677461,0.7043745376390289,0.7043745376390289,0.5880432730555657,0.7043745376390289,0.6923691099542066
7,clf,1,0.3626364293006923,0.5367234598434438,0.3626364293006923,0.6548534110543865,0.5355185231278101,0.3626364293006923,0.3626364293006923,0.3651411438078659,0.3626364293006923,0.28729250845857685
7,clf,2,0.5986833613611238,0.6826970531680461,0.5986833613611238,0.7036867767699669,0.5441533833592773,0.5986833613611238,0.5986833613611238,0.4986755008428747,0.5986833613611238,0.5829966361910515
7,clf,3,0.5483530261975667,0.6140255292388841,0.5483530261975667,0.7019835573531005,0.6431108231811531,0.5483530261975667,0.5483530261975665,0.5657022458814344,0.5483530261975667,0.5548041882991351
7,clf,4,0.6258001440898222,0.6335944499852914,0.6258001440898222,0.7157399002604565,0.6441315114144434,0.6258001440898222,0.6258001440898222,0.557516702599671,0.6258001440898222,0.6207822018031972
7,clf,5,0.627108623895735,0.6514800998510952,0.627108623895735,0.7139571075298335,0.5920950444319335,0.627108623895735,0.6271086238957349,0.5585778837614486,0.627108623895735,0.6284310851659903
7,clf,6,0.7290856726711527,0.6983555796259457,0.7290856726711527,0.7466512169487326,0.6717052462037802,0.7290856726711527,0.7290856726711528,0.6600732018682953,0.7290856726711527,0.7264714110858781
7,clf,7,0.5768315348744111,0.6834519166193445,0.5768315348744111,0.7302478484431183,0.5851695231979885,0.5768315348744111,0.5768315348744111,0.5653309149449944,0.5768315348744111,0.5980114528361146
7,clf,8,0.7181536728268954,0.6772833725694765,0.7181536728268954,0.7347461009353929,0.7188637051275151,0.7181536728268954,0.7181536728268952,0.679760285566642,0.7181536728268954,0.7144594381102054
7,clf,9,0.39730951796629843,0.6333321160580972,0.39730951796629843,0.6416113911036012,0.5032927582636473,0.39730951796629843,0.39730951796629843,0.42379315234246817,0.39730951796629843,0.3486288845145083
7,clf,10,0.6377864733054229,0.6699463908701153,0.6377864733054229,0.7486292054933062,0.704807093976443,0.6377864733054229,0.6377864733054229,0.6532651421635194,0.6377864733054229,0.6192969506350355
7,clf,11,0.5130331781079741,0.6260683293415806,0.5130331781079741,0.6728891328202108,0.4809048398363471,0.5130331781079741,0.5130331781079741,0.4429852530342037,0.5130331781079741,0.5062782953352658
7,clf,12,0.3813004566437479,0.5744428930514689,0.3813004566437479,0.6218749343566301,0.39721027294083133,0.3813004566437479,0.3813004566437479,0.3224318488889288,0.3813004566437479,0.33206826202260953
7,clf,13,0.582106805814107,0.6585651057652679,0.582106805814107,0.7170985798843168,0.5539585324475075,0.582106805814107,0.582106805814107,0.5321451269436361,0.582106805814107,0.5631384798396457
7,clf,14,0.5766770002591683,0.692461145388479,0.5766770002591683,0.7540801091726697,0.5547039725791798,0.5766770002591683,0.5766770002591683,0.4891466250212756,0.5766770002591683,0.5548330235194483
7,clf,15,0.41387613051642347,0.5404593415846759,0.41387613051642347,0.657131642840149,0.6090835926888397,0.41387613051642347,0.41387613051642347,0.44691415389166883,0.41387613051642347,0.37245729556610685
7,clf,16,0.38685032156302424,0.5410738420763272,0.38685032156302424,0.6365228410248598,0.5738651742227722,0.38685032156302424,0.38685032156302424,0.447917938072795,0.38685032156302424,0.3305764124930184
7,clf,17,0.6559547446819602,0.7306206569987119,0.6559547446819602,0.7468001337830051,0.7118400914006895,0.6559547446819602,0.6559547446819602,0.6637484213572724,0.6559547446819602,0.623254586785844
7,clf,18,0.5245504208907754,0.5313438945266677,0.5245504208907754,0.6593989233323283,0.5737151328158125,0.5245504208907754,0.5245504208907754,0.4331999913635741,0.5245504208907754,0.49124977863343133
7,clf,19,0.4599012409510597,0.6054828111441026,0.4599012409510597,0.6535381273108944,0.5014042340231435,0.4599012409510597,0.4599012409510597,0.450392695717438,0.4599012409510597,0.4600749908853783
8,proto,0,0.6473136299066018,0.6865209573314726,0.6473136299066018,0.7603822226078292,0.6605555511433032,0.6473136299066018,0.6473136299066018,0.6342218451976136,0.6473136299066018,0.6647215681960925
8,proto,1,0.5718300215874543,0.6717881901788247,0.5718300215874543,0.6716407024841059,0.6350322055939385,0.5718300215874543,0.5718300215874543,0.5855156065655412,0.5718300215874543,0.5612810145401128
8,proto,2,0.6604870786109132,0.7188106724424365,0.6604870786109132,0.7511356670774122,0.634163958169973,0.6604870786109132,0.6604870786109132,0.6361045107414944,0.6604870786109132,0.6812841851935556
8,proto,3,0.640673380636599,0.7032265900272565,0.640673380636599,0.7308561699206935,0.6833467611424024,0.640673380636599,0.640673380636599,0.6750812535158252,0.640673380636599,0.6635765180335698
8,proto,4,0.666086937290262,0.6921387391240434,0.666086937290262,0.7491800843309805,0.6881746468166496,0.666086937290262,0.666086937290262,0.6679380830144124,0.666086937290262,0.6876581573886866
8,proto,5,0.6420558289053699,0.7185416271682081,0.6420558289053699,0.7478442626191322,0.6461242739595452,0.6420558289053699,0.6420558289053699,0.6591476491695829,0.6420558289053699,0.6727075078336435
8,proto,6,0.6410753750716802,0.712316456197821,0.6410753750716802,0.7536525803313077,0.657210451149748,0.6410753750716802,0.6410753750716802,0.6552725137977979,0.6410753750716802,0.6780147924175615
8,proto,7,0.5860274131212062,0.7007400281887305,0.5860274131212062,0.7559499162647656,0.6405314632584311,0.5860274131212062,0.5860274131212062,0.6263491805696328,0.5860274131212062,0.6183198922493564
8,proto,8,0.6950782072460658,0.7462757407391925,0.6950782072460658,0.7653055260547528,0.7142792001903884,0.6950782072460658,0.6950782072460658,0.7152994331601075,0.6950782072460658,0.7099637650277746
8,proto,9,0.6044654463666849,0.6557251136852531,0.6044654463666849,0.7234307812259864,0.6124626079070596,0.6044654463666849,0.604465446366685,0.6030230515517392,0.6044654463666849,0.6277144177742455
8,proto,10,0.667035146077957,0.7005276834846199,0.667035146077957,0.7412884194209279,0.675783489274586,0.667035146077957,0.6670351460779571,0.6735152703913636,0.667035146077957,0.6798876398876119
8,proto,11,0.5764822290303357,0.6712172565742821,0.5764822290303357,0.7290143376293354,0.6231636274667689,0.5764822290303357,0.5764822290303357,0.6125254276797438,0.5764822290303357,0.6163666893596105
8,proto,12,0.48117358586191333,0.6364242567116233,0.48117358586191333,0.6790455403291935,0.5499546106881906,0.48117358586191333,0.48117358586191333,0.5626294789952698,0.48117358586191333,0.5421677426477074
8,proto,13,0.6451249625627582,0.7003269672981227,0.6451249625627582,0.7546853061676354,0.6616399680844013,0.6451249625627582,0.6451249625627582,0.6425835449999018,0.6451249625627582,0.6656340428182592
8,proto,14,0.4871275824959766,0.6669641711658589,0.4871275824959766,0.7399857350631968,0.6028355170478126,0.4871275824959766,0.48712758249597654,0.5698109941742837,0.4871275824959766,0.5139757405174412
8,proto,15,0.624193188526748,0.7061849406035399,0.624193188526748,0.729352647871515,0.685324035984998,0.624193188526748,0.6241931885267481,0.6690324384764479,0.624193188526748,0.6466590759409139
8,proto,16,0.57366994063845,0.6620129165047204,0.57366994063845,0.6872489270669809,0.6414866711585268,0.57366994063845,0.57366994063845,0.6170493350564172,0.57366994063845,0.5715826889042402
8,proto,17,0.5261633236669438,0.7135298368867,0.5261633236669438,0.7254986903863079,0.6822985529162726,0.5261633236669438,0.5261633236669438,0.6573299383769036,0.5261633236669438,0.5490042400705135
8,proto,18,0.6097147911742986,0.6174169721940397,0.6097147911742986,0.7185621103561539,0.6614249047685277,0.6097147911742986,0.6097147911742986,0.6015525609202529,0.6097147911742986,0.6074312879352315
8,proto,19,0.651594879932737,0.6412607170578304,0.651594879932737,0.684846722560681,0.635473860203529,0.651594879932737,0.6515948799327369,0.6214382187738643,0.651594879932737,0.64893521036912
8,clf,0,0.6929463172022302,0.7139692200102243,0.6929463172022302,0.7583339967306111,0.6271151531685821,0.6929463172022302,0.6929463172022303,0.5946518858620939,0.6929463172022302,0.6895114180928147
8,clf,1,0.36501429236109284,0.5233802729246394,0.36501429236109284,0.6512710549913637,0.5465013083743016,0.36501429236109284,0.36501429236109284,0.3687129140613823,0.36501429236109284,0.2892771041502274
8,clf,2,0.5853511034821584,0.6852373146746658,0.5853511034821584,0.6987160782526978,0.542892724462493,0.5853511034821584,0.5853511034821584,0.49570396703606784,0.5853511034821584,0.5659327950882199
8,clf,3,0.5359970405180841,0.5801200729365972,0.5359970405180841,0.6843309029987197,0.6434689638619324,0.5359970405180841,0.5359970405180841,0.5419947423631932,0.5359970405180841,0.5303610281104201
8,clf,4,0.626683119383891,0.6301299763475073,0.626683119383891,0.7232465059351901,0.655639721009496,0.626683119383891,0.6266831193838911,0.556072321075043,0.626683119383891,0.6203749514534722
8,clf,5,0.6132641622890377,0.6663510213095198,0.6132641622890377,0.7169081841508731,0.5892299805436471,0.6132641622890377,0.6132641622890378,0.5670047518760801,0.6132641622890377,0.6224806261717233
8,clf,6,0.7207022394881383,0.7035258470303309,0.7207022394881383,0.7412782594440801,0.6590755804146013,0.7207022394881383,0.7207022394881384,0.6553090475745804,0.7207022394881383,0.7186960388566017
8,clf,7,0.5813508592747206,0.6886810693484551,0.5813508592747206,0.7384068257457156,0.5936715966730164,0.5813508592747206,0.5813508592747206,0.5859468811017537,0.5813508592747206,0.6079795178844892
8,clf,8,0.7126932019544401,0.6799159421131018,0.7126932019544401,0.7319520074656543,0.7163381793043544,0.7126932019544401,0.7126932019544401,0.6801226085413447,0.7126932019544401,0.7092278728681031
8,clf,9,0.4013954392123734,0.6005121086001598,0.4013954392123734,0.629412847932144,0.5284088350430549,0.4013954392123734,0.4013954392123734,0.44177205071621684,0.4013954392123734,0.3497383985265273
8,clf,10,0.6360363200020667,0.6510093180617303,0.6360363200020667,0.7369104220108582,0.6978081351377772,0.6360363200020667,0.6360363200020667,0.6398515331918094,0.6360363200020667,0.6133485636422884
8,clf,11,0.5060124930503562,0.603312562025873,0.5060124930503562,0.6592992121674308,0.49327076738263304,0.5060124930503562,0.5060124930503562,0.44934504911764017,0.5060124930503562,0.4943719663766246
8,clf,12,0.3615335000473454,0.5706828294058166,0.3615335000473454,0.6186546586179659,0.40478200929785746,0.3615335000473454,0.36153350004734536,0.31851864293082843,0.3615335000473454,0.31579809128384617
8,clf,13,0.5756496191971578,0.6588517762832908,0.5756496191971578,0.7169341317656934,0.5493690338608274,0.5756496191971578,0.5756496191971578,0.5282051954220047,0.5756496191971578,0.5643692080089929
8,clf,14,0.5771956158260173,0.6986539562390189,0.5771956158260173,0.7550523490505778,0.5579442458072171,0.5771956158260173,0.5771956158260173,0.49386751287506936,0.5771956158260173,0.5558738053898401
8,clf,15,0.4285608218230754,0.5472784165935023,0.4285608218230754,0.6574521220534635,0.6107606189330919,0.4285608218230754,0.4285608218230754,0.45118088604320833,0.4285608218230754,0.3853336206657074
8,clf,16,0.37079219573244715,0.5356191930065357,0.37079219573244715,0.6462874083627895,0.5532547848035748,0.37079219573244715,0.37079219573244715,0.43112580869107076,0.37079219573244715,0.3181670745876625
8,clf,17,0.649377126999855,0.7239338060253206,0.649377126999855,0.7520126947340874,0.7098788824789415,0.649377126999855,0.649377126999855,0.6594659944388334,0.649377126999855,0.6148512076719757
8,clf,18,0.5459540691157229,0.5611281625067526,0.5459540691157229,0.6759690708464225,0.5919775053343679,0.5459540691157229,0.5459540691157228,0.47007618284308794,0.5459540691157229,0.5166120434037089
8,clf,19,0.4627841524984382,0.5950218168989339,0.4627841524984382,0.6387865270616362,0.5150423516059891,0.4627841524984382,0.46278415249843813,0.4530886670655533,0.4627841524984382,0.45459606160667604
9,proto,0,0.6465255312464253,0.7023574359244225,0.6465255312464253,0.767769081846065,0.6643963980543375,0.6465255312464253,0.6465255312464253,0.6414437227646945,0.6465255312464253,0.6671318586055921
9,proto,1,0.5642334790369566,0.6751306475534045,0.5642334790369566,0.6555913122344149,0.6189830792465383,0.5642334790369566,0.5642334790369566,0.5781960263943094,0.5642334790369566,0.5555970060331005
9,proto,2,0.6624961215342732,0.7084442197888192,0.6624961215342732,0.7393889756623686,0.6375552799709732,0.6624961215342732,0.6624961215342732,0.6428724606824583,0.6624961215342732,0.6822748889543484
9,proto,3,0.6465153094739198,0.7039058937371802,0.6465153094739198,0.7236394324310761,0.6677080511612788,0.6465153094739198,0.6465153094739198,0.6641906442926666,0.6465153094739198,0.6624775288329798
9,proto,4,0.680075804664901,0.6986752452049187,0.680075804664901,0.7395142043246425,0.6797350086799143,0.680075804664901,0.680075804664901,0.6703964166398403,0.680075804664901,0.6931956312266208
9,proto,5,0.6509885429727498,0.7182622771502001,0.6509885429727498,0.7360287757469482,0.6456686545281551,0.6509885429727498,0.6509885429727498,0.6598008978062433,0.6509885429727498,0.6699041985700416
9,proto,6,0.6638849816421613,0.7277646564083187,0.6638849816421613,0.7695484053253383,0.6748829351039787,0.6638849816421613,0.6638849816421613,0.6730774592091058,0.6638849816421613,0.6966039550002617
9,proto,7,0.5872490078608218,0.6842044033397647,0.5872490078608218,0.7311674220910144,0.6290762129983973,0.5872490078608218,0.5872490078608218,0.6215957142093447,0.5872490078608218,0.6113272267951153
9,proto,8,0.6914559827709237,0.7570499399731947,0.6914559827709237,0.76652244188735,0.7110781810206221,0.6914559827709237,0.6914559827709237,0.7168012965444492,0.6914559827709237,0.7057627760193287
9,proto,9,0.5854908629898703,0.6564217959476678,0.5854908629898703,0.7329141299967956,0.6259993070831653,0.5854908629898703,0.5854908629898703,0.6041974161805022,0.5854908629898703,0.6075711201684169
9,proto,10,0.6593587807767116,0.7099318952881766,0.6593587807767116,0.7595532303529691,0.68346102476849,0.6593587807767116,0.6593587807767116,0.6778215625246269,0.6593587807767116,0.676169084573097
9,proto,11,0.6016232360589194,0.6622608532987547,0.6016232360589194,0.7110753409330935,0.6092356569125577,0.6016232360589194,0.6016232360589193,0.6094010677629484,0.6016232360589194,0.6371416140944202
9,proto,12,0.4118787032436379,0.5635005233152423,0.4118787032436379,0.6276371567572065,0.5201180331273074,0.4118787032436379,0.41187870324363796,0.5030379932322222,0.4118787032436379,0.4466181294382128
9,proto,13,0.6302163215130305,0.6997351919266404,0.6302163215130305,0.7511393955787757,0.6510524633594628,0.6302163215130305,0.6302163215130305,0.6358445851693013,0.6302163215130305,0.6554528834837466
9,proto,14,0.48029953138748577,0.6536173738667722,0.48029953138748577,0.7288015796067908,0.5980165290384369,0.48029953138748577,0.4802995313874857,0.5561029804880804,0.48029953138748577,0.5019326849985126
9,proto,15,0.5897758300241893,0.6923840171475977,0.5897758300241893,0.7261569311942585,0.6778489541040598,0.5897758300241893,0.5897758300241893,0.6587542336961467,0.5897758300241893,0.6311905736857701
9,proto,16,0.5794633625189718,0.6591618416151407,0.5794633625189718,0.6895074536133579,0.6411958136580985,0.5794633625189718,0.5794633625189718,0.6054904674632312,0.5794633625189718,0.5688065114054378
9,proto,17,0.5329066269888433,0.7005218762335845,0.5329066269888433,0.7149666692876055,0.6879179780368441,0.5329066269888433,0.5329066269888433,0.6563340127178867,0.5329066269888433,0.554841358979717
9,proto,18,0.6276387621879537,0.6341103908518994,0.6276387621879537,0.7214214237435077,0.677037480766477,0.6276387621879537,0.6276387621879538,0.622446893747212,0.6276387621879537,0.6203865334034792
9,proto,19,0.6497294064504774,0.644083364767832,0.6497294064504774,0.6944682761924417,0.6426232528469176,0.6497294064504774,0.6497294064504775,0.6224335324635205,0.6497294064504774,0.6496479249890313
9,clf,0,0.6967253064975254,0.7021451413879211,0.6967253064975254,0.7492417257616976,0.6237095682080068,0.6967253064975254,0.6967253064975254,0.5878808703861871,0.6967253064975254,0.6882019370085528
9,clf,1,0.3593055253419578,0.5165262721690227,0.3593055253419578,0.6496699937636321,0.5368237005814485,0.3593055253419578,0.35930552534195775,0.36062814573306873,0.3593055253419578,0.2806987635905702
9,clf,2,0.5648217885072523,0.662555643921259,0.5648217885072523,0.6937504040206299,0.5336854036543264,0.5648217885072523,0.5648217885072523,0.4685306765219791,0.5648217885072523,0.543555160983811
9,clf,3,0.5291813484618044,0.5938881048664555,0.5291813484618044,0.697421070033946,0.6380480001596459,0.5291813484618044,0.5291813484618044,0.5473432310079565,0.5291813484618044,0.5316611271020498
9,clf,4,0.6170317217841677,0.6282986544573169,0.6170317217841677,0.7188164090542364,0.6376439713444895,0.6170317217841677,0.6170317217841677,0.5437642715929915,0.6170317217841677,0.614441173766559
9,clf,5,0.6062259143677513,0.6621035131332019,0.6062259143677513,0.7163224995418055,0.583374220868955,0.6062259143677513,0.6062259143677513,0.5583335980536093,0.6062259143677513,0.6143238462677441
9,clf,6,0.7372723831960379,0.7110962963835156,0.7372723831960379,0.7489200391271236,0.6815513033603144,0.7372723831960379,0.7372723831960379,0.6772974282132292,0.7372723831960379,0.7339583721369758
9,clf,7,0.5721959610431523,0.662323960758274,0.5721959610431523,0.7208258147708968,0.5890581800267796,0.5721959610431523,0.5721959610431523,0.5585711261735905,0.5721959610431523,0.5941748231370876
9,clf,8,0.7181754173247707,0.6922565848174013,0.7181754173247707,0.7367261467604471,0.7233098382136449,0.7181754173247707,0.7181754173247707,0.6927257372058858,0.7181754173247707,0.7160190856356992
9,clf,9,0.40326193487188355,0.6267654107815779,0.40326193487188355,0.6503541894929632,0.5346911975136304,0.40326193487188355,0.40326193487188355,0.45127145347370146,0.40326193487188355,0.35413368787290356
9,clf,10,0.6365448996468192,0.6568165594412654,0.6365448996468192,0.730670744990628,0.6978907793760292,0.6365448996468192,0.6365448996468193,0.6313434862798191,0.6365448996468192,0.6097181070759576
9,clf,11,0.47853488175221254,0.59913131822582,0.47853488175221254,0.6583213356576527,0.45939765298669993,0.47853488175221254,0.4785348817522126,0.4020283519250031,0.47853488175221254,0.46231217023704974
9,clf,12,0.365464793752973,0.5561983042725516,0.365464793752973,0.6022689933700811,0.37171364489214226,0.365464793752973,0.365464793752973,0.28828193469460606,0.365464793752973,0.31396900264721606
9,clf,13,0.5667046390027713,0.6497676462845139,0.5667046390027713,0.7095109932648429,0.5227421480189851,0.5667046390027713,0.5667046390027712,0.49845515350792535,0.5667046390027713,0.5496200858134732
9,clf,14,0.5718374556038219,0.6896527746093837,0.5718374556038219,0.7500807639965661,0.5537870947015537,0.5718374556038219,0.5718374556038219,0.4936403884112952,0.5718374556038219,0.5535830840835312
9,clf,15,0.41023913093375053,0.554131831816793,0.41023913093375053,0.6576287056783919,0.607845904363599,0.41023913093375053,0.41023913093375053,0.45247911472632335,0.41023913093375053,0.3708781866990022
9,clf,16,0.384200001802749,0.5209301432476463,0.384200001802749,0.6502649358310976,0.5696418397008651,0.384200001802749,0.38420000180274894,0.43266180579935254,0.384200001802749,0.3295323664217755
9,clf,17,0.6479206173430212,0.7164073088729752,0.6479206173430212,0.7484139598237597,0.7171212824464455,0.6479206173430212,0.6479206173430212,0.6604130429152787,0.6479206173430212,0.6109308119579039
9,clf,18,0.5518842768974096,0.5612481502594713,0.5518842768974096,0.6740196008738262,0.5903900009691897,0.5518842768974096,0.5518842768974095,0.46646727485651873,0.5518842768974096,0.5125965501426293
9,clf,19,0.45824280482463947,0.5969181857704721,0.45824280482463947,0.6495570773036118,0.5145784890560098,0.45824280482463947,0.45824280482463947,0.45755050224347105,0.45824280482463947,0.455707418589114
10,proto,0,0.6536876484654378,0.7059858281585912,0.6536876484654378,0.7716569530086508,0.6687869405289046,0.6536876484654378,0.6536876484654378,0.6487413706400611,0.6536876484654378,0.6747766397874347
10,proto,1,0.46617248423361285,0.633599165652161,0.46617248423361285,0.6109711241011051,0.5966411830307626,0.46617248423361285,0.46617248423361285,0.5469745102576231,0.46617248423361285,0.4820469900967601
10,proto,2,0.6581135830351286,0.7131703133671565,0.6581135830351286,0.7561082542088723,0.6410638984538385,0.6581135830351286,0.6581135830351286,0.6432084513724315,0.6581135830351286,0.6842568166343437
10,proto,3,0.6374806564570983,0.7037304164982552,0.6374806564570983,0.7238433266967579,0.6757344969280591,0.6374806564570983,0.6374806564570984,0.6647653369944931,0.6374806564570983,0.6489373243616247
10,proto,4,0.6691551416956043,0.695323490595783,0.6691551416956043,0.7440227842863298,0.6788855536423686,0.6691551416956043,0.6691551416956043,0.6653593950811366,0.6691551416956043,0.6882832699694498
10,proto,5,0.611943973907346,0.7003794583443645,0.611943973907346,0.7405506554412944,0.6178371869975743,0.611943973907346,0.611943973907346,0.6308616502398969,0.611943973907346,0.6516341984357181
10,proto,6,0.67681533801125,0.7400879513894788,0.67681533801125,0.770221348517814,0.688864978643739,0.67681533801125,0.67681533801125,0.6891054894610861,0.67681533801125,0.7042513877622915
10,proto,7,0.586633843006398,0.6991871783168141,0.586633843006398,0.7492542608623933,0.6320315246625572,0.586633843006398,0.586633843006398,0.6290206223635294,0.586633843006398,0.6222102134479658
10,proto,8,0.675282815537057,0.7511276680915635,0.675282815537057,0.7693191872128949,0.7047490108459866,0.675282815537057,0.6752828155370572,0.7079858433859614,0.675282815537057,0.6938548602933543
10,proto,9,0.5992776180445136,0.6743589514543487,0.5992776180445136,0.7375606706984827,0.6331596839951252,0.5992776180445136,0.5992776180445136,0.6208497286118474,0.5992776180445136,0.6213939262162429
10,proto,10,0.6719398313017251,0.709396833059357,0.6719398313017251,0.7571106609166052,0.6752364950080614,0.6719398313017251,0.6719398313017251,0.6744864392803049,0.6719398313017251,0.6847939686806551
10,proto,11,0.5624368631313025,0.6589846989061725,0.5624368631313025,0.7163136229224496,0.6012142520053538,0.5624368631313025,0.5624368631313025,0.5975172602396558,0.5624368631313025,0.6058768438876935
10,proto,12,0.4827509912099261,0.6026666943235364,0.4827509912099261,0.6271768199438768,0.525929233250578,0.4827509912099261,0.4827509912099261,0.5368066225925454,0.4827509912099261,0.5300122591135954
10,proto,13,0.6379545750005367,0.7019302541066985,0.6379545750005367,0.7531154906724657,0.6567421176332582,0.6379545750005367,0.6379545750005367,0.645329431624794,0.6379545750005367,0.6632230396488139
10,proto,14,0.4803216475861795,0.6425576682205435,0.4803216475861795,0.6444991127607329,0.6023581014806568,0.4803216475861795,0.48032164758617957,0.568899605567434,0.4803216475861795,0.5089135753689237
10,proto,15,0.5989756111295774,0.6793857578450618,0.5989756111295774,0.7073884424586026,0.6715200848875783,0.5989756111295774,0.5989756111295774,0.6482953853962599,0.5989756111295774,0.6213436415037632
10,proto,16,0.5559175095524788,0.6636756219030817,0.5559175095524788,0.6847930354938412,0.6347379296988301,0.5559175095524788,0.5559175095524787,0.6063544841308894,0.5559175095524788,0.5490530563544009
10,proto,17,0.5161339992601295,0.7197104603480612,0.5161339992601295,0.7587867812099709,0.6851686366596456,0.5161339992601295,0.5161339992601295,0.6563420393378321,0.5161339992601295,0.5398685968130714
10,proto,18,0.6244972397961853,0.6337830349036375,0.6244972397961853,0.7249266993949464,0.6649159914642657,0.6244972397961853,0.6244972397961853,0.6228168235985839,0.6244972397961853,0.6420717670024223
10,proto,19,0.6459562714430718,0.633149346566113,0.6459562714430718,0.6919379825794059,0.6360157957883608,0.6459562714430718,0.6459562714430718,0.6159614556728187,0.6459562714430718,0.6481589949155758
10,clf,0,0.7070980824605256,0.7195884838543227,0.7070980824605256,0.7605204430515435,0.633072498585211,0.7070980824605256,0.7070980824605255,0.6010519894568311,0.7070980824605256,0.6969122795598042
10,clf,1,0.35692283017091825,0.5134240836868076,0.35692283017091825,0.6274954065127523,0.5348090485301231,0.35692283017091825,0.35692283017091825,0.36105930755933474,0.35692283017091825,0.2780116133621483
10,clf,2,0.5872837618873407,0.6768149342232666,0.5872837618873407,0.6956397307103794,0.5376790616474798,0.5872837618873407,0.5872837618873405,0.48994409152330587,0.5872837618873407,0.5644364679518508
10,clf,3,0.5225127570043999,0.5877174577622217,0.5225127570043999,0.6895844333498506,0.6443454649565293,0.5225127570043999,0.5225127570043999,0.5481645256083827,0.5225127570043999,0.5210117058952181
10,clf,4,0.6125954725167667,0.6253005286817062,0.6125954725167667,0.7137970673103582,0.6370756053782685,0.6125954725167667,0.6125954725167668,0.5428742676630297,0.6125954725167667,0.6076974284876462
10,clf,5,0.5965530510457663,0.6445315866590837,0.5965530510457663,0.6992624138028068,0.5610428435289221,0.5965530510457663,0.5965530510457664,0.5288977653878977,0.5965530510457663,0.5999810487722733
10,clf,6,0.7388420757520693,0.7214066295439183,0.7388420757520693,0.7563964358633808,0.6923830008062444,0.7388420757520693,0.7388420757520693,0.6854760651682402,0.7388420757520693,0.7378134921474557
10,clf,7,0.5959019241371639,0.6712384712172675,0.5959019241371639,0.7277508692574942,0.6015076736582464,0.5959019241371639,0.5959019241371639,0.5827533680466682,0.5959019241371639,0.6158677047605642
10,clf,8,0.6902358748345815,0.6642488595569798,0.6902358748345815,0.7241122715730597,0.7114348399317074,0.6902358748345815,0.6902358748345815,0.6666864267837782,0.6902358748345815,0.6910619853847104
10,clf,9,0.4028972034438453,0.612964856112491,0.4028972034438453,0.6369761165402527,0.5236452209686029,0.4028972034438453,0.4028972034438453,0.43143599009671957,0.4028972034438453,0.34662284761407997
10,clf,10,0.6399162260695529,0.6669118368257029,0.6399162260695529,0.7407512983665769,0.7006917932209895,0.6399162260695529,0.6399162260695528,0.6503456775941915,0.6399162260695529,0.6192626541549101
10,clf,11,0.48193594424041686,0.5841859649859896,0.48193594424041686,0.6513970907445095,0.4659834386265329,0.48193594424041686,0.48193594424041686,0.4141434778540918,0.48193594424041686,0.4697940520515012
10,clf,12,0.36519744793935105,0.5580329708055254,0.36519744793935105,0.6180523813721795,0.37196322323644393,0.36519744793935105,0.36519744793935105,0.2920358057239953,0.36519744793935105,0.3148696982044553
10,clf,13,0.5821914606754938,0.6508775346563634,0.5821914606754938,0.7187388306172928,0.5437399581648692,0.5821914606754938,0.5821914606754938,0.5170986338994652,0.5821914606754938,0.5626323611158003
10,clf,14,0.5742975574702898,0.7000732978943123,0.5742975574702898,0.7543870364251384,0.5550075227740526,0.5742975574702898,0.5742975574702897,0.4934750010670408,0.5742975574702898,0.551333009698195
10,clf,15,0.4075421627207682,0.5607879594018376,0.4075421627207682,0.6708102504947848,0.594940062391044,0.4075421627207682,0.40754216272076815,0.44667496959884156,0.4075421627207682,0.3707215079070362
10,clf,16,0.3744405321900807,0.5209922969656191,0.3744405321900807,0.6413437575285553,0.5586007095995302,0.3744405321900807,0.3744405321900808,0.4236858448551152,0.3744405321900807,0.3182466696572056
10,clf,17,0.6473533089689641,0.7151355294080493,0.6473533089689641,0.7449264848991564,0.7150066028502686,0.6473533089689641,0.6473533089689641,0.6626110770954148,0.6473533089689641,0.6151190873828517
10,clf,18,0.531497602111558,0.522291024922765,0.531497602111558,0.6628940924575218,0.5723153957193245,0.531497602111558,0.531497602111558,0.4322124583610364,0.531497602111558,0.4962654350978447
10,clf,19,0.47525341400232296,0.6188111726237455,0.47525341400232296,0.6549808835162637,0.5087657271498955,0.47525341400232296,0.4752534140023229,0.4647816668502498,0.47525341400232296,0.47611924412186574
11,proto,0,0.6519358225083988,0.706852941939691,0.6519358225083988,0.7659083425239949,0.6663786133172918,0.6519358225083988,0.6519358225083989,0.6464158568279113,0.6519358225083988,0.6717375618649
11,proto,1,0.48464620075765635,0.6260252038011825,0.48464620075765635,0.6232087746468399,0.5773187404503687,0.48464620075765635,0.48464620075765635,0.5377390863367341,0.48464620075765635,0.505949302865573
11,proto,2,0.6254106945573614,0.6882565054544186,0.6254106945573614,0.7347447110922012,0.6343567619612449,0.6254106945573614,0.6254106945573614,0.6304164160444461,0.6254106945573614,0.6588043917375285
11,proto,3,0.6468691686530204,0.703152667068528,0.6468691686530204,0.7240058980407422,0.6764683853639823,0.6468691686530204,0.6468691686530202,0.6661265869981159,0.6468691686530204,0.6606611404118476
11,proto,4,0.6506305950846469,0.6519835592320883,0.6506305950846469,0.7260089631691782,0.6608350793867345,0.6506305950846469,0.6506305950846469,0.6337330963290339,0.6506305950846469,0.6690079056489702
11,proto,5,0.649637317572723,0.7140092364685,0.649637317572723,0.7335758293933873,0.6502400174030376,0.649637317572723,0.649637317572723,0.6565504523136612,0.649637317572723,0.6676820795646596
11,proto,6,0.6786574872671561,0.731584780746525,0.6786574872671561,0.7658733978615029,0.6841630988683752,0.6786574872671561,0.6786574872671561,0.6786830476515824,0.6786574872671561,0.7045116479924189
11,proto,7,0.5757650323012657,0.7033413553331327,0.5757650323012657,0.738783714733325,0.6289154705414721,0.5757650323012657,0.5757650323012657,0.6230227439033044,0.5757650323012657,0.5994053531716752
11,proto,8,0.6823451310863338,0.7522709312695416,0.6823451310863338,0.7694119019905493,0.708354663649541,0.6823451310863338,0.6823451310863338,0.7126894818191654,0.6823451310863338,0.7001543922963378
11,proto,9,0.5853765649882176,0.6572293432876464,0.5853765649882176,0.7228862346328218,0.6084081348038317,0.5853765649882176,0.5853765649882176,0.5984398073228653,0.5853765649882176,0.6077280696370528
11,proto,10,0.6719528408303684,0.6992249833866226,0.6719528408303684,0.7434192536352723,0.6686239807571314,0.6719528408303684,0.6719528408303684,0.6679024746156749,0.6719528408303684,0.6821247126308498
11,proto,11,0.6339983773400774,0.6690175762225412,0.6339983773400774,0.7100377897705601,0.6298867689555618,0.6339983773400774,0.6339983773400772,0.6277782747140994,0.6339983773400774,0.6589785467765399
11,proto,12,0.40215844806730905,0.5787615088172879,0.40215844806730905,0.5953509843371569,0.5153010760978212,0.40215844806730905,0.40215844806730905,0.5057326826831748,0.40215844806730905,0.4315091870821943
11,proto,13,0.6396689521001235,0.7077172430305959,0.6396689521001235,0.764450339687569,0.6672060743850093,0.6396689521001235,0.6396689521001235,0.6478987009400589,0.6396689521001235,0.6645589274133754
11,proto,14,0.4740483599491253,0.6384330285752617,0.4740483599491253,0.6800315424383705,0.5965852353018729,0.4740483599491253,0.47404835994912536,0.5573898103585605,0.4740483599491253,0.4976613113981931
11,proto,15,0.6155829249193153,0.6767648996379386,0.6155829249193153,0.7059139561608431,0.6766475220449766,0.6155829249193153,0.6155829249193154,0.65468526289662,0.6155829249193153,0.6329188082191146
11,proto,16,0.5666119925737894,0.6539238238058358,0.5666119925737894,0.683719693387846,0.640361061979494,0.5666119925737894,0.5666119925737894,0.6074514530341114,0.5666119925737894,0.5758265276096828
11,proto,17,0.5278929405000844,0.7085562368755495,0.5278929405000844,0.7022084760562791,0.6856067024405261,0.5278929405000844,0.5278929405000844,0.6606470675136069,0.5278929405000844,0.5438485510687582
11,proto,18,0.6177552374271501,0.6419304879646246,0.6177552374271501,0.7211581843449302,0.6626062053274322,0.6177552374271501,0.6177552374271501,0.6257211431732287,0.6177552374271501,0.6293892968142673
11,proto,19,0.6574198034576167,0.649283314661627,0.6574198034576167,0.698762482213678,0.6498523634795446,0.6574198034576167,0.6574198034576167,0.633955992960743,0.6574198034576167,0.6574460580184214
11,clf,0,0.6933905926054025,0.7040086044746676,0.6933905926054025,0.7518206138249117,0.622185055258788,0.6933905926054025,0.6933905926054025,0.5794654641066359,0.6933905926054025,0.6833530850050707
11,clf,1,0.3399305272585401,0.4840294176074401,0.3399305272585401,0.6011829987620437,0.507537571641535,0.3399305272585401,0.3399305272585401,0.3315416563319377,0.3399305272585401,0.26204670619348563
11,clf,2,0.5851662752502174,0.6704571850746778,0.5851662752502174,0.6951203274495558,0.5471232680838083,0.5851662752502174,0.5851662752502174,0.49448060379666636,0.5851662752502174,0.5692305893286911
11,clf,3,0.5470492855770883,0.6002898698954273,0.5470492855770883,0.6931583861822015,0.6469248864564652,0.5470492855770883,0.5470492855770883,0.5604147334348373,0.5470492855770883,0.5469274338440215
11,clf,4,0.6066056996789341,0.6049935540107412,0.6066056996789341,0.7059367126686226,0.6056428060591944,0.6066056996789341,0.6066056996789342,0.5146347382688572,0.6066056996789341,0.6002907972203273
11,clf,5,0.5973685626412986,0.6641019752963726,0.5973685626412986,0.7190160545432841,0.5888511835022684,0.5973685626412986,0.5973685626412986,0.564528827578826,0.5973685626412986,0.6105623609512114
11,clf,6,0.7232304555295747,0.7025505002467052,0.7232304555295747,0.7461953477126033,0.6756592222430396,0.7232304555295747,0.7232304555295747,0.6616449924455446,0.7232304555295747,0.722778593410502
11,clf,7,0.5728752442887473,0.676969862836943,0.5728752442887473,0.7303991129211713,0.5965536498143703,0.5728752442887473,0.5728752442887473,0.5759799185732091,0.5728752442887473,0.6002661237743445
11,clf,8,0.7099797859802442,0.6785689603845483,0.7099797859802442,0.7276422410063943,0.7129946440537964,0.7099797859802442,0.7099797859802444,0.6739614443446452,0.7099797859802442,0.706164142596874
11,clf,9,0.4029180186896747,0.6079987876739994,0.4029180186896747,0.6523456385860449,0.5221673796953819,0.4029180186896747,0.4029180186896747,0.43026056762776355,0.4029180186896747,0.345930941274096
11,clf,10,0.6370663029698059,0.6560711508356185,0.6370663029698059,0.7405389049231934,0.6946701695970638,0.6370663029698059,0.6370663029698058,0.640344509551473,0.6370663029698059,0.6160608473911877
11,clf,11,0.48751322209504894,0.5848088036454324,0.48751322209504894,0.6462400193359865,0.469203581258197,0.48751322209504894,0.4875132220950489,0.41473854344047023,0.48751322209504894,0.4661735665248369
11,clf,12,0.3591880678833488,0.5365400455028859,0.3591880678833488,0.6117426719497236,0.3588541723954519,0.3591880678833488,0.3591880678833488,0.26860504648963734,0.3591880678833488,0.30723051364363474
11,clf,13,0.5863278403076642,0.6642826208954566,0.5863278403076642,0.7208751974011335,0.5591984553927902,0.5863278403076642,0.5863278403076642,0.5395779980773934,0.5863278403076642,0.5712138511679388
11,clf,14,0.5706317510741922,0.7036362047230691,0.5706317510741922,0.7565166902067417,0.5448410682106286,0.5706317510741922,0.5706317510741921,0.48553187156211297,0.5706317510741922,0.5499678626583553
11,clf,15,0.413222030001274,0.5542584880860593,0.413222030001274,0.6621259282171205,0.5987804698683541,0.413222030001274,0.413222030001274,0.45453948895768503,0.413222030001274,0.3737179541973984
11,clf,16,0.3907369182452413,0.5488424178001623,0.3907369182452413,0.6560090820391411,0.5850788591677831,0.3907369182452413,0.39073691824524137,0.45704343526585334,0.3907369182452413,0.3364507416744275
11,clf,17,0.6438343243961279,0.7028271082198161,0.6438343243961279,0.7373064637227821,0.7165205578105727,0.6438343243961279,0.6438343243961279,0.6572484576204696,0.6438343243961279,0.6122875068445999
11,clf,18,0.5282154838852362,0.5535251356748007,0.5282154838852362,0.6703916425714486,0.5792637430579666,0.5282154838852362,0.5282154838852362,0.4560197239416548,0.5282154838852362,0.49539094520113247
11,clf,19,0.472189484156392,0.6137826621278002,0.472189484156392,0.6567466905382982,0.5165326980616323,0.472189484156392,0.472189484156392,0.4666049892366054,0.472189484156392,0.47006965340922324
12,proto,0,0.6439660923362447,0.6994701881648919,0.6439660923362447,0.763706630208052,0.666002179261535,0.6439660923362447,0.6439660923362446,0.6393587501654046,0.6439660923362447,0.6646994413357182
12,proto,1,0.5130806628875225,0.6494970698002892,0.5130806628875225,0.6255958954074927,0.6094263456786322,0.5130806628875225,0.5130806628875225,0.5594738738882504,0.5130806628875225,0.5218476836398998
12,proto,2,0.6684556007554076,0.7186679015038923,0.6684556007554076,0.745859561787564,0.646969245828916,0.6684556007554076,0.6684556007554076,0.6566293110187531,0.6684556007554076,0.6871551981641384
12,proto,3,0.6427015661521057,0.7162634371664648,0.6427015661521057,0.7361524799444146,0.6849835113286151,0.6427015661521057,0.6427015661521058,0.6798489584554587,0.6427015661521057,0.66127242346613
12,proto,4,0.6725182907003336,0.7034753639706683,0.6725182907003336,0.749394369155332,0.6879859831277687,0.6725182907003336,0.6725182907003335,0.6724525132100931,0.6725182907003336,0.6910262021013625
12,proto,5,0.6563680759920021,0.7292339585205352,0.6563680759920021,0.7614205374878874,0.6540928203169876,0.6563680759920021,0.6563680759920021,0.6727734963975103,0.6563680759920021,0.6902465180921401
12,proto,6,0.6702190423630211,0.7347638980880349,0.6702190423630211,0.7682481724590624,0.675682399711313,0.6702190423630211,0.6702190423630211,0.6763562427903744,0.6702190423630211,0.6997870692765479
12,proto,7,0.5563261016770862,0.6601905996954449,0.5563261016770862,0.711687832121936,0.5944173026881094,0.5563261016770862,0.5563261016770862,0.5966651012167483,0.5563261016770862,0.5831329232694685
12,proto,8,0.6759060648842807,0.7413254214020486,0.6759060648842807,0.7565570232047466,0.70223770768554,0.6759060648842807,0.6759060648842807,0.7029022336973025,0.6759060648842807,0.6904182049296904
12,proto,9,0.6014375715001371,0.6749734031833203,0.6014375715001371,0.7363654278167258,0.6290017812875668,0.6014375715001371,0.6014375715001371,0.6163546674222251,0.6014375715001371,0.6212761592056382
12,proto,10,0.6707492735804443,0.7119139952482313,0.6707492735804443,0.7547325376626332,0.6802907295365281,0.6707492735804443,0.6707492735804443,0.679946709322812,0.6707492735804443,0.6855751331770741
12,proto,11,0.6172555786020388,0.6631051289215335,0.6172555786020388,0.7292607192713864,0.6267882133482405,0.6172555786020388,0.6172555786020388,0.6175192177856534,0.6172555786020388,0.6518885197797457
12,proto,12,0.4221784399958258,0.6118501843369218,0.4221784399958258,0.6566121821318656,0.5364105423155311,0.4221784399958258,0.42217843999582577,0.5350880509028638,0.4221784399958258,0.46984718384796587
12,proto,13,0.6333175143660044,0.6958330899162543,0.6333175143660044,0.7526175752523745,0.6566572807718002,0.6333175143660044,0.6333175143660044,0.6365323370876163,0.6333175143660044,0.653011494324262
12,proto,14,0.48769832910260363,0.6474985265115185,0.48769832910260363,0.7054210451705616,0.6006585368332575,0.48769832910260363,0.4876983291026036,0.5598858954094594,0.48769832910260363,0.5105020544783261
12,proto,15,0.6050600747508931,0.7035903973375731,0.6050600747508931,0.7463197105783356,0.6847510396015819,0.6050600747508931,0.6050600747508932,0.6640881101688657,0.6050600747508931,0.6429381727166084
12,proto,16,0.564685560157315,0.6552153416409254,0.564685560157315,0.6847296413078351,0.6298921607458698,0.564685560157315,0.564685560157315,0.6015762474335518,0.564685560157315,0.5708959427991762
12,proto,17,0.5193753233216337,0.702070150603917,0.5193753233216337,0.7340627368500667,0.6828884532003108,0.5193753233216337,0.5193753233216337,0.6482109546564464,0.5193753233216337,0.5399497379765271
12,proto,18,0.6113316897342645,0.647196857632066,0.6113316897342645,0.724220916637714,0.6742606507027933,0.6113316897342645,0.6113316897342647,0.628829715957777,0.6113316897342645,0.6064632341622618
12,proto,19,0.6545648623968217,0.647684811341338,0.6545648623968217,0.6926680466031727,0.6411859909283478,0.6545648623968217,0.6545648623968217,0.6262759689615769,0.6545648623968217,0.6524386461868035
12,clf,0,0.6901904344095342,0.7001004360421484,0.6901904344095342,0.7475600488830726,0.6182157858005173,0.6901904344095342,0.6901904344095342,0.5831761941619581,0.6901904344095342,0.6817459704244517
12,clf,1,0.35467970865718157,0.5075666426735578,0.35467970865718157,0.6459920111903444,0.5345827752301013,0.35467970865718157,0.35467970865718157,0.34681851143229625,0.35467970865718157,0.27027791257284417
12,clf,2,0.5707067417143009,0.672565627578064,0.5707067417143009,0.6879692883642455,0.5369247097874306,0.5707067417143009,0.5707067417143009,0.48921381476635095,0.5707067417143009,0.5483958172291175
12,clf,3,0.5238987364309454,0.5985534937828111,0.5238987364309454,0.6919015084116815,0.6383336061943959,0.5238987364309454,0.5238987364309455,0.5520798570864529,0.5238987364309454,0.525324499997903
12,clf,4,0.626814608548394,0.6285817272523819,0.626814608548394,0.7197926734482709,0.6584980888716379,0.626814608548394,0.626814608548394,0.5641589848291378,0.626814608548394,0.6207751441625466
12,clf,5,0.6159089065370372,0.6641572712780515,0.6159089065370372,0.7188577753669216,0.5954046546475567,0.6159089065370372,0.6159089065370373,0.569439926270755,0.6159089065370372,0.6251686171729413
12,clf,6,0.7227717767196901,0.7051852259781459,0.7227717767196901,0.745726416507859,0.6796321782295578,0.7227717767196901,0.7227717767196902,0.6708327942222017,0.7227717767196901,0.7232982662128591
12,clf,7,0.5374544794269637,0.6582987106885703,0.5374544794269637,0.7112647824939359,0.5447223568953243,0.5374544794269637,0.5374544794269638,0.5168339940601641,0.5374544794269637,0.5569451075350877
12,clf,8,0.6994730118722171,0.6706740969075806,0.6994730118722171,0.7278802569099994,0.71586840373863,0.6994730118722171,0.6994730118722171,0.6743715176859594,0.6994730118722171,0.7001716480071397
12,clf,9,0.40654646915352477,0.6118602416917627,0.40654646915352477,0.6310383647125927,0.532891115159712,0.40654646915352477,0.40654646915352477,0.4407573172827428,0.40654646915352477,0.3544610793774109
12,clf,10,0.6345258208013628,0.6610236863613423,0.6345258208013628,0.738511145165699,0.7031716737178308,0.6345258208013628,0.6345258208013628,0.6480391697308541,0.6345258208013628,0.6136415187865149
12,clf,11,0.4819897479338778,0.614176607106785,0.4819897479338778,0.6645657688434902,0.4833802802645196,0.4819897479338778,0.4819897479338778,0.44044325022550246,0.4819897479338778,0.4739014143988362
12,clf,12,0.3750772556919708,0.5888103453400275,0.3750772556919708,0.6446395596613415,0.38678995491569085,0.3750772556919708,0.3750772556919708,0.309985781925042,0.3750772556919708,0.32498590687600537
12,clf,13,0.5824079764022019,0.6637256650345189,0.5824079764022019,0.7221224927667715,0.5573427990367974,0.5824079764022019,0.5824079764022019,0.5368908726824191,0.5824079764022019,0.5693612309446172
12,clf,14,0.573058957418233,0.6880484416954229,0.573058957418233,0.7452803961253402,0.5498477206045767,0.573058957418233,0.573058957418233,0.4919047096311547,0.573058957418233,0.5530625799807838
12,clf,15,0.41718296684716766,0.5479822662722229,0.41718296684716766,0.664275232341078,0.6085478609289336,0.41718296684716766,0.4171829668471677,0.45596590403461373,0.41718296684716766,0.37604836883469794
12,clf,16,0.3844073179342021,0.532704494094974,0.3844073179342021,0.6536910853601553,0.5708137839673073,0.3844073179342021,0.384407317934202,0.44258433098923183,0.3844073179342021,0.329988658545603
12,clf,17,0.647243936003155,0.7147053492897903,0.647243936003155,0.7465666771685433,0.7180568172468332,0.647243936003155,0.647243936003155,0.6649560539576085,0.647243936003155,0.617939197176133
12,clf,18,0.5525332665263062,0.5526706205879217,0.5525332665263062,0.6734199212978593,0.5905166733588345,0.5525332665263062,0.5525332665263063,0.46242071589297506,0.5525332665263062,0.5135650263548621
12,clf,19,0.4653197096310377,0.6142507515976856,0.4653197096310377,0.655595145630816,0.5084472190462533,0.4653197096310377,0.4653197096310377,0.45313626047102984,0.4653197096310377,0.4594463672282992
13,proto,0,0.6559719358448104,0.7137627227727527,0.6559719358448104,0.7695779985545199,0.6681526815604437,0.6559719358448104,0.6559719358448104,0.6479437199562024,0.6559719358448104,0.6774877990433932
13,proto,1,0.5530318102489624,0.6610343077246008,0.5530318102489624,0.664774364269983,0.6200232166736129,0.5530318102489624,0.5530318102489624,0.5692338056959769,0.5530318102489624,0.5436888781468487
13,proto,2,0.6095425078449781,0.6911375684976188,0.6095425078449781,0.7432906084921418,0.6296852746921284,0.6095425078449781,0.6095425078449781,0.629007414545787,0.6095425078449781,0.6498468949781102
13,proto,3,0.6580325522567211,0.7107756781842676,0.6580325522567211,0.731996791423723,0.6819029680633834,0.6580325522567211,0.6580325522567212,0.674443944475823,0.6580325522567211,0.6693358329579067
13,proto,4,0.6714227025381497,0.6952193564947087,0.6714227025381497,0.74673768166068,0.6817022834275401,0.6714227025381497,0.6714227025381497,0.6673933012434028,0.6714227025381497,0.6905890052366416
13,proto,5,0.6408425045089633,0.708177243513781,0.6408425045089633,0.7439445352681628,0.6401495870098284,0.6408425045089633,0.6408425045089632,0.6500113229585998,0.6408425045089633,0.669558940053095
13,proto,6,0.6723773231649618,0.7293374983652454,0.6723773231649618,0.7604287105000684,0.6755699190207252,0.6723773231649618,0.6723773231649619,0.6687043946576501,0.6723773231649618,0.6953607434353677
13,proto,7,0.5849769866084559,0.7065792486695348,0.5849769866084559,0.7287782855687063,0.6377405389282123,0.5849769866084559,0.5849769866084558,0.6354598775360947,0.5849769866084559,0.6012780988415483
13,proto,8,0.6792649393295985,0.7437035159077152,0.6792649393295985,0.7657616219632564,0.7049255831892203,0.6792649393295985,0.6792649393295986,0.7061070700766179,0.6792649393295985,0.6970823491215484
13,proto,9,0.5873696247763871,0.6605672490643262,0.5873696247763871,0.7181372552400895,0.625224889525327,0.5873696247763871,0.5873696247763871,0.6138764771739019,0.5873696247763871,0.6152966610484543
13,proto,10,0.6704940080434199,0.7059695172945022,0.6704940080434199,0.752080493828662,0.6824158968706805,0.6704940080434199,0.67049400804342,0.6762207336254493,0.6704940080434199,0.6795189168744071
13,proto,11,0.6211433833119157,0.6664860892400285,0.6211433833119157,0.7168458400491315,0.6254768562119744,0.6211433833119157,0.6211433833119155,0.6237158279093482,0.6211433833119157,0.652911055400528
13,proto,12,0.4052863104540019,0.6270541373188196,0.4052863104540019,0.6324796693711923,0.5266501476423497,0.4052863104540019,0.4052863104540019,0.5366526112625156,0.4052863104540019,0.4491429908580452
13,proto,13,0.6319585761739961,0.7130458147733059,0.6319585761739961,0.7598429523718379,0.6576122794894813,0.6319585761739961,0.6319585761739962,0.6428549807607278,0.6319585761739961,0.6575306925356348
13,proto,14,0.474779867159703,0.6620959716137409,0.474779867159703,0.7221154183348627,0.5977463331817705,0.474779867159703,0.474779867159703,0.5632801083279546,0.474779867159703,0.5014909170729066
13,proto,15,0.6238556841836562,0.7024488387566877,0.6238556841836562,0.7154826687284479,0.673019836659264,0.6238556841836562,0.6238556841836563,0.6605758767361762,0.6238556841836562,0.6340979499013342
13,proto,16,0.5746073701024119,0.6655941723967014,0.5746073701024119,0.687566783959994,0.6365947948361954,0.5746073701024119,0.5746073701024119,0.6131993961782429,0.5746073701024119,0.5652632852767026
13,proto,17,0.5184899319722455,0.7148941290336834,0.5184899319722455,0.7423701411871383,0.6852038759831661,0.5184899319722455,0.5184899319722454,0.6528031501435942,0.5184899319722455,0.537685333848153
13,proto,18,0.6202895865320899,0.6493811954342874,0.6202895865320899,0.7092348418614953,0.6742115222417407,0.6202895865320899,0.6202895865320899,0.6358541283984804,0.6202895865320899,0.6139413970204166
13,proto,19,0.6565978800229674,0.6475781820221592,0.6565978800229674,0.6966344377803224,0.6394460024061105,0.6565978800229674,0.6565978800229675,0.6329543985044159,0.6565978800229674,0.6614250905975879
13,clf,0,0.6932340136356586,0.6995477340091686,0.6932340136356586,0.7494775773111089,0.6281986885481119,0.6932340136356586,0.6932340136356587,0.5891142459032142,0.6932340136356586,0.6852807586163385
13,clf,1,0.35502724892236964,0.5185337077616665,0.35502724892236964,0.6431804662512027,0.5355934340859443,0.35502724892236964,0.3550272489223696,0.35190110007094594,0.35502724892236964,0.2706677312040544
13,clf,2,0.594217654803866,0.6870487416966805,0.594217654803866,0.7038869717730092,0.5523396168455553,0.594217654803866,0.594217654803866,0.5029517849473918,0.594217654803866,0.5785877205906365
13,clf,3,0.5304060097331718,0.6020298997495264,0.5304060097331718,0.689118428630733,0.6427281375596772,0.5304060097331718,0.5304060097331718,0.5588794529491841,0.5304060097331718,0.5315521695175973
13,clf,4,0.6277509229099008,0.6244561085643769,0.6277509229099008,0.7215265753008149,0.6503685608598383,0.6277509229099008,0.6277509229099008,0.5568365108306399,0.6277509229099008,0.622018006536528
13,clf,5,0.5879163037550239,0.6521520344696194,0.5879163037550239,0.7095367033521522,0.5726737290921126,0.5879163037550239,0.587916303755024,0.538157424635895,0.5879163037550239,0.5954830428053594
13,clf,6,0.7245737822872108,0.7124225707060196,0.7245737822872108,0.7479662255541146,0.6744593656990016,0.7245737822872108,0.7245737822872108,0.6720118240833596,0.7245737822872108,0.7257053296442432
13,clf,7,0.5767762443776766,0.6773607180637313,0.5767762443776766,0.7267979501555337,0.5970849252060945,0.5767762443776766,0.5767762443776767,0.582112731731091,0.5767762443776766,0.6052322845857392
13,clf,8,0.7090995055171088,0.6754531062762361,0.7090995055171088,0.7281570223198245,0.713189532957353,0.7090995055171088,0.7090995055171088,0.6774921215090677,0.7090995055171088,0.7061361773549115
13,clf,9,0.39007882194629423,0.6099553275324903,0.39007882194629423,0.6376238708457185,0.5160818342676319,0.39007882194629423,0.3900788219462943,0.424492805750989,0.39007882194629423,0.33650661101969687
13,clf,10,0.6308402213366863,0.7051584737947971,0.6308402213366863,0.7488059375693902,0.7022998723534263,0.6308402213366863,0.6308402213366864,0.6473100511565064,0.6308402213366863,0.6112948579255508
13,clf,11,0.46488574892557555,0.6051815404826826,0.46488574892557555,0.6577236289105106,0.4677220059636367,0.46488574892557555,0.46488574892557555,0.41450669846768756,0.46488574892557555,0.44835174561431224
13,clf,12,0.36266811679545946,0.5616803965761394,0.36266811679545946,0.6192250341152518,0.39591892993474453,0.36266811679545946,0.36266811679545946,0.31862189627484366,0.36266811679545946,0.3143771309019472
13,clf,13,0.5831373463330739,0.6573682004334693,0.5831373463330739,0.716917876488063,0.5652518901581477,0.5831373463330739,0.5831373463330738,0.534045337752249,0.5831373463330739,0.5617113884180326
13,clf,14,0.5725644094793745,0.6906352466826999,0.5725644094793745,0.7496485968990417,0.5528526211425767,0.5725644094793745,0.5725644094793745,0.48997889146152,0.5725644094793745,0.5513140206023908
13,clf,15,0.4181990110342176,0.5480029147181628,0.4181990110342176,0.6573613408010377,0.6117518668744175,0.4181990110342176,0.4181990110342175,0.46089685419841175,0.4181990110342176,0.37832769443113357
13,clf,16,0.36901388609209834,0.5140972900053425,0.36901388609209834,0.6411238808994044,0.5536349448589466,0.36901388609209834,0.36901388609209834,0.4115843504234918,0.36901388609209834,0.30938439486514907
13,clf,17,0.6499738926637688,0.7106173343756328,0.6499738926637688,0.7447169116882633,0.7176595665120977,0.6499738926637688,0.6499738926637688,0.6605944326070753,0.6499738926637688,0.6164676104100634
13,clf,18,0.5409598969199291,0.5470605401480539,0.5409598969199291,0.6682103830709072,0.5796392742692191,0.5409598969199291,0.5409598969199291,0.4520649865644192,0.5409598969199291,0.5067870602907316
13,clf,19,0.465793163548453,0.6089884109036509,0.465793163548453,0.654420779427509,0.5077887338698605,0.465793163548453,0.465793163548453,0.4537387628815217,0.465793163548453,0.4646473496338057
14,proto,0,0.6395996298974951,0.7139915402756367,0.6395996298974951,0.7740734310623664,0.6664656125692416,0.6395996298974951,0.6395996298974951,0.6428125859311513,0.6395996298974951,0.6632312546898391
14,proto,1,0.5122602262561466,0.6470696580385668,0.5122602262561466,0.6309640406764064,0.6159779239138262,0.5122602262561466,0.5122602262561466,0.5726868754834695,0.5122602262561466,0.5292953035440241
14,proto,2,0.6257304501863754,0.7084529198687062,0.6257304501863754,0.7451176287994596,0.636318359117825,0.6257304501863754,0.6257304501863754,0.6379256440130514,0.6257304501863754,0.6595703585741697
14,proto,3,0.6253375624213446,0.7007923363154964,0.6253375624213446,0.7241426983127244,0.6681586077839035,0.6253375624213446,0.6253375624213446,0.6591169949863727,0.6253375624213446,0.6410640786380969
14,proto,4,0.684431580705122,0.7081966697808456,0.684431580705122,0.7558007955283323,0.6965590973265531,0.684431580705122,0.6844315807051221,0.6806616070078352,0.684431580705122,0.7014101438765711
14,proto,5,0.6608019092040835,0.7218013266891764,0.6608019092040835,0.7378510917107142,0.6505063026963486,0.6608019092040835,0.6608019092040835,0.6632738385175568,0.6608019092040835,0.6781889300326178
14,proto,6,0.6703052769528859,0.7309409120734672,0.6703052769528859,0.7688129328866324,0.6782246523014546,0.6703052769528859,0.6703052769528859,0.6747171338126574,0.6703052769528859,0.700070391488787
14,proto,7,0.5800059527886064,0.6971321630267835,0.5800059527886064,0.7348908951640405,0.6348453652235768,0.5800059527886064,0.5800059527886063,0.6291783685721999,0.5800059527886064,0.6068920532122514
14,proto,8,0.6726864853206519,0.7403684641674225,0.6726864853206519,0.7691806899117044,0.6991174268619829,0.6726864853206519,0.6726864853206519,0.6927320218753623,0.6726864853206519,0.6886418305068713
14,proto,9,0.6032763754486777,0.6785077977319443,0.6032763754486777,0.7318249426072554,0.6247087046217406,0.6032763754486777,0.6032763754486777,0.6165505133252026,0.6032763754486777,0.6201029160231588
14,proto,10,0.6672737780033589,0.7022403931758052,0.6672737780033589,0.7482031825065485,0.6710062878635702,0.6672737780033589,0.6672737780033589,0.6693848225599088,0.6672737780033589,0.6807001132093431
14,proto,11,0.582375080879775,0.6669392846375133,0.582375080879775,0.7139560300714831,0.6017087262265357,0.582375080879775,0.582375080879775,0.6033185442776003,0.582375080879775,0.6221264626145971
14,proto,12,0.479634465698194,0.6204743414091316,0.479634465698194,0.6496405445508777,0.5468619747045813,0.479634465698194,0.479634465698194,0.5567265653846378,0.479634465698194,0.5301230098563428
14,proto,13,0.6344885577943199,0.6909808420967285,0.6344885577943199,0.7468736958853524,0.6598343461979891,0.6344885577943199,0.63448855779432,0.6391685763847321,0.6344885577943199,0.6553273501752439
14,proto,14,0.4660048471645221,0.6438653104501173,0.4660048471645221,0.6991143108324342,0.587448249826156,0.4660048471645221,0.4660048471645221,0.5450528425658352,0.4660048471645221,0.48906574065129527
14,proto,15,0.5801512878085942,0.696238416928528,0.5801512878085942,0.7291431863503951,0.6719629397771589,0.5801512878085942,0.5801512878085942,0.6570600274662619,0.5801512878085942,0.6232809841099558
14,proto,16,0.5815938586847386,0.6632785155701566,0.5815938586847386,0.6897314903796778,0.6476415326063296,0.5815938586847386,0.5815938586847385,0.6182708274131437,0.5815938586847386,0.5810879484470647
14,proto,17,0.5215950276838123,0.7007207435224188,0.5215950276838123,0.7347077699905638,0.684794515133431,0.5215950276838123,0.5215950276838124,0.6456627012971834,0.5215950276838123,0.5376585135638833
14,proto,18,0.5976215979734127,0.6421411602747428,0.5976215979734127,0.7259113630991316,0.6645905619892623,0.5976215979734127,0.5976215979734127,0.6209699454901807,0.5976215979734127,0.6098717496074729
14,proto,19,0.6429445655621236,0.6648926325849378,0.6429445655621236,0.7155829328668861,0.6387479587562769,0.6429445655621236,0.6429445655621236,0.630779654992821,0.6429445655621236,0.6598906920670576
14,clf,0,0.6914512435854893,0.6860891171332573,0.6914512435854893,0.7394029589200826,0.622430902020511,0.6914512435854893,0.6914512435854894,0.579343190532163,0.6914512435854893,0.6793491197458685
14,clf,1,0.3540621277474382,0.5269609378718754,0.3540621277474382,0.6542042534420526,0.531656183545683,0.3540621277474382,0.35406212774743817,0.3601254861853731,0.3540621277474382,0.27460600977641253
14,clf,2,0.5769172119130483,0.6777961748881358,0.5769172119130483,0.6916833876076616,0.5441853773592296,0.5769172119130483,0.5769172119130483,0.5002957076927421,0.5769172119130483,0.5573385358420123
14,clf,3,0.5149371226249363,0.5973913640733127,0.5149371226249363,0.6904103043707401,0.6356898949526986,0.5149371226249363,0.5149371226249363,0.5464703557282217,0.5149371226249363,0.5134480487153597
14,clf,4,0.6279778462595236,0.6252072363636099,0.6279778462595236,0.7204424618661434,0.655843448671577,0.6279778462595236,0.6279778462595236,0.5571738145146794,0.6279778462595236,0.6205165817324109
14,clf,5,0.6090102322730536,0.6621034446000318,0.6090102322730536,0.7151965917024063,0.5907947380065515,0.6090102322730536,0.6090102322730536,0.5631788558274179,0.6090102322730536,0.6159010216604193
14,clf,6,0.7195386300761903,0.7094146816835912,0.7195386300761903,0.7487058669698545,0.6755801231557222,0.7195386300761903,0.7195386300761903,0.6666052995332994,0.7195386300761903,0.7219227803315342
14,clf,7,0.5750228386921595,0.6859976351149039,0.5750228386921595,0.7314087447969402,0.5977823085389855,0.5750228386921595,0.5750228386921594,0.5822101085559301,0.5750228386921595,0.5975722401695105
14,clf,8,0.7017948410342464,0.677707625262523,0.7017948410342464,0.7318291678844204,0.710925433837301,0.7017948410342464,0.7017948410342464,0.6715566381661748,0.7017948410342464,0.7029735990643629
14,clf,9,0.40168657387837187,0.5964563666534833,0.40168657387837187,0.638760514945813,0.5314569377364341,0.40168657387837187,0.4016865738783719,0.43505235081583826,0.40168657387837187,0.348004667931197
14,clf,10,0.6165676533124165,0.6807748757180001,0.6165676533124165,0.7455516854328375,0.6931829649019596,0.6165676533124165,0.6165676533124165,0.6377222329800538,0.6165676533124165,0.5991481089314691
14,clf,11,0.49180710994900917,0.5878381617030386,0.49180710994900917,0.649288186846296,0.4977990339653018,0.49180710994900917,0.4918071099490091,0.44965695105940884,0.49180710994900917,0.47602899017215844
14,clf,12,0.36710659626777065,0.5689540513777241,0.36710659626777065,0.6258163949500956,0.38684858539020256,0.36710659626777065,0.36710659626777065,0.3044313491851919,0.36710659626777065,0.31744733697373095
14,clf,13,0.5685757809225113,0.6525595821454652,0.5685757809225113,0.7144960393446651,0.5482623682344046,0.5685757809225113,0.5685757809225112,0.5194881329729709,0.5685757809225113,0.5530276560593662
14,clf,14,0.5697158802576965,0.693501346378667,0.5697158802576965,0.7508772528392398,0.5495478619936479,0.5697158802576965,0.5697158802576965,0.49179648492102,0.5697158802576965,0.5514490842900328
14,clf,15,0.4239652058297928,0.5603632583642582,0.4239652058297928,0.6691988354026734,0.6207875934707558,0.4239652058297928,0.4239652058297928,0.46835296064446447,0.4239652058297928,0.38396002199353657
14,clf,16,0.3814405878522783,0.5460122761117501,0.3814405878522783,0.6517786481596417,0.571492449789408,0.3814405878522783,0.3814405878522783,0.44263930729230905,0.3814405878522783,0.327928249494498
14,clf,17,0.6461889561553795,0.6973565036088332,0.6461889561553795,0.7459250343177463,0.7207315385772147,0.6461889561553795,0.6461889561553795,0.6551396515131995,0.6461889561553795,0.6120496147017471
14,clf,18,0.5266828684858386,0.5278997516182717,0.5266828684858386,0.6603993532087784,0.5770419979194618,0.5266828684858386,0.5266828684858387,0.43953587068536404,0.5266828684858386,0.4909453127389617
14,clf,19,0.4667015074233764,0.5877320513971659,0.4667015074233764,0.6481425524239788,0.5140126505797501,0.4667015074233764,0.4667015074233764,0.44984099121509813,0.4667015074233764,0.46191860542393276
15,proto,0,0.6515041849330516,0.7010638309321648,0.6515041849330516,0.7655109944983638,0.6701214504558717,0.6515041849330516,0.6515041849330515,0.6429241701281493,0.6515041849330516,0.6713070082560544
15,proto,1,0.4252099389453528,0.6554732950303188,0.4252099389453528,0.6277468347164356,0.571941991784281,0.4252099389453528,0.4252099389453528,0.5349586368353876,0.4252099389453528,0.4396020180118872
15,proto,2,0.6223244626623275,0.7121498567080116,0.6223244626623275,0.7518752224973135,0.6347636553490427,0.6223244626623275,0.6223244626623277,0.635073649508593,0.6223244626623275,0.6579162024501676
15,proto,3,0.6449872474095473,0.69910657345909,0.6449872474095473,0.7303376804587092,0.6825600407776402,0.6449872474095473,0.6449872474095473,0.6689933135909113,0.6449872474095473,0.6621638344627466
15,proto,4,0.6552218435933136,0.6467399665153423,0.6552218435933136,0.7161193135960191,0.6603441579463809,0.6552218435933136,0.6552218435933136,0.633606841542482,0.6552218435933136,0.6676563645692082
15,proto,5,0.6657271308980672,0.7180683145069049,0.6657271308980672,0.745104233018069,0.6554717513243999,0.6657271308980672,0.6657271308980672,0.6653242633373482,0.6657271308980672,0.6850758101005344
15,proto,6,0.6678700790412497,0.7380817315779018,0.6678700790412497,0.7744923780347508,0.6795695831299031,0.6678700790412497,0.6678700790412497,0.6851972667438526,0.6678700790412497,0.7045026509213927
15,proto,7,0.5796193839374881,0.7004869459160261,0.5796193839374881,0.7537363175854301,0.6416973299977392,0.5796193839374881,0.5796193839374881,0.6305857345428769,0.5796193839374881,0.6133582524000258
15,proto,8,0.6721670334269617,0.7416160987017955,0.6721670334269617,0.7611551122839785,0.7031786880786998,0.6721670334269617,0.6721670334269616,0.7003293909815078,0.6721670334269617,0.6862148764273126
15,proto,9,0.61453138330411,0.6780946895377479,0.61453138330411,0.7359623697307014,0.6253606128995055,0.61453138330411,0.6145313833041098,0.6196671447990761,0.61453138330411,0.6337118969415296
15,proto,10,0.6742300658941919,0.7106828281431422,0.6742300658941919,0.7536301945907363,0.6765739093589735,0.6742300658941919,0.6742300658941918,0.6756441059445746,0.6742300658941919,0.6838650324911761
15,proto,11,0.6121594674568035,0.668299774317545,0.6121594674568035,0.7262133248766829,0.6204947898935225,0.6121594674568035,0.6121594674568036,0.6167355343620388,0.6121594674568035,0.647880390420343
15,proto,12,0.440113654959237,0.630978332694507,0.440113654959237,0.6531293067711241,0.5294969470763862,0.440113654959237,0.44011365495923693,0.54738282758591,0.440113654959237,0.4993544900999276
15,proto,13,0.6138496840031955,0.7153219513322996,0.6138496840031955,0.7650332320251274,0.6542500683745618,0.6138496840031955,0.6138496840031955,0.6421703943201598,0.6138496840031955,0.6484048449876331
15,proto,14,0.4767448635360847,0.6703527672870826,0.4767448635360847,0.7355550940937842,0.5951084420100464,0.4767448635360847,0.47674486353608464,0.5576925625496235,0.4767448635360847,0.5009862000224583
15,proto,15,0.5403119294682829,0.6929753692000544,0.5403119294682829,0.7205812489220027,0.6576827309043215,0.5403119294682829,0.5403119294682829,0.6433675078729559,0.5403119294682829,0.593677815048845
15,proto,16,0.5483776513767845,0.6532224648116939,0.5483776513767845,0.6801113479280663,0.6306275152598293,0.5483776513767845,0.5483776513767844,0.5998472342838577,0.5483776513767845,0.54665741208087
15,proto,17,0.5247647993377779,0.704449858443271,0.5247647993377779,0.7620500289940889,0.6905535805645368,0.5247647993377779,0.5247647993377779,0.6447757167888709,0.5247647993377779,0.5430101402942508
15,proto,18,0.5847779408202117,0.621143981282988,0.5847779408202117,0.7275152762241103,0.6579182315663676,0.5847779408202117,0.5847779408202117,0.6001786107709669,0.5847779408202117,0.5877535909788907
15,proto,19,0.6539962530699003,0.6662200909549714,0.6539962530699003,0.7170025986264486,0.6449613281104236,0.6539962530699003,0.6539962530699003,0.6370067583206793,0.6539962530699003,0.6666387390957851
15,clf,0,0.6905891764624545,0.6938363170423494,0.6905891764624545,0.746100113262843,0.6223502599613628,0.6905891764624545,0.6905891764624545,0.5798821139326873,0.6905891764624545,0.6813336828131585
15,clf,1,0.3594937918064688,0.510642769978744,0.3594937918064688,0.6138781736040022,0.5315498869688303,0.3594937918064688,0.3594937918064688,0.3547841945057703,0.3594937918064688,0.2832782002046086
15,clf,2,0.5867633807416045,0.6841840443218787,0.5867633807416045,0.7022496712771255,0.5438434220270153,0.5867633807416045,0.5867633807416044,0.4993237140340988,0.5867633807416045,0.5740009821137133
15,clf,3,0.5190687630716724,0.6036227269188019,0.5190687630716724,0.6917095425718796,0.6383447708416319,0.5190687630716724,0.5190687630716724,0.5552287360248648,0.5190687630716724,0.5194330612936
15,clf,4,0.5995201528285085,0.5908940241681848,0.5995201528285085,0.6987496508728537,0.6072519817869461,0.5995201528285085,0.5995201528285085,0.5044851158466914,0.5995201528285085,0.5916769543273259
15,clf,5,0.614663522945045,0.6623145703311324,0.614663522945045,0.7143701118635654,0.5952020208550148,0.614663522945045,0.614663522945045,0.5643660473682395,0.614663522945045,0.6200075096496072
15,clf,6,0.7370578188986263,0.7207330336962563,0.7370578188986263,0.7553302962852289,0.6898623015795816,0.7370578188986263,0.7370578188986263,0.6841840414970553,0.7370578188986263,0.7365280910642218
15,clf,7,0.5950413438174027,0.6871292226188911,0.5950413438174027,0.7369685717731479,0.612744412004572,0.5950413438174027,0.5950413438174027,0.5962805328076619,0.5950413438174027,0.6174161342027643
15,clf,8,0.714459988869419,0.6866391484183654,0.714459988869419,0.7324928389412935,0.7162058151270172,0.714459988869419,0.714459988869419,0.6849255555177176,0.714459988869419,0.7113706002471809
15,clf,9,0.4068652026052882,0.6265162150295808,0.4068652026052882,0.6534144848546766,0.5225369598085488,0.4068652026052882,0.4068652026052882,0.4407990262622916,0.4068652026052882,0.35636628023911393
15,clf,10,0.6328287277898307,0.675540227532599,0.6328287277898307,0.7421209016781471,0.7026552917607027,0.6328287277898307,0.6328287277898308,0.640498653798412,0.6328287277898307,0.6121305625014372
15,clf,11,0.5031205677581321,0.5970741692369046,0.5031205677581321,0.6521447459225228,0.4887718111796706,0.5031205677581321,0.5031205677581321,0.44501616797535676,0.5031205677581321,0.49306678465263043
15,clf,12,0.36043382317615935,0.5590240955815199,0.36043382317615935,0.6247149911756497,0.3804419274039542,0.36043382317615935,0.36043382317615935,0.3025326173532997,0.36043382317615935,0.31288183007614473
15,clf,13,0.5848585998978009,0.6702443364278567,0.5848585998978009,0.7250771720673632,0.5765097855165614,0.5848585998978009,0.5848585998978009,0.5541831119890911,0.5848585998978009,0.5731575365813896
15,clf,14,0.5753732596386901,0.6989653488168022,0.5753732596386901,0.7501617575666173,0.5545885615011066,0.5753732596386901,0.5753732596386901,0.5009353170731985,0.5753732596386901,0.5584435645172667
15,clf,15,0.4121325749025935,0.5513411009050518,0.4121325749025935,0.6640897900179468,0.6118558742110468,0.4121325749025935,0.4121325749025935,0.4577930914271826,0.4121325749025935,0.3735084161677376
15,clf,16,0.3644096280547883,0.523152537868654,0.3644096280547883,0.6486304397517852,0.5517203642091713,0.3644096280547883,0.3644096280547883,0.4152950855701848,0.3644096280547883,0.311792891644176
15,clf,17,0.6420207031780327,0.7081623073561016,0.6420207031780327,0.7474074416697107,0.7121215380683059,0.6420207031780327,0.6420207031780327,0.6514790357590693,0.6420207031780327,0.6100730070408529
15,clf,18,0.5232259579496723,0.5350140344020431,0.5232259579496723,0.6694755075977381,0.5587572862609405,0.5232259579496723,0.5232259579496723,0.41992942871574124,0.5232259579496723,0.48418900196778547
15,clf,19,0.4604992146426334,0.5908889727284424,0.4604992146426334,0.6453486759275722,0.5181502712440649,0.4604992146426334,0.4604992146426334,0.4633183437239493,0.4604992146426334,0.4551245966345051
16,proto,0,0.6562394675088417,0.7120204886932707,0.6562394675088417,0.7708371853272543,0.6717723992642656,0.6562394675088417,0.6562394675088417,0.6488376688840924,0.6562394675088417,0.6748283476258311
16,proto,1,0.5319875037901868,0.6533688925599481,0.5319875037901868,0.6287163614859375,0.6062008051267807,0.5319875037901868,0.5319875037901868,0.5639951884824577,0.5319875037901868,0.5399200369723094
16,proto,2,0.6583245232495609,0.7138762551291711,0.6583245232495609,0.7493569548286885,0.65266698308469,0.6583245232495609,0.6583245232495609,0.6559276547387993,0.6583245232495609,0.6832242317125162
16,proto,3,0.6403583641930194,0.7110918494879421,0.6403583641930194,0.723896894448609,0.6818066773716449,0.6403583641930194,0.6403583641930194,0.6739860171047359,0.6403583641930194,0.6509157385603729
16,proto,4,0.687962366778942,0.7018177629159537,0.687962366778942,0.7481870274711371,0.6925907511535991,0.687962366778942,0.687962366778942,0.6769560409548965,0.687962366778942,0.701521054936403
16,proto,5,0.6219472792568734,0.7161488317764495,0.6219472792568734,0.7533050327121972,0.638856470333597,0.6219472792568734,0.6219472792568734,0.6534703002263613,0.6219472792568734,0.6637224496223884
16,proto,6,0.6738821539281854,0.7361873458867486,0.6738821539281854,0.7733500123853118,0.6851415693981102,0.6738821539281854,0.6738821539281854,0.6826675087336577,0.6738821539281854,0.7048600480884929
16,proto,7,0.5790225253483696,0.6987701286321757,0.5790225253483696,0.7336344119714941,0.6335621775048428,0.5790225253483696,0.5790225253483696,0.625306673526445,0.5790225253483696,0.6032028746143329
16,proto,8,0.6679196081752993,0.7403137923933992,0.6679196081752993,0.7639600515494773,0.7006487471148553,0.6679196081752993,0.6679196081752993,0.6990974001576542,0.6679196081752993,0.6851909228018283
16,proto,9,0.5991525407191277,0.6736643137268149,0.5991525407191277,0.7303273469269654,0.6199078149325615,0.5991525407191277,0.5991525407191276,0.6119312141179313,0.5991525407191277,0.6210030839732806
16,proto,10,0.6628037968866897,0.7014516798620696,0.6628037968866897,0.7452336130414151,0.6726436221157865,0.6628037968866897,0.6628037968866897,0.6703706274065053,0.6628037968866897,0.6753004365657798
16,proto,11,0.5731900748819176,0.6686941528652994,0.5731900748819176,0.7293692868617718,0.6237064059564872,0.5731900748819176,0.5731900748819176,0.6121668351363845,0.5731900748819176,0.6146609019725271
16,proto,12,0.4329286781398939,0.589819906951652,0.4329286781398939,0.6352060495728701,0.5160358320321992,0.4329286781398939,0.4329286781398939,0.5138895339653937,0.4329286781398939,0.4836750815541181
16,proto,13,0.637701167967604,0.7102555462599505,0.637701167967604,0.7590683797951687,0.662095727720646,0.637701167967604,0.6377011679676041,0.6458954571625615,0.637701167967604,0.6614977970513699
16,proto,14,0.4733011483789709,0.6401992417138044,0.4733011483789709,0.6651973477233171,0.5972176984788566,0.4733011483789709,0.4733011483789709,0.5552986838710019,0.4733011483789709,0.4973894323650135
16,proto,15,0.5684873161277361,0.7067038974894699,0.5684873161277361,0.7241832845045222,0.6677220997807662,0.5684873161277361,0.5684873161277361,0.6572277658400685,0.5684873161277361,0.6099001028814908
16,proto,16,0.5566747570447295,0.664867812006622,0.5566747570447295,0.6885366870870204,0.6300336496191159,0.5566747570447295,0.5566747570447295,0.6040338024453145,0.5566747570447295,0.5507163310764475
16,proto,17,0.5128478852500101,0.704468884443686,0.5128478852500101,0.75662762443802,0.682924455608619,0.5128478852500101,0.5128478852500101,0.639873580386416,0.5128478852500101,0.5278416325990145
16,proto,18,0.6087904641641847,0.6459707655762414,0.6087904641641847,0.7314417402285311,0.6729482316610589,0.6087904641641847,0.6087904641641848,0.6326141517896505,0.6087904641641847,0.6222077551666652
16,proto,19,0.6483883098977516,0.6571334466112161,0.6483883098977516,0.7124375784974574,0.6483979657582615,0.6483883098977516,0.6483883098977516,0.6331711796526922,0.6483883098977516,0.659228139557224
16,clf,0,0.6926948615985942,0.7087204581193186,0.6926948615985942,0.7506378350946326,0.6249407830725189,0.6926948615985942,0.6926948615985942,0.5921328768093511,0.6926948615985942,0.6862630878182958
16,clf,1,0.35465499055275906,0.5283679263534315,0.35465499055275906,0.6514841882358452,0.5318050405972561,0.35465499055275906,0.3546549905527591,0.3553979671980669,0.35465499055275906,0.27495976062019256
16,clf,2,0.5831921722037854,0.7042046571834656,0.5831921722037854,0.7074868784432267,0.5479142793414734,0.5831921722037854,0.5831921722037854,0.5050803500718866,0.5831921722037854,0.5662685333697054
16,clf,3,0.5257494348056744,0.583266345458766,0.5257494348056744,0.6869459922154211,0.6413779287045875,0.5257494348056744,0.5257494348056744,0.5408449671182973,0.5257494348056744,0.5190774000073701
16,clf,4,0.631298900146571,0.625080448066988,0.631298900146571,0.7218694954076347,0.6571898489864021,0.631298900146571,0.631298900146571,0.5583235310973333,0.631298900146571,0.62499651450888
16,clf,5,0.5998191861368976,0.6385845438051083,0.5998191861368976,0.7044690043116533,0.5903704531727876,0.5998191861368976,0.5998191861368976,0.5499265032647875,0.5998191861368976,0.6064064068967946
16,clf,6,0.7388269289437202,0.7246501236088239,0.7388269289437202,0.756481889771325,0.6929372537996952,0.7388269289437202,0.7388269289437202,0.6895273425178354,0.7388269289437202,0.7386549798960271
16,clf,7,0.5876156907181567,0.675134587951097,0.5876156907181567,0.7256819758537018,0.601190367420331,0.5876156907181567,0.5876156907181567,0.5809854962149595,0.5876156907181567,0.6095541425471493
16,clf,8,0.7056311651807772,0.6699045952900013,0.7056311651807772,0.7287832609038616,0.7148807978459859,0.7056311651807772,0.7056311651807772,0.673299535778537,0.7056311651807772,0.7045713778574509
16,clf,9,0.4057360684442453,0.617996823849164,0.4057360684442453,0.6523161826314673,0.5341453708279456,0.4057360684442453,0.4057360684442453,0.4464347908694871,0.4057360684442453,0.3524111751441136
16,clf,10,0.6272482904782424,0.693887331053495,0.6272482904782424,0.7435640744947465,0.6995444611042361,0.6272482904782424,0.6272482904782424,0.6414014073655827,0.6272482904782424,0.6061081471085475
16,clf,11,0.4882203829020225,0.5880319485370635,0.4882203829020225,0.6503361362140696,0.4814786397922459,0.4882203829020225,0.4882203829020225,0.4260624891707562,0.4882203829020225,0.47282181646751054
16,clf,12,0.3760578024508651,0.52815516654976,0.3760578024508651,0.6070981010159966,0.39718557805348664,0.3760578024508651,0.37605780245086506,0.3163490416209431,0.3760578024508651,0.3272736589034946
16,clf,13,0.5915021944751692,0.6621150906772444,0.5915021944751692,0.7230209373711944,0.5696569357216392,0.5915021944751692,0.591502194475169,0.549557570523174,0.5915021944751692,0.58033435576495
16,clf,14,0.5742292574449118,0.6933850574976295,0.5742292574449118,0.747314354053958,0.560219449885107,0.5742292574449118,0.5742292574449118,0.5017841556594935,0.5742292574449118,0.5555188118408279
16,clf,15,0.42512389020589714,0.5586738609254067,0.42512389020589714,0.6682177325020516,0.6226492208173964,0.42512389020589714,0.42512389020589714,0.4702435419229223,0.42512389020589714,0.3855988764665483
16,clf,16,0.35843741808062435,0.5170087151271112,0.35843741808062435,0.6455728079996288,0.5389646846233151,0.35843741808062435,0.3584374180806243,0.39750736483457605,0.35843741808062435,0.3009258686965525
16,clf,17,0.6461043942191974,0.7040345383148692,0.6461043942191974,0.7440485289834966,0.7175965431538271,0.6461043942191974,0.6461043942191974,0.6556705947019137,0.6461043942191974,0.6114601951104472
16,clf,18,0.5133656644900176,0.5459234546061461,0.5133656644900176,0.6699651333738855,0.5690512445964515,0.5133656644900176,0.5133656644900176,0.4366677468998129,0.5133656644900176,0.483136886584136
16,clf,19,0.46498016093344485,0.5971837251870865,0.46498016093344485,0.6588310714854382,0.5117710471510939,0.46498016093344485,0.46498016093344474,0.447903260300323,0.46498016093344485,0.4610870599136481
17,proto,0,0.6461140584404753,0.7110974107056063,0.6461140584404753,0.7705814939969116,0.6651402400858524,0.6461140584404753,0.6461140584404754,0.6417858891249265,0.6461140584404753,0.6667707625031019
17,proto,1,0.5048262098884869,0.6462724974068155,0.5048262098884869,0.6150230788790837,0.602256547466009,0.5048262098884869,0.504826209888487,0.5634509724203577,0.5048262098884869,0.5220830995040899
17,proto,2,0.646724205333851,0.71334140011589,0.646724205333851,0.7478664270860811,0.6457728967850019,0.646724205333851,0.646724205333851,0.6447504383292273,0.646724205333851,0.6724498238357091
17,proto,3,0.6476087603563979,0.7089192505606994,0.6476087603563979,0.7398850538053845,0.6886509553916593,0.6476087603563979,0.6476087603563979,0.6774188042467167,0.6476087603563979,0.6676002213436557
17,proto,4,0.6800235806999182,0.7047349456695291,0.6800235806999182,0.7446944065036041,0.6788672177321164,0.6800235806999182,0.6800235806999182,0.6673250421644135,0.6800235806999182,0.6941864124881754
17,proto,5,0.635599943241285,0.7199290975826317,0.635599943241285,0.7468014148087994,0.6419676557846794,0.635599943241285,0.635599943241285,0.6548399426799834,0.635599943241285,0.666405962079984
17,proto,6,0.6637086096038385,0.7389558545632842,0.6637086096038385,0.7755783919955624,0.6837910218869918,0.6637086096038385,0.6637086096038385,0.6861156860740016,0.6637086096038385,0.6993884395256923
17,proto,7,0.5756339148375812,0.6943230427810703,0.5756339148375812,0.7439328193139131,0.63642202126332,0.5756339148375812,0.5756339148375811,0.6218533523338269,0.5756339148375812,0.6088821982978457
17,proto,8,0.6702513803342204,0.7398535861860609,0.6702513803342204,0.7724703651861387,0.7027987848555546,0.6702513803342204,0.6702513803342204,0.697789844059115,0.6702513803342204,0.6914722760949246
17,proto,9,0.6013171404349811,0.6752445535002566,0.6013171404349811,0.7251603105765028,0.6248051664387149,0.6013171404349811,0.601317140434981,0.617141424300871,0.6013171404349811,0.6201882966469223
17,proto,10,0.6588565200458716,0.6928357688495752,0.6588565200458716,0.7415422153769681,0.6652602679042041,0.6588565200458716,0.6588565200458716,0.6617161462290263,0.6588565200458716,0.6744911786185297
17,proto,11,0.5874277030292595,0.6674981765996493,0.5874277030292595,0.7253535923941782,0.6134203115630722,0.5874277030292595,0.5874277030292594,0.6095387254129475,0.5874277030292595,0.6261306193640388
17,proto,12,0.43186236141715767,0.6098072269563081,0.43186236141715767,0.6454603136942979,0.5335907453467895,0.43186236141715767,0.43186236141715767,0.5348062587337642,0.43186236141715767,0.4808045925127308
17,proto,13,0.6315580685421884,0.7092268336834814,0.6315580685421884,0.7624338016749947,0.6642663619496846,0.6315580685421884,0.6315580685421884,0.6501607529897482,0.6315580685421884,0.6597185606153717
17,proto,14,0.4702019998804982,0.6545863553903486,0.4702019998804982,0.7096724645680406,0.601833453564053,0.4702019998804982,0.47020199988049816,0.5640741424306763,0.4702019998804982,0.49473703273600467
17,proto,15,0.5526508169101199,0.7172085004022136,0.5526508169101199,0.7408212934627911,0.6548381181096518,0.5526508169101199,0.5526508169101199,0.6546223149884267,0.5526508169101199,0.6089733089063033
17,proto,16,0.545291326556546,0.6795863476828392,0.545291326556546,0.6789508209476034,0.6282560920728187,0.545291326556546,0.545291326556546,0.6159088734883741,0.545291326556546,0.5374969572301819
17,proto,17,0.5010665490357477,0.7158870211387458,0.5010665490357477,0.7494097765079186,0.6702115426485163,0.5010665490357477,0.5010665490357477,0.642983443794687,0.5010665490357477,0.5217718149544208
17,proto,18,0.6073096081037469,0.6338972559584528,0.6073096081037469,0.7239356984478069,0.6754435948933859,0.6073096081037469,0.6073096081037469,0.616883617065962,0.6073096081037469,0.6063059432676048
17,proto,19,0.6441835373149987,0.6538699645062027,0.6441835373149987,0.6999519604540992,0.6393723252142951,0.6441835373149987,0.6441835373149987,0.63283197960964,0.6441835373149987,0.6556360124572636
17,clf,0,0.69260156469318,0.699255483692251,0.69260156469318,0.7504600082961495,0.6341789012359187,0.69260156469318,0.69260156469318,0.59391503603999,0.69260156469318,0.686446482416558
17,clf,1,0.35318286946155325,0.5273356610360319,0.35318286946155325,0.6647366500610965,0.5336875796790895,0.35318286946155325,0.35318286946155325,0.35504937737295916,0.35318286946155325,0.2697487623662163
17,clf,2,0.5765640032103799,0.6773293454175009,0.5765640032103799,0.6938025048656662,0.5521705574529193,0.5765640032103799,0.5765640032103799,0.4976439082656819,0.5765640032103799,0.5558703939006986
17,clf,3,0.5112200215159018,0.6023100267098217,0.5112200215159018,0.6896821994391795,0.6360199734653569,0.5112200215159018,0.5112200215159018,0.5506948781713004,0.5112200215159018,0.5099142671880336
17,clf,4,0.6242912246175966,0.6172137225165976,0.6242912246175966,0.7125713383727177,0.6411320292439078,0.6242912246175966,0.6242912246175965,0.5503504627010689,0.6242912246175966,0.6187734596398242
17,clf,5,0.5950107714250907,0.642126385009681,0.5950107714250907,0.7088507431665196,0.5852787534117423,0.5950107714250907,0.5950107714250907,0.5440473170911869,0.5950107714250907,0.6014102648819254
17,clf,6,0.7210318451888393,0.7073599880657897,0.7210318451888393,0.7467790099305177,0.676801436448155,0.7210318451888393,0.7210318451888393,0.6680230412027319,0.7210318451888393,0.7212756469454178
17,clf,7,0.5673621777504908,0.6723841049047773,0.5673621777504908,0.725694988374138,0.5833902919508954,0.5673621777504908,0.5673621777504908,0.5648320063027449,0.5673621777504908,0.5925249652854427
17,clf,8,0.719752915597988,0.6789151992202129,0.719752915597988,0.7330093626144066,0.7227059204028794,0.719752915597988,0.719752915597988,0.684942738483982,0.719752915597988,0.7156233793766845
17,clf,9,0.4044253584334223,0.6151965977889114,0.4044253584334223,0.6409805028645343,0.5305131239264749,0.4044253584334223,0.40442535843342226,0.4419668177652642,0.4044253584334223,0.3497667354487198
17,clf,10,0.6305265987711757,0.6644271898725286,0.6305265987711757,0.7350710394781478,0.6980529133614797,0.6305265987711757,0.6305265987711757,0.6355509417476009,0.6305265987711757,0.6060013166549346
17,clf,11,0.4960262859384744,0.6029335125053171,0.4960262859384744,0.6603414291670041,0.4796587707417692,0.4960262859384744,0.4960262859384744,0.43116087286724436,0.4960262859384744,0.4850142911717264
17,clf,12,0.36185557880647423,0.5588757641124582,0.36185557880647423,0.6223869943536906,0.38989684653117557,0.36185557880647423,0.36185557880647423,0.3130478710599865,0.36185557880647423,0.31733261323681705
17,clf,13,0.589600294312708,0.6661753243853105,0.589600294312708,0.7248329382980705,0.5725853197036299,0.589600294312708,0.589600294312708,0.5481816007437896,0.589600294312708,0.5741301330323468
17,clf,14,0.5723049623081431,0.7011479327820693,0.5723049623081431,0.751996610968924,0.553123763655972,0.5723049623081431,0.5723049623081431,0.494140787557694,0.5723049623081431,0.5517908469851476
17,clf,15,0.40619995106558726,0.5465745875213683,0.40619995106558726,0.6690275490881925,0.6110776272412837,0.40619995106558726,0.40619995106558726,0.4531698874693866,0.40619995106558726,0.36822054725538667
17,clf,16,0.38024910087895164,0.5159486493738417,0.38024910087895164,0.6295332225336705,0.5735049225783475,0.38024910087895164,0.3802491008789516,0.4338115885709478,0.38024910087895164,0.3253585674656424
17,clf,17,0.6435516459237476,0.7090462708022773,0.6435516459237476,0.745976573516315,0.7120511818257614,0.6435516459237476,0.6435516459237476,0.6560368185295247,0.6435516459237476,0.612732979313639
17,clf,18,0.5348263687905869,0.560501003482939,0.5348263687905869,0.6683810403026039,0.5909622193547623,0.5348263687905869,0.5348263687905868,0.47470890941536925,0.5348263687905869,0.5039261649092863
17,clf,19,0.47228250228619234,0.6141268889660891,0.47228250228619234,0.6581011135046001,0.5168490749448434,0.47228250228619234,0.4722825022861923,0.4580228868514602,0.47228250228619234,0.470079223234084
18,proto,0,0.6499468514292315,0.7165423477378179,0.6499468514292315,0.7678010329584777,0.6660569159740162,0.6499468514292315,0.6499468514292315,0.6498713855833169,0.6499468514292315,0.673438020987991
18,proto,1,0.5497381692972708,0.6502409565006393,0.5497381692972708,0.6302866999213848,0.6115053746277047,0.5497381692972708,0.5497381692972708,0.5699861543467603,0.5497381692972708,0.5469483972484427
18,proto,2,0.6489558970474224,0.7062934948264912,0.6489558970474224,0.7427787705573601,0.6382684869256495,0.6489558970474224,0.6489558970474224,0.6408956117748335,0.6489558970474224,0.6742427955724388
18,proto,3,0.6439563351897621,0.702595934349981,0.6439563351897621,0.7249153974202911,0.6757117753061508,0.6439563351897621,0.6439563351897621,0.6694101499212765,0.6439563351897621,0.6634114598281486
18,proto,4,0.6847583986496852,0.7090725363052228,0.6847583986496852,0.7483397463293482,0.6897801592200408,0.6847583986496852,0.6847583986496852,0.6776091869319517,0.6847583986496852,0.6980074622786638
18,proto,5,0.6476628428254726,0.7148464986810872,0.6476628428254726,0.7386258770860502,0.6441771507088141,0.6476628428254726,0.6476628428254725,0.654515039017195,0.6476628428254726,0.6674076563730347
18,proto,6,0.6387673917651356,0.7305721697875394,0.6387673917651356,0.767663157717821,0.6726830214431916,0.6387673917651356,0.6387673917651356,0.6732719719197697,0.6387673917651356,0.6814545098262917
18,proto,7,0.5652251768204024,0.6966822019829577,0.5652251768204024,0.7493810673973761,0.6296334586264967,0.5652251768204024,0.5652251768204024,0.6184369657603257,0.5652251768204024,0.6014664015647389
18,proto,8,0.6483146202105072,0.726826740364092,0.6483146202105072,0.7747463193202793,0.6831484072781417,0.6483146202105072,0.6483146202105072,0.6817162258785716,0.6483146202105072,0.683175469726724
18,proto,9,0.5854706052952684,0.6675014232636417,0.5854706052952684,0.7199513379495956,0.6168480853314952,0.5854706052952684,0.5854706052952684,0.6065025572128449,0.5854706052952684,0.6099543560213002
18,proto,10,0.6608432609201287,0.7049034305345513,0.6608432609201287,0.7457420286228368,0.6730722956945487,0.6608432609201287,0.6608432609201287,0.6683514288372322,0.6608432609201287,0.6680474926062029
18,proto,11,0.5862916924030764,0.6632109497566643,0.5862916924030764,0.7259600244368558,0.6096295282743978,0.5862916924030764,0.5862916924030764,0.6040832942296388,0.5862916924030764,0.6271990670033751
18,proto,12,0.4108091341387409,0.6113843283661353,0.4108091341387409,0.6514092394319764,0.4959213230785811,0.4108091341387409,0.4108091341387409,0.503106470813833,0.4108091341387409,0.46295250554954837
18,proto,13,0.6325784802138543,0.7103187014503007,0.6325784802138543,0.7548123797954788,0.6624767259706883,0.6325784802138543,0.6325784802138543,0.6459997404413299,0.6325784802138543,0.6541990974033405
18,proto,14,0.4627358313920484,0.6431026144918646,0.4627358313920484,0.6784809330308237,0.6014720575462702,0.4627358313920484,0.4627358313920484,0.5594737234615441,0.4627358313920484,0.48395821230643166
18,proto,15,0.5438168823352253,0.6976654384826024,0.5438168823352253,0.7279895299050874,0.6561763333317349,0.5438168823352253,0.5438168823352253,0.6451583877954308,0.5438168823352253,0.5950420568934616
18,proto,16,0.5507218755131214,0.6653923026934725,0.5507218755131214,0.6800265593403401,0.6360559500249758,0.5507218755131214,0.5507218755131214,0.6094522035927934,0.5507218755131214,0.5452084270862548
18,proto,17,0.5295686607145595,0.7038447003537389,0.5295686607145595,0.7198134895943967,0.6795471615120612,0.5295686607145595,0.5295686607145594,0.6525622262054414,0.5295686607145595,0.5480953155938231
18,proto,18,0.614673651792346,0.6458114972101405,0.614673651792346,0.7271416225416716,0.6825176714422456,0.614673651792346,0.614673651792346,0.6324415251029326,0.614673651792346,0.6133393773720827
18,proto,19,0.6471644849532256,0.6764427189049798,0.6471644849532256,0.7215135087122777,0.639265445956176,0.6471644849532256,0.6471644849532256,0.6373938279751589,0.6471644849532256,0.6692004454379563
18,clf,0,0.6858235073447617,0.6898538712481697,0.6858235073447617,0.741159786924578,0.6115669402566499,0.6858235073447617,0.6858235073447617,0.5664549734325632,0.6858235073447617,0.6737681368419703
18,clf,1,0.3535508532717524,0.5302840067183704,0.3535508532717524,0.6383472141195337,0.5323088337646731,0.3535508532717524,0.3535508532717524,0.3580674544402785,0.3535508532717524,0.2710363980626823
18,clf,2,0.5674673690820932,0.6668960738018392,0.5674673690820932,0.6887298128287227,0.531933644126182,0.5674673690820932,0.5674673690820932,0.4791641176232534,0.5674673690820932,0.545499779581591
18,clf,3,0.5192122395875682,0.5836136665204902,0.5192122395875682,0.6853011397474182,0.6423514795168013,0.5192122395875682,0.5192122395875682,0.5437717116319768,0.5192122395875682,0.514563989274389
18,clf,4,0.6312647036712797,0.6291825148841079,0.6312647036712797,0.7218549641555878,0.6583681157317409,0.6312647036712797,0.6312647036712796,0.5639053618620062,0.6312647036712797,0.6261998365404409
18,clf,5,0.604788640228269,0.6566302624991718,0.604788640228269,0.7147244602536393,0.5886111106513991,0.604788640228269,0.604788640228269,0.5629664668001301,0.604788640228269,0.6161729895651696
18,clf,6,0.7307576758774439,0.71017624744878,0.7307576758774439,0.7472979882398838,0.688716015232532,0.7307576758774439,0.7307576758774439,0.6804453942494857,0.7307576758774439,0.7299235336556016
18,clf,7,0.5654640875214181,0.6778331797577358,0.5654640875214181,0.7297702955637276,0.5930709193198067,0.5654640875214181,0.5654640875214181,0.5738750803128762,0.5654640875214181,0.5910517967715165
18,clf,8,0.6833719545971167,0.6643502745253561,0.6833719545971167,0.7217070437356262,0.6997237222605188,0.6833719545971167,0.6833719545971169,0.6546077965442392,0.6833719545971167,0.6850381042038862
18,clf,9,0.3987826612347548,0.6226499229345351,0.3987826612347548,0.6429550796743164,0.5240573468733309,0.3987826612347548,0.3987826612347548,0.4518965203878347,0.3987826612347548,0.3517152733635552
18,clf,10,0.6204127124281793,0.6913314095472793,0.6204127124281793,0.7399693525107376,0.7000568338927258,0.6204127124281793,0.6204127124281793,0.6396577393981795,0.6204127124281793,0.6012463444649685
18,clf,11,0.4981631939433582,0.5783433042607757,0.4981631939433582,0.6443619397277465,0.5015384371085104,0.4981631939433582,0.4981631939433582,0.4493972534497144,0.4981631939433582,0.4827121918190286
18,clf,12,0.36435656776296416,0.5648345523126912,0.36435656776296416,0.6292724170132014,0.39033878786014675,0.36435656776296416,0.3643565677629641,0.32008115697220374,0.36435656776296416,0.3199175876815481
18,clf,13,0.5837224034212086,0.6594853447932385,0.5837224034212086,0.7197155147532553,0.5817174917459895,0.5837224034212086,0.5837224034212087,0.5547265216439583,0.5837224034212086,0.5725107550817462
18,clf,14,0.5688932134214103,0.6896632121602722,0.5688932134214103,0.7542126055287903,0.5559877819086065,0.5688932134214103,0.5688932134214103,0.4915666678883057,0.5688932134214103,0.5499283828462174
18,clf,15,0.4134444000158716,0.5460502685876848,0.4134444000158716,0.6604147052191232,0.6047547750059521,0.4134444000158716,0.4134444000158716,0.4545015234770947,0.4134444000158716,0.3721518985220579
18,clf,16,0.3848918299509643,0.5301069104750282,0.3848918299509643,0.6408147096446977,0.5790494225122662,0.3848918299509643,0.38489182995096427,0.44378467458000537,0.3848918299509643,0.32716874992465267
18,clf,17,0.6458198572427252,0.7050208844047575,0.6458198572427252,0.7461664485269128,0.7175495085326802,0.6458198572427252,0.6458198572427253,0.657025712124269,0.6458198572427252,0.6141541333543425
18,clf,18,0.5264787118113418,0.5610836675763295,0.5264787118113418,0.6743238808240307,0.5889370652879238,0.5264787118113418,0.5264787118113418,0.47045762796729224,0.5264787118113418,0.5007231512675737
18,clf,19,0.44405461288614256,0.5924068328903235,0.44405461288614256,0.646377420573463,0.5213098260904763,0.44405461288614256,0.44405461288614256,0.44972537055888284,0.44405461288614256,0.43165819640383535
19,proto,0,0.6356765136098719,0.7082942720959584,0.6356765136098719,0.7684056651290863,0.6593894348892844,0.6356765136098719,0.6356765136098719,0.6331688149077064,0.6356765136098719,0.6583101119093262
19,proto,1,0.5449796554203318,0.6601657468812844,0.5449796554203318,0.647478900967313,0.6111811845079742,0.5449796554203318,0.5449796554203319,0.569581640971993,0.5449796554203318,0.549343625509114
19,proto,2,0.6535175953410276,0.6947311030934862,0.6535175953410276,0.7331333283292243,0.6509231286319683,0.6535175953410276,0.6535175953410276,0.6544775054717122,0.6535175953410276,0.6769068323953674
19,proto,3,0.6514961933654564,0.7126415502049279,0.6514961933654564,0.7340706532511317,0.683757830623798,0.6514961933654564,0.6514961933654564,0.6776475515018832,0.6514961933654564,0.6660642468794119
19,proto,4,0.6764161313323067,0.7012026161055674,0.6764161313323067,0.7443471896593017,0.6886477988646849,0.6764161313323067,0.6764161313323068,0.6738994886263692,0.6764161313323067,0.6907676895444121
19,proto,5,0.6377598966969086,0.7126406907492023,0.6377598966969086,0.7387699810762681,0.6364987563674858,0.6377598966969086,0.6377598966969086,0.6474943127308589,0.6377598966969086,0.6619145581995567
19,proto,6,0.6516430151887176,0.7347971829629607,0.6516430151887176,0.7752584178547554,0.6728393396155727,0.6516430151887176,0.6516430151887176,0.6708381297962895,0.6516430151887176,0.6908661849522726
19,proto,7,0.5736256153158579,0.7018222957032252,0.5736256153158579,0.747032714179731,0.6389976598996109,0.5736256153158579,0.573625615315858,0.6269578555879416,0.5736256153158579,0.6034668078991328
19,proto,8,0.6722261338570845,0.7403701840132595,0.6722261338570845,0.7593195065714702,0.7000620865535339,0.6722261338570845,0.6722261338570845,0.699439538342898,0.6722261338570845,0.6864832437333948
19,proto,9,0.5991346990798453,0.680375809482036,0.5991346990798453,0.7359665145186256,0.6227195115183415,0.5991346990798453,0.5991346990798453,0.6140162199636878,0.5991346990798453,0.6222869963315074
19,proto,10,0.661589543238237,0.7015747750235253,0.661589543238237,0.7449826349968967,0.669894966712093,0.661589543238237,0.661589543238237,0.6665938726884033,0.661589543238237,0.6712380701618472
19,proto,11,0.6088177841743359,0.6634743886899093,0.6088177841743359,0.7231195092968216,0.6294188892435506,0.6088177841743359,0.6088177841743359,0.618081204920917,0.6088177841743359,0.6431146148614405
19,proto,12,0.4390230847581013,0.6287678568864332,0.4390230847581013,0.6541649718187392,0.5163651602902561,0.4390230847581013,0.43902308475810126,0.5339491382627329,0.4390230847581013,0.4992012093340306
19,proto,13,0.5767306181022201,0.6986833965401285,0.5767306181022201,0.7529801941664409,0.630693149982043,0.5767306181022201,0.5767306181022201,0.6210367150106895,0.5767306181022201,0.6232866967098151
19,proto,14,0.45587980979697423,0.6587415440090972,0.45587980979697423,0.7093008888984589,0.5928670302752173,0.45587980979697423,0.45587980979697423,0.5536137677872397,0.45587980979697423,0.47909014210668066
19,proto,15,0.5160920899928568,0.6867690967883933,0.5160920899928568,0.709912924476948,0.6444738201724751,0.5160920899928568,0.5160920899928568,0.6315654362459115,0.5160920899928568,0.5699200536170433
19,proto,16,0.5663286636249769,0.6618868996108012,0.5663286636249769,0.6775138330567384,0.6375544459732608,0.5663286636249769,0.5663286636249769,0.6164904247300632,0.5663286636249769,0.5592619611475659
19,proto,17,0.5006947552921601,0.6994825899893398,0.5006947552921601,0.7550293276229318,0.6782080961578282,0.5006947552921601,0.5006947552921601,0.63276694101213,0.5006947552921601,0.5116481361459061
19,proto,18,0.6016924653363432,0.6591047155156551,0.6016924653363432,0.7323796412671768,0.6674561128674719,0.6016924653363432,0.6016924653363432,0.633186452386344,0.6016924653363432,0.6068506855800283
19,proto,19,0.6524661466510268,0.6492154828798407,0.6524661466510268,0.7128156921967769,0.6518979195599666,0.6524661466510268,0.6524661466510266,0.627637666866879,0.6524661466510268,0.6573928150893922
19,clf,0,0.6903839046855026,0.6914485604381821,0.6903839046855026,0.7447311083143371,0.6235232282529342,0.6903839046855026,0.6903839046855026,0.5809775759445537,0.6903839046855026,0.681469408781109
19,clf,1,0.3529242586171633,0.5132111851131188,0.3529242586171633,0.6290481641546304,0.5328573245192846,0.3529242586171633,0.3529242586171633,0.34922361591546686,0.3529242586171633,0.2712012743199768
19,clf,2,0.5772393835973818,0.6693615759326118,0.5772393835973818,0.6997988481113231,0.547383825872879,0.5772393835973818,0.5772393835973818,0.49122619023214986,0.5772393835973818,0.560740392580438
19,clf,3,0.519337781538977,0.5878869258779298,0.519337781538977,0.6861531705185702,0.6422480049261593,0.519337781538977,0.519337781538977,0.5496476194800534,0.519337781538977,0.5175771701646055
19,clf,4,0.6248805562651427,0.6210818354541707,0.6248805562651427,0.7150304087400297,0.6490974896970086,0.6248805562651427,0.6248805562651428,0.5519486691963335,0.6248805562651427,0.6187454596780773
19,clf,5,0.5872322813239946,0.6371783216054393,0.5872322813239946,0.706129835428785,0.5821830736818767,0.5872322813239946,0.5872322813239946,0.542764048373332,0.5872322813239946,0.5972933353204162
19,clf,6,0.7349624484601969,0.7060530227016025,0.7349624484601969,0.7493952063314464,0.6847799653606426,0.7349624484601969,0.7349624484601969,0.6766454391427659,0.7349624484601969,0.7327691550545925
19,clf,7,0.5712035198580697,0.6708998017675847,0.5712035198580697,0.7290720085166227,0.5949128577142629,0.5712035198580697,0.5712035198580697,0.5733734302413985,0.5712035198580697,0.5979539949155757
19,clf,8,0.7058366228081383,0.6801099875324539,0.7058366228081383,0.7322090412250886,0.7198351803185083,0.7058366228081383,0.7058366228081383,0.6828203509818591,0.7058366228081383,0.7044830792159879
19,clf,9,0.406034730051816,0.6396986125076041,0.406034730051816,0.6687758232689229,0.5268865135585533,0.406034730051816,0.406034730051816,0.4491895473793077,0.406034730051816,0.358032561530301
19,clf,10,0.6117384233547801,0.6890526155595578,0.6117384233547801,0.7384127253904816,0.6946971450518322,0.6117384233547801,0.6117384233547801,0.6380878930885845,0.6117384233547801,0.5958855028822646
19,clf,11,0.48462222605487065,0.5779012243871762,0.48462222605487065,0.645083739550905,0.48445436816993287,0.48462222605487065,0.48462222605487065,0.43062347358203035,0.48462222605487065,0.46456023403415503
19,clf,12,0.36227476440440565,0.5607620275980879,0.36227476440440565,0.6296051018455902,0.39383933879068916,0.36227476440440565,0.36227476440440565,0.3183088073660828,0.36227476440440565,0.3167904139764057
19,clf,13,0.5639331447757032,0.6435926916909229,0.5639331447757032,0.7097334088578531,0.5421250656894199,0.5639331447757032,0.5639331447757032,0.5148385820771442,0.5639331447757032,0.5496166508856282
19,clf,14,0.5715015309892083,0.6869886990700155,0.5715015309892083,0.7481083634684382,0.5628364842495674,0.5715015309892083,0.5715015309892083,0.4963681284305004,0.5715015309892083,0.5521489694563363
19,clf,15,0.39591954275595526,0.5396610271530731,0.39591954275595526,0.656200053365159,0.5957721276001015,0.39591954275595526,0.3959195427559553,0.4364560458840968,0.39591954275595526,0.355632479193182
19,clf,16,0.3770911307259698,0.5318112324414574,0.3770911307259698,0.6428736593943347,0.5700338728290261,0.3770911307259698,0.37709113072596984,0.43568591919441746,0.3770911307259698,0.3233657053424033
19,clf,17,0.6448308542902127,0.7248355967608991,0.6448308542902127,0.7491253688287962,0.7048864841350961,0.6448308542902127,0.6448308542902127,0.6536418038369994,0.6448308542902127,0.6104010180380433
19,clf,18,0.5313563558005725,0.5423074547441075,0.5313563558005725,0.6634822165185358,0.5903076316239888,0.5313563558005725,0.5313563558005725,0.4555173292297532,0.5313563558005725,0.498090735180895
19,clf,19,0.467768195846931,0.6047805604759603,0.467768195846931,0.6618160335508833,0.51801484604585,0.467768195846931,0.46776819584693097,0.4577033578452652,0.467768195846931,0.46585918466712417
20,proto,0,0.6479239626503867,0.7080680238328089,0.6479239626503867,0.769853985454805,0.6692903486499213,0.6479239626503867,0.6479239626503867,0.6476190606423429,0.6479239626503867,0.671030914407276
20,proto,1,0.5113188939335918,0.644790401277755,0.5113188939335918,0.6358444142278852,0.599565533772297,0.5113188939335918,0.5113188939335918,0.5508942099449344,0.5113188939335918,0.5179984652349894
20,proto,2,0.6465423507084571,0.699284926362003,0.6465423507084571,0.731355069246806,0.6326170991369642,0.6465423507084571,0.6465423507084571,0.6374044954286133,0.6465423507084571,0.6678231994375987
20,proto,3,0.6428599107007369,0.7037649692687445,0.6428599107007369,0.730092908853579,0.6800704868675163,0.6428599107007369,0.6428599107007369,0.6702518375021707,0.6428599107007369,0.6564334384428843
20,proto,4,0.6850033494889997,0.7104647348187579,0.6850033494889997,0.7458502404726092,0.6838616999881842,0.6850033494889997,0.6850033494889997,0.6778540782238528,0.6850033494889997,0.6982553904533966
20,proto,5,0.6604532538364403,0.7155068331530423,0.6604532538364403,0.74719901930402,0.6623976753929541,0.6604532538364403,0.6604532538364403,0.6673716910313969,0.6604532538364403,0.6809839489759495
20,proto,6,0.644331753016329,0.7282711870232151,0.644331753016329,0.7662943867179202,0.6704753576608325,0.644331753016329,0.644331753016329,0.6709790681095744,0.644331753016329,0.6841005757850914
20,proto,7,0.5431845263179512,0.6947801442619307,0.5431845263179512,0.748306474350248,0.6196522947081593,0.5431845263179512,0.5431845263179512,0.6082202627119428,0.5431845263179512,0.580813778415715
20,proto,8,0.679565273590852,0.7537940516372651,0.679565273590852,0.7732923677303694,0.7065531624797288,0.679565273590852,0.6795652735908521,0.7099382545030364,0.679565273590852,0.6978478226149032
20,proto,9,0.5972307545628831,0.6884210550714792,0.5972307545628831,0.73512180020359,0.6196551602208749,0.5972307545628831,0.5972307545628831,0.6167082256069514,0.5972307545628831,0.6226279109360037
20,proto,10,0.6728846947820546,0.699243603883261,0.6728846947820546,0.7496719116945474,0.6736595516663549,0.6728846947820546,0.6728846947820546,0.6722304711146612,0.6728846947820546,0.6906128012344331
20,proto,11,0.6083909787096276,0.6592599816026726,0.6083909787096276,0.7148903788875101,0.6158052360534829,0.6083909787096276,0.6083909787096276,0.6117935186492298,0.6083909787096276,0.6426625025674465
20,proto,12,0.44197996476833795,0.5948961004373848,0.44197996476833795,0.6315117018030212,0.529521000682511,0.44197996476833795,0.4419799647683379,0.531465053716645,0.44197996476833795,0.49584705860517164
20,proto,13,0.6052918302111548,0.7027465482008229,0.6052918302111548,0.7535056122609538,0.6468776722940128,0.6052918302111548,0.6052918302111548,0.6325070544648947,0.6052918302111548,0.638544743679472
20,proto,14,0.4615710139524407,0.6588139366630287,0.4615710139524407,0.7185045920254417,0.5964271232124394,0.4615710139524407,0.4615710139524407,0.5581305437772326,0.4615710139524407,0.4858126539183237
20,proto,15,0.5725653387314205,0.700934425508072,0.5725653387314205,0.7278724356131471,0.6671568960147765,0.5725653387314205,0.5725653387314203,0.6561554886682004,0.5725653387314205,0.6154622972245544
20,proto,16,0.5478753906459445,0.6633858786347113,0.5478753906459445,0.6739631996195303,0.6300873659459838,0.5478753906459445,0.5478753906459444,0.6111537715634101,0.5478753906459445,0.5462183159306793
20,proto,17,0.5322682308332706,0.7051350046243281,0.5322682308332706,0.7389977587304362,0.6883368208598746,0.5322682308332706,0.5322682308332706,0.6518071542456336,0.5322682308332706,0.5483594090959033
20,proto,18,0.595031400820511,0.6477742105282214,0.595031400820511,0.7366907464748531,0.6747157560121988,0.595031400820511,0.595031400820511,0.6259246534791488,0.595031400820511,0.5996569781111484
20,proto,19,0.6249803579348786,0.6583820188062368,0.6249803579348786,0.705760599944585,0.6380008893859154,0.6249803579348786,0.6249803579348785,0.6296775249067077,0.6249803579348786,0.6438437683089834
20,clf,0,0.6901687828368633,0.7032818616638223,0.6901687828368633,0.7500841997334253,0.6168624343947959,0.6901687828368633,0.6901687828368634,0.5755986068521538,0.6901687828368633,0.6803908487566982
20,clf,1,0.3532064724635206,0.5273621609416629,0.3532064724635206,0.6495034038312475,0.5326377019679785,0.3532064724635206,0.3532064724635206,0.3550979681625445,0.3532064724635206,0.27154770380458076
20,clf,2,0.5849572864650815,0.6730501506141015,0.5849572864650815,0.6945655742262953,0.5477491240319556,0.5849572864650815,0.5849572864650816,0.49576182286225107,0.5849572864650815,0.5641890748838441
20,clf,3,0.5088335164114739,0.596744599003258,0.5088335164114739,0.6876160219692491,0.6342384317124086,0.5088335164114739,0.5088335164114739,0.5449799886121561,0.5088335164114739,0.5057047451973342
20,clf,4,0.6242764495100658,0.6337716374205873,0.6242764495100658,0.7248897836629136,0.6506346451238423,0.6242764495100658,0.6242764495100659,0.5559017959064241,0.6242764495100658,0.6201933028492707
20,clf,5,0.5949136645862881,0.6593985589917413,0.5949136645862881,0.7154227960407504,0.5901357550549498,0.5949136645862881,0.5949136645862881,0.5598191366098022,0.5949136645862881,0.6055503117599491
20,clf,6,0.7221196276338372,0.705355217477491,0.7221196276338372,0.7447872277129687,0.6718841092303007,0.7221196276338372,0.7221196276338371,0.6643907813239102,0.7221196276338372,0.7219713707888757
20,clf,7,0.5699065627775269,0.6749310314243456,0.5699065627775269,0.7261655960414539,0.5980039662960226,0.5699065627775269,0.5699065627775269,0.5795487305208246,0.5699065627775269,0.5968685018055482
20,clf,8,0.6929005050763646,0.6589028656256608,0.6929005050763646,0.7228997045430694,0.7158503996490806,0.6929005050763646,0.6929005050763646,0.6681121744193111,0.6929005050763646,0.691364868444916
20,clf,9,0.40618275990273706,0.625635939451516,0.40618275990273706,0.6500064104871959,0.5404909266913973,0.40618275990273706,0.406182759902737,0.4592761426266696,0.40618275990273706,0.3546121456562641
20,clf,10,0.6292078042675529,0.6745943079020592,0.6292078042675529,0.7389257309663574,0.6965525521877927,0.6292078042675529,0.6292078042675529,0.6375097258470277,0.6292078042675529,0.6080088402145517
20,clf,11,0.46967818050219196,0.5724426635549896,0.46967818050219196,0.6407045464253317,0.46803264829078406,0.46967818050219196,0.46967818050219196,0.4123030911615817,0.46967818050219196,0.4436734963803397
20,clf,12,0.3504228050346504,0.5187507249345797,0.3504228050346504,0.6047600736749255,0.3709181412390542,0.3504228050346504,0.3504228050346504,0.2773769982258166,0.3504228050346504,0.2974118507744487
20,clf,13,0.571255650897848,0.6554916875871983,0.571255650897848,0.7152734578061348,0.5442960350705304,0.571255650897848,0.5712556508978479,0.5232407465532228,0.571255650897848,0.5607323565660591
20,clf,14,0.5702259467057225,0.7003034269091177,0.5702259467057225,0.7537979840037059,0.5504177183637984,0.5702259467057225,0.5702259467057225,0.49115719694505255,0.5702259467057225,0.5508155203380557
20,clf,15,0.4161207388334337,0.5570817721788539,0.4161207388334337,0.6692175524788582,0.6070835387640043,0.4161207388334337,0.4161207388334337,0.456902048672566,0.4161207388334337,0.37878348787495797
20,clf,16,0.3751401660554821,0.5208081473918691,0.3751401660554821,0.6379603302298047,0.566650012822044,0.3751401660554821,0.3751401660554821,0.42807492306136863,0.3751401660554821,0.32011892489723565
20,clf,17,0.6473126077293513,0.704728326399938,0.6473126077293513,0.7453801344470126,0.7168923120186793,0.6473126077293513,0.6473126077293512,0.6562705485828872,0.6473126077293513,0.6124717302647728
20,clf,18,0.5262175919864277,0.5593439176681452,0.5262175919864277,0.6783065094499734,0.5910010909165428,0.5262175919864277,0.5262175919864277,0.4622298002199875,0.5262175919864277,0.4987500259772525
20,clf,19,0.4627504206491699,0.5863225876760221,0.4627504206491699,0.6478973425102179,0.5174010057935132,0.4627504206491699,0.4627504206491699,0.45110790101697895,0.4627504206491699,0.4551458135365937
21,proto,0,0.6408189944322005,0.7142074843081925,0.6408189944322005,0.7699244159374863,0.6635357278777112,0.6408189944322005,0.6408189944322005,0.6418405767337194,0.6408189944322005,0.6639404229364654
21,proto,1,0.4370254716349065,0.6258719898015306,0.4370254716349065,0.6137711103709734,0.5846794218043218,0.4370254716349065,0.4370254716349065,0.5261841919207298,0.4370254716349065,0.4452993123426149
21,proto,2,0.6529455477815362,0.7125333708909457,0.6529455477815362,0.7460993211829602,0.6427686165056834,0.6529455477815362,0.6529455477815362,0.6446758006610338,0.6529455477815362,0.6768458407902367
21,proto,3,0.6422538525163635,0.7120727698017897,0.6422538525163635,0.7350270630468476,0.6808756233830272,0.6422538525163635,0.6422538525163635,0.6742651550777148,0.6422538525163635,0.6597491252585457
21,proto,4,0.657427795025212,0.6799533886017352,0.657427795025212,0.7190054792641458,0.6566688495969399,0.657427795025212,0.6574277950252121,0.6453376562050746,0.657427795025212,0.6661731568554702
21,proto,5,0.6401494683330882,0.7148675247807494,0.6401494683330882,0.7350217694638699,0.6427343433283987,0.6401494683330882,0.6401494683330882,0.6543314599570782,0.6401494683330882,0.6644667359368928
21,proto,6,0.6437696484537292,0.726745300793014,0.6437696484537292,0.7706359799527467,0.6726558673248986,0.6437696484537292,0.6437696484537292,0.6716155549361309,0.6437696484537292,0.6848085249736608
21,proto,7,0.580201188643462,0.7002311436163362,0.580201188643462,0.7425860483019944,0.6361455668625271,0.580201188643462,0.580201188643462,0.6286017767408325,0.580201188643462,0.6098911638211543
21,proto,8,0.6626748167027108,0.7392525728601106,0.6626748167027108,0.7749684622333558,0.7045996614159427,0.6626748167027108,0.6626748167027108,0.7011927577631535,0.6626748167027108,0.6900586411653187
21,proto,9,0.6045259406748767,0.6788913618761974,0.6045259406748767,0.7264525194013127,0.6075940320284472,0.6045259406748767,0.6045259406748767,0.6062709533435069,0.6045259406748767,0.6228849937035345
21,proto,10,0.6595497420721559,0.6973185339094856,0.6595497420721559,0.7467507234623803,0.6692269759640329,0.6595497420721559,0.6595497420721559,0.6649090412639547,0.6595497420721559,0.67471445993853
21,proto,11,0.6030925693939874,0.6559188282828587,0.6030925693939874,0.7220766777633881,0.6217722459798001,0.6030925693939874,0.6030925693939874,0.608183549132079,0.6030925693939874,0.6380273723948133
21,proto,12,0.4019029966798754,0.6170992688637864,0.4019029966798754,0.6154751036877183,0.5095691528867532,0.4019029966798754,0.4019029966798754,0.5184466387983478,0.4019029966798754,0.4452051240636263
21,proto,13,0.5914097338965963,0.6935657961745001,0.5914097338965963,0.751391146503922,0.6360779207155951,0.5914097338965963,0.5914097338965963,0.6249617438987609,0.5914097338965963,0.6359322835235408
21,proto,14,0.4786946201789126,0.645893446387924,0.4786946201789126,0.6904109972632502,0.5965988667956158,0.4786946201789126,0.4786946201789126,0.5578284551162118,0.4786946201789126,0.501907651744
21,proto,15,0.4642811775444756,0.6888129577274665,0.4642811775444756,0.7235502896043686,0.6338251351588344,0.4642811775444756,0.4642811775444756,0.6204754573697753,0.4642811775444756,0.5234871488352733
21,proto,16,0.5471746416780879,0.6714848616688126,0.5471746416780879,0.6798118777086855,0.6312978577041426,0.5471746416780879,0.5471746416780879,0.6128976240605056,0.5471746416780879,0.5421867924575496
21,proto,17,0.5172429686517751,0.6986205360759801,0.5172429686517751,0.7397739349980632,0.6870919984708945,0.5172429686517751,0.5172429686517751,0.6434391892170828,0.5172429686517751,0.5288823758893728
21,proto,18,0.6086506117312681,0.6450208380008877,0.6086506117312681,0.7197428624094674,0.671052053356707,0.6086506117312681,0.6086506117312681,0.6299858109770059,0.6086506117312681,0.6128039962866413
21,proto,19,0.6528405423003429,0.6584182670595161,0.6528405423003429,0.7160564174716562,0.6522090000830331,0.6528405423003429,0.6528405423003429,0.6345300203133086,0.6528405423003429,0.6641194917795414
21,clf,0,0.6927163273208558,0.7018133909782965,0.6927163273208558,0.7469470324139675,0.6153223816975579,0.6927163273208558,0.6927163273208556,0.5790200772609633,0.6927163273208558,0.6812402253062075
21,clf,1,0.35453790479496844,0.503868447049377,0.35453790479496844,0.6488067487856682,0.5331003059375375,0.35453790479496844,0.3545379047949685,0.34178926818961913,0.35453790479496844,0.2727638544134018
21,clf,2,0.5783315335269956,0.6770269040855799,0.5783315335269956,0.6925400258800241,0.5461175080267184,0.5783315335269956,0.5783315335269956,0.49386114707077944,0.5783315335269956,0.5576094396674987
21,clf,3,0.5260458662083348,0.5921226705924765,0.5260458662083348,0.6876406133661843,0.6426741385290368,0.5260458662083348,0.5260458662083347,0.5517703058084522,0.5260458662083348,0.5229884085075726
21,clf,4,0.599648761311669,0.5996900804718279,0.599648761311669,0.6984422571027784,0.6226539801248482,0.599648761311669,0.5996487613116689,0.5275877293083524,0.599648761311669,0.5948941823490496
21,clf,5,0.5877432770240666,0.6727653659746899,0.5877432770240666,0.7141684800054117,0.5871586999943537,0.5877432770240666,0.5877432770240666,0.5670634530914904,0.5877432770240666,0.6015923230185052
21,clf,6,0.7212171380468033,0.6995464914786913,0.7212171380468033,0.7439815427411143,0.6747616454543139,0.7212171380468033,0.7212171380468033,0.6617331481796286,0.7212171380468033,0.7198243782442866
21,clf,7,0.5688485163979997,0.6681511506901159,0.5688485163979997,0.7267195113198752,0.5978650622068964,0.5688485163979997,0.5688485163979997,0.5740927689678123,0.5688485163979997,0.5923307665104929
21,clf,8,0.6998331899652301,0.6660189159704135,0.6998331899652301,0.7272849802674985,0.7130245036546088,0.6998331899652301,0.6998331899652301,0.670955449899667,0.6998331899652301,0.7005162712088384
21,clf,9,0.400133329083554,0.6200457153373565,0.400133329083554,0.6331520747952588,0.5265112431144054,0.400133329083554,0.4001333290835539,0.44279763515917875,0.400133329083554,0.3471619440637851
21,clf,10,0.6267657298907766,0.6853974871724956,0.6267657298907766,0.7446468335895513,0.7000126583881414,0.6267657298907766,0.6267657298907767,0.6378571610800814,0.6267657298907766,0.6053421521570147
21,clf,11,0.47669858678419597,0.5848635947898511,0.47669858678419597,0.6501518172105211,0.48455197439165576,0.47669858678419597,0.47669858678419597,0.4322991792595407,0.47669858678419597,0.4586572018417089
21,clf,12,0.3582012022105419,0.5615426829561148,0.3582012022105419,0.6246083569564835,0.3868588863555345,0.3582012022105419,0.35820120221054197,0.30655708529453624,0.3582012022105419,0.31029953299198115
21,clf,13,0.5712930068300954,0.6570897621657954,0.5712930068300954,0.7139942654579968,0.5583259121474655,0.5712930068300954,0.5712930068300954,0.531916325353222,0.5712930068300954,0.5580998474388221
21,clf,14,0.5741044588951397,0.7000495261479588,0.5741044588951397,0.7529543955537462,0.5538723718896874,0.5741044588951397,0.5741044588951397,0.5001431305092177,0.5741044588951397,0.5545933507330563
21,clf,15,0.40774092973339854,0.5394547720200467,0.40774092973339854,0.6614699846075636,0.607367417074442,0.40774092973339854,0.4077409297333985,0.4444799493052709,0.40774092973339854,0.3670803822842662
21,clf,16,0.38220434010885074,0.5253190156112646,0.38220434010885074,0.634945509643803,0.5767269953991039,0.38220434010885074,0.38220434010885074,0.43364022305396177,0.38220434010885074,0.3222784533022025
21,clf,17,0.6465521078549397,0.7062020531130111,0.6465521078549397,0.7432408980501246,0.7231876289307755,0.6465521078549397,0.6465521078549396,0.6648764577387731,0.6465521078549397,0.6151459683814807
21,clf,18,0.5240074589203225,0.5595282459900245,0.5240074589203225,0.6695448791245273,0.5838495825861629,0.5240074589203225,0.5240074589203225,0.457869946388846,0.5240074589203225,0.49262983164243257
21,clf,19,0.4594502749331566,0.5901803917541295,0.4594502749331566,0.6463502671253079,0.5202093259875658,0.4594502749331566,0.4594502749331566,0.4518204244933106,0.4594502749331566,0.45074081640242514
22,proto,0,0.6400040403878958,0.715215419697067,0.6400040403878958,0.7762744271453483,0.6677677928138974,0.6400040403878958,0.6400040403878958,0.6446964374972394,0.6400040403878958,0.6643285417604801
22,proto,1,0.46013076620641125,0.6358632291312138,0.46013076620641125,0.6124390098828059,0.5847445751006166,0.46013076620641125,0.4601307662064112,0.539687102626851,0.46013076620641125,0.4784760193780696
22,proto,2,0.6549826541166841,0.730932758282927,0.6549826541166841,0.7457961552461297,0.6394545747242407,0.6549826541166841,0.6549826541166841,0.6483206566416724,0.6549826541166841,0.6720919374099439
22,proto,3,0.637719567158114,0.7075564803881187,0.637719567158114,0.7328453791333116,0.6775936507225258,0.637719567158114,0.6377195671581141,0.6678015459834155,0.637719567158114,0.6543833837333919
22,proto,4,0.6670809582038227,0.6852963438723626,0.6670809582038227,0.7408821414851101,0.6732329211101273,0.6670809582038227,0.6670809582038226,0.6546041537445354,0.6670809582038227,0.6825306541060037
22,proto,5,0.6186557755848875,0.7116016332066976,0.6186557755848875,0.749829335445589,0.638253547064238,0.6186557755848875,0.6186557755848875,0.6494780045454658,0.6186557755848875,0.6591466127518728
22,proto,6,0.6466559982336777,0.7342399099119976,0.6466559982336777,0.7762767692495258,0.6758340924954722,0.6466559982336777,0.6466559982336777,0.6718230164413441,0.6466559982336777,0.6876616097504731
22,proto,7,0.5839184756029057,0.7087373329654314,0.5839184756029057,0.7479439074204379,0.63673701068709,0.5839184756029057,0.5839184756029057,0.634319311664131,0.5839184756029057,0.6161469681795622
22,proto,8,0.6732887335716369,0.7474285697762986,0.6732887335716369,0.7675100332269189,0.7079920774001165,0.6732887335716369,0.6732887335716369,0.7067183253671019,0.6732887335716369,0.6881169163008212
22,proto,9,0.5758851845908081,0.6611036986302903,0.5758851845908081,0.7210080495373673,0.6188528231657484,0.5758851845908081,0.5758851845908081,0.6022307780430775,0.5758851845908081,0.6061638700915619
22,proto,10,0.6504097118733229,0.7034543673583419,0.6504097118733229,0.7554090979948431,0.6683331119120997,0.6504097118733229,0.6504097118733229,0.6669429032256524,0.6504097118733229,0.669839652351956
22,proto,11,0.5889357861746438,0.6640870803901975,0.5889357861746438,0.7249452268088921,0.6192626518421027,0.5889357861746438,0.5889357861746438,0.6097834556859082,0.5889357861746438,0.6274391942553516
22,proto,12,0.39272235816663403,0.5660395482559937,0.39272235816663403,0.5996331386215816,0.5032526608683966,0.39272235816663403,0.39272235816663403,0.49633948122355664,0.39272235816663403,0.4374771568643159
22,proto,13,0.6211505385526694,0.6968419205367584,0.6211505385526694,0.7562113664593154,0.6546938993709632,0.6211505385526694,0.6211505385526694,0.635949637588836,0.6211505385526694,0.6484992213515965
22,proto,14,0.4611839804752994,0.6530545009565771,0.4611839804752994,0.6977290992187781,0.5962729925248207,0.4611839804752994,0.4611839804752994,0.5586380911905351,0.4611839804752994,0.4863292914314436
22,proto,15,0.45157309826477976,0.6930217603540517,0.45157309826477976,0.7296438922150194,0.6232232789624028,0.45157309826477976,0.45157309826477976,0.6134032813504601,0.45157309826477976,0.5076142404063518
22,proto,16,0.5580123224396806,0.6679315955504668,0.5580123224396806,0.6774339782634323,0.6297840197412283,0.5580123224396806,0.5580123224396807,0.6102918779040943,0.5580123224396806,0.54713544593301
22,proto,17,0.5142417633189463,0.6977820226157074,0.5142417633189463,0.7584212660377474,0.677155531102721,0.5142417633189463,0.5142417633189463,0.6332026434320188,0.5142417633189463,0.5317532948959134
22,proto,18,0.6056391846259338,0.6446906803999943,0.6056391846259338,0.7343985129247446,0.6776190202684742,0.6056391846259338,0.6056391846259337,0.6279027354352197,0.6056391846259338,0.6133479605047648
22,proto,19,0.6648722190157864,0.669702477381284,0.6648722190157864,0.7245618243273032,0.6642832422968562,0.6648722190157864,0.6648722190157863,0.6436257135791561,0.6648722190157864,0.6697139076580856
22,clf,0,0.6997050461080926,0.696715584504771,0.6997050461080926,0.7475859738989452,0.6237425697823988,0.6997050461080926,0.6997050461080927,0.5846449066651545,0.6997050461080926,0.6868520450009248
22,clf,1,0.35573004224472726,0.5166132912612126,0.35573004224472726,0.6421113141657486,0.5356590447681009,0.35573004224472726,0.35573004224472726,0.35920783336740647,0.35573004224472726,0.27549063900699133
22,clf,2,0.5796394557816807,0.6663348429568061,0.5796394557816807,0.6890443061950642,0.5491387984882317,0.5796394557816807,0.5796394557816807,0.49754724701873976,0.5796394557816807,0.561442132104848
22,clf,3,0.5363034149176362,0.5981923842552632,0.5363034149176362,0.692971153326083,0.6495645934141927,0.5363034149176362,0.5363034149176362,0.5609657410605113,0.5363034149176362,0.5372731645348578
22,clf,4,0.6163964850855511,0.6244299102654847,0.6163964850855511,0.719863007079255,0.6406823165903095,0.6163964850855511,0.6163964850855511,0.54335584658878,0.6163964850855511,0.6093149652021574
22,clf,5,0.5881728702449127,0.6490300290893044,0.5881728702449127,0.7106437943290949,0.5874609007221223,0.5881728702449127,0.5881728702449127,0.5495509330842296,0.5881728702449127,0.5995788089881366
22,clf,6,0.7331643457512691,0.7106933773320938,0.7331643457512691,0.7491387327459755,0.6801412508351228,0.7331643457512691,0.7331643457512691,0.6765189865790601,0.7331643457512691,0.7322271267064225
22,clf,7,0.5681527853911914,0.6765466745415489,0.5681527853911914,0.7284149443384966,0.6003644951065148,0.5681527853911914,0.5681527853911914,0.5782931216675619,0.5681527853911914,0.5920279752978956
22,clf,8,0.7059084539912909,0.6740561488119765,0.7059084539912909,0.730844143789765,0.7204313160125719,0.7059084539912909,0.7059084539912908,0.680691932211478,0.7059084539912909,0.7047531169333288
22,clf,9,0.39757398309857794,0.6164876324270755,0.39757398309857794,0.6475049189716517,0.5252999712864554,0.39757398309857794,0.39757398309857794,0.4349833526550136,0.39757398309857794,0.3438492049935429
22,clf,10,0.6318379592584309,0.6651803551414026,0.6318379592584309,0.735696157228642,0.6999723711038855,0.6318379592584309,0.6318379592584309,0.6393545717317431,0.6318379592584309,0.6088678351775736
22,clf,11,0.4867752101201495,0.585217552232516,0.4867752101201495,0.6514702959869925,0.49663985525763493,0.4867752101201495,0.48677521012014946,0.44095413990352117,0.4867752101201495,0.4737520522826045
22,clf,12,0.3401018813358147,0.4994022398715328,0.3401018813358147,0.5947885751687512,0.3586140037519936,0.3401018813358147,0.34010188133581465,0.264726119941512,0.3401018813358147,0.29247490131373977
22,clf,13,0.5831693126034548,0.6603271299154962,0.5831693126034548,0.7204724810179706,0.5659318218605781,0.5831693126034548,0.5831693126034547,0.5419173074329011,0.5831693126034548,0.5703184080254029
22,clf,14,0.5703965573813603,0.695610030223143,0.5703965573813603,0.7489644623034785,0.5529334246266042,0.5703965573813603,0.5703965573813604,0.4928688136510917,0.5703965573813603,0.550412848275899
22,clf,15,0.4023194874468735,0.545079782522429,0.4023194874468735,0.6580185009823252,0.5966550552751592,0.4023194874468735,0.4023194874468735,0.4443342431063301,0.4023194874468735,0.36506216288103244
22,clf,16,0.3739454266999946,0.525250192884648,0.3739454266999946,0.6396723892596026,0.5690849413591406,0.3739454266999946,0.37394542669999464,0.43123066753797024,0.3739454266999946,0.31785323553257117
22,clf,17,0.6470488859987086,0.7033523216116454,0.6470488859987086,0.7431654622618966,0.7190984703981393,0.6470488859987086,0.6470488859987085,0.659910503013406,0.6470488859987086,0.6172735875189295
22,clf,18,0.5469572896245385,0.5648893560786523,0.5469572896245385,0.6782939263261539,0.5983559493594086,0.5469572896245385,0.5469572896245385,0.47363420211787205,0.5469572896245385,0.5119574147693915
22,clf,19,0.46036911935619934,0.6143504801775005,0.46036911935619934,0.6608709073956411,0.5181356844762489,0.46036911935619934,0.4603691193561993,0.4602127119515985,0.46036911935619934,0.4564489598894103
23,proto,0,0.634884605016307,0.712804425557586,0.634884605016307,0.7716279374784754,0.6713747518224067,0.634884605016307,0.6348846050163071,0.6480990865883949,0.634884605016307,0.6555644515950925
23,proto,1,0.44735122744438127,0.6448217604413097,0.44735122744438127,0.6193269139163411,0.5875366351604773,0.44735122744438127,0.4473512274443812,0.5420076883924363,0.44735122744438127,0.4625777251847424
23,proto,2,0.6303074811387389,0.7066829858502256,0.6303074811387389,0.7453181491707911,0.6320288378402014,0.6303074811387389,0.6303074811387388,0.6326340976301994,0.6303074811387389,0.6618435441572532
23,proto,3,0.6167296219440269,0.7116108718940237,0.6167296219440269,0.7526273258231642,0.6765569085067766,0.6167296219440269,0.6167296219440268,0.6680143084121879,0.6167296219440269,0.6469485835904679
23,proto,4,0.6691015238525526,0.7005159238922098,0.6691015238525526,0.747827066325788,0.6784653400469773,0.6691015238525526,0.6691015238525526,0.6641915001900554,0.6691015238525526,0.6847917193634201
23,proto,5,0.6128415384585363,0.7147450204145066,0.6128415384585363,0.7526234249872474,0.6299146665583287,0.6128415384585363,0.6128415384585362,0.6452000073455162,0.6128415384585363,0.656832881366768
23,proto,6,0.6559564173356429,0.7333552441935737,0.6559564173356429,0.7760172254596484,0.6775135055512507,0.6559564173356429,0.6559564173356429,0.6750060068956661,0.6559564173356429,0.6931489780050265
23,proto,7,0.5693498478767938,0.6960364029245593,0.5693498478767938,0.7513125991338534,0.6334243680965683,0.5693498478767938,0.5693498478767939,0.622438909277514,0.5693498478767938,0.6077985596064527
23,proto,8,0.6752257594614353,0.7359582814341812,0.6752257594614353,0.7645576957547098,0.708179575353626,0.6752257594614353,0.6752257594614353,0.7011257167552445,0.6752257594614353,0.6874339898998296
23,proto,9,0.5557350973758572,0.6528079571376373,0.5557350973758572,0.7202898733471081,0.6170521107493108,0.5557350973758572,0.5557350973758572,0.600188757240135,0.5557350973758572,0.5923967599927608
23,proto,10,0.6496844306514531,0.7105525900994654,0.6496844306514531,0.7638229849141384,0.6746106069581908,0.6496844306514531,0.6496844306514531,0.6723599405961818,0.6496844306514531,0.6709384875948652
23,proto,11,0.57065981448598,0.6607201013510318,0.57065981448598,0.7271521344077893,0.6128575926126032,0.57065981448598,0.57065981448598,0.6025573274372946,0.57065981448598,0.6108606076708626
23,proto,12,0.4166271811984805,0.608572211374319,0.4166271811984805,0.634018478137331,0.5260771474352417,0.4166271811984805,0.4166271811984805,0.5291694267638782,0.4166271811984805,0.4634318060054199
23,proto,13,0.6077718180714061,0.6976340335807161,0.6077718180714061,0.7557319099249842,0.650440920628128,0.6077718180714061,0.6077718180714061,0.6337706853255509,0.6077718180714061,0.6446608444078228
23,proto,14,0.47176871882998245,0.6428742769939113,0.47176871882998245,0.6659329562831919,0.5897068801097295,0.47176871882998245,0.4717687188299825,0.5540363437364408,0.47176871882998245,0.5021900066480381
23,proto,15,0.5571768319251603,0.6953950353519498,0.5571768319251603,0.7109408872200972,0.6544979274349166,0.5571768319251603,0.5571768319251602,0.6462603230757415,0.5571768319251603,0.6003519362718093
23,proto,16,0.5247987170374553,0.6564011900529858,0.5247987170374553,0.6721321916729657,0.6126304024645504,0.5247987170374553,0.5247987170374553,0.589693538856455,0.5247987170374553,0.5336326932956366
23,proto,17,0.5035979245341404,0.7020537372162023,0.5035979245341404,0.7349534622120726,0.6833966473621509,0.5035979245341404,0.5035979245341404,0.63745668629139,0.5035979245341404,0.5029323763963685
23,proto,18,0.6027021906094806,0.6541797208722118,0.6027021906094806,0.7325519867489807,0.6752986065740808,0.6027021906094806,0.6027021906094806,0.6342039859295818,0.6027021906094806,0.6148511518121309
23,proto,19,0.6607034084872121,0.6730962676048553,0.6607034084872121,0.7273428903091672,0.6594959818095294,0.6607034084872121,0.660703408487212,0.6439069288028014,0.6607034084872121,0.6689009486202988
23,clf,0,0.688661628943525,0.6807867770598673,0.688661628943525,0.7395113951556985,0.6270717621484654,0.688661628943525,0.688661628943525,0.5807269620749284,0.688661628943525,0.6785076428162158
23,clf,1,0.35296300842747974,0.5058286289385758,0.35296300842747974,0.6358036044065505,0.5321451570766083,0.35296300842747974,0.35296300842747974,0.34502504255374317,0.35296300842747974,0.2671943397547536
23,clf,2,0.5652790734390679,0.6675360911722206,0.5652790734390679,0.6895407355026292,0.5407174314096147,0.5652790734390679,0.565279073439068,0.48657961461417065,0.5652790734390679,0.5447235382209639
23,clf,3,0.5322318970782736,0.5946920326518813,0.5322318970782736,0.6922117745860088,0.6420770123354543,0.5322318970782736,0.5322318970782736,0.5524314366293119,0.5322318970782736,0.5324309242805693
23,clf,4,0.6116767210189286,0.62427381390188,0.6116767210189286,0.7170345248489794,0.6498712767626593,0.6116767210189286,0.6116767210189287,0.5508945403490477,0.6116767210189286,0.6040267990304378
23,clf,5,0.6100549903483237,0.6581253551413173,0.6100549903483237,0.7109771825365363,0.590851449695087,0.6100549903483237,0.6100549903483236,0.5643289715863746,0.6100549903483237,0.6181005108494215
23,clf,6,0.7253815810907617,0.7068841663419079,0.7253815810907617,0.7509663566482045,0.6891863526017042,0.7253815810907617,0.7253815810907616,0.676321761620683,0.7253815810907617,0.7271358609006602
23,clf,7,0.5737487412119473,0.6812888121585409,0.5737487412119473,0.7311464420816578,0.5978127405829512,0.5737487412119473,0.5737487412119473,0.5807440568785717,0.5737487412119473,0.5983475405477856
23,clf,8,0.6974385074427978,0.6586899658476679,0.6974385074427978,0.7276661752117035,0.7149753425490191,0.6974385074427978,0.6974385074427978,0.6636191822239479,0.6974385074427978,0.6963567357677475
23,clf,9,0.4005261239233802,0.6295475555847193,0.4005261239233802,0.6701886920919922,0.5206347377072,0.4005261239233802,0.40052612392338016,0.4257403579905422,0.4005261239233802,0.34536706528914707
23,clf,10,0.6303181675372674,0.6905046163361418,0.6303181675372674,0.746433970823972,0.7036361083159145,0.6303181675372674,0.6303181675372674,0.6422528673938288,0.6303181675372674,0.6110788059710737
23,clf,11,0.4935425810700393,0.5893153161504121,0.4935425810700393,0.6518731774110736,0.4876246585524495,0.4935425810700393,0.4935425810700393,0.4325744957895358,0.4935425810700393,0.47149793867677947
23,clf,12,0.3629008015077672,0.5457425059057024,0.3629008015077672,0.6122382473223734,0.39940719272792363,0.3629008015077672,0.36290080150776727,0.3250463153769214,0.3629008015077672,0.315805151363009
23,clf,13,0.5837821543277637,0.6642726099006955,0.5837821543277637,0.7205841223985202,0.5768557536992849,0.5837821543277637,0.5837821543277637,0.557924280013089,0.5837821543277637,0.5761063644117189
23,clf,14,0.5704983104803927,0.691931507179794,0.5704983104803927,0.7496158866980187,0.5449317028235496,0.5704983104803927,0.5704983104803927,0.4838334962509573,0.5704983104803927,0.548975118691833
23,clf,15,0.4125304806286725,0.5413661948008281,0.4125304806286725,0.6590074737294767,0.6049033317908046,0.4125304806286725,0.4125304806286725,0.4452322631159328,0.4125304806286725,0.37063703475726373
23,clf,16,0.37796769418092147,0.5333786180413256,0.37796769418092147,0.6447649319872476,0.5708971309849397,0.37796769418092147,0.37796769418092147,0.43850631086514547,0.37796769418092147,0.3253376828755221
23,clf,17,0.6461840311195359,0.6944410103212073,0.6461840311195359,0.7379358438074479,0.7196395388531354,0.6461840311195359,0.6461840311195359,0.6507142513370692,0.6461840311195359,0.608823875495778
23,clf,18,0.5107010342482347,0.5428862069123689,0.5107010342482347,0.6624617129733602,0.5798735430611086,0.5107010342482347,0.5107010342482347,0.44502145125284986,0.5107010342482347,0.4796639710772367
23,clf,19,0.4636870137862904,0.6083071115920764,0.4636870137862904,0.6595059383388755,0.5246895212232523,0.4636870137862904,0.4636870137862904,0.4680903034258086,0.4636870137862904,0.46123966071584954
24,proto,0,0.6423137892733277,0.7155128939336926,0.6423137892733277,0.7711781618837203,0.672378315840243,0.6423137892733277,0.6423137892733277,0.6515700737760473,0.6423137892733277,0.66368819598374
24,proto,1,0.540990469312241,0.6331212709623232,0.540990469312241,0.6018443151502496,0.6081326359717216,0.540990469312241,0.540990469312241,0.562100129396521,0.540990469312241,0.5309924198855094
24,proto,2,0.6250869431445499,0.711075207536006,0.6250869431445499,0.7468884348602726,0.6321952743221712,0.6250869431445499,0.6250869431445499,0.6333152589959202,0.6250869431445499,0.6572047767811391
24,proto,3,0.6380527040165898,0.7038909055785609,0.6380527040165898,0.7416229453916929,0.6786778784697944,0.6380527040165898,0.6380527040165898,0.6707345510722555,0.6380527040165898,0.6629895257854455
24,proto,4,0.6748383542834756,0.7026654430998912,0.6748383542834756,0.7462035363942969,0.6872224179993422,0.6748383542834756,0.6748383542834755,0.6722647762563282,0.6748383542834756,0.6902370680239267
24,proto,5,0.6298666439681367,0.7014008334443398,0.6298666439681367,0.7276210595828783,0.6319157298816416,0.6298666439681367,0.6298666439681366,0.6389139608844965,0.6298666439681367,0.6543758955028217
24,proto,6,0.6484827219056208,0.7369750758117037,0.6484827219056208,0.7788190855463148,0.6762017012791361,0.6484827219056208,0.6484827219056208,0.6792321651451474,0.6484827219056208,0.6928417315636535
24,proto,7,0.5532193333118366,0.704128105012823,0.5532193333118366,0.7567551056499491,0.6295376939982951,0.5532193333118366,0.5532193333118367,0.6201791352256019,0.5532193333118366,0.5967150607645506
24,proto,8,0.6761477633414342,0.7424631405069214,0.6761477633414342,0.7673042080989265,0.7092769930476565,0.6761477633414342,0.6761477633414342,0.7040962627632201,0.6761477633414342,0.6904197841136112
24,proto,9,0.5872912888289129,0.6687261432151245,0.5872912888289129,0.7179548902465813,0.6056818576974224,0.5872912888289129,0.5872912888289129,0.600570606612191,0.5872912888289129,0.6107737180192448
24,proto,10,0.6598465451756347,0.7021746547476216,0.6598465451756347,0.7499353435999949,0.6813723863023317,0.6598465451756347,0.6598465451756347,0.6748587000861186,0.6598465451756347,0.6753473768090121
24,proto,11,0.5926743530059398,0.6502730119616671,0.5926743530059398,0.7138777467882877,0.6164286817887501,0.5926743530059398,0.5926743530059398,0.6044480118812523,0.5926743530059398,0.629289412104744
24,proto,12,0.38457421160165606,0.6167533343226861,0.38457421160165606,0.6190945104590666,0.48816185666721884,0.38457421160165606,0.384574211601656,0.5063031257665807,0.38457421160165606,0.4311905404006271
24,proto,13,0.5837816897017407,0.697633123538653,0.5837816897017407,0.753945071321193,0.6446975886026219,0.5837816897017407,0.5837816897017407,0.6263569110178141,0.5837816897017407,0.6194052141143228
24,proto,14,0.4537860190870229,0.6642366753267209,0.4537860190870229,0.7375986980902546,0.5862586534036076,0.4537860190870229,0.4537860190870229,0.5503659909063858,0.4537860190870229,0.4779892088323943
24,proto,15,0.4488039271678265,0.7021930930730165,0.4488039271678265,0.7284056729649336,0.6232192295778811,0.4488039271678265,0.4488039271678265,0.6144173982274133,0.4488039271678265,0.5058709872175635
24,proto,16,0.5443908813240131,0.6709655152131715,0.5443908813240131,0.6751985990179896,0.6225607914411808,0.5443908813240131,0.5443908813240133,0.6028418608083115,0.5443908813240131,0.538591163130425
24,proto,17,0.5182827087659969,0.6925485035442553,0.5182827087659969,0.7290365504583843,0.6798888463861492,0.5182827087659969,0.518282708765997,0.638398462967413,0.5182827087659969,0.5330111662785042
24,proto,18,0.5996067591191917,0.6341721382829223,0.5996067591191917,0.7278768997684462,0.6658450304036738,0.5996067591191917,0.5996067591191917,0.6156358901663017,0.5996067591191917,0.6075559725170312
24,proto,19,0.568626425159016,0.6545889317055661,0.568626425159016,0.7191776239692018,0.6188285014101957,0.568626425159016,0.568626425159016,0.6129044852233121,0.568626425159016,0.6147421531792892
24,clf,0,0.6918897576259766,0.6833287952098569,0.6918897576259766,0.7402019294713035,0.6326792506286474,0.6918897576259766,0.6918897576259767,0.5878430344643433,0.6918897576259766,0.6822420152639628
24,clf,1,0.35166856032746097,0.5159526865105263,0.35166856032746097,0.6253367102611531,0.5296556590657144,0.35166856032746097,0.35166856032746097,0.34589885131700887,0.35166856032746097,0.2700677884744133
24,clf,2,0.5702509435857588,0.6790129238054581,0.5702509435857588,0.6978036489537682,0.5396292904549734,0.5702509435857588,0.5702509435857588,0.4862378395921337,0.5702509435857588,0.5493960241464846
24,clf,3,0.5263238054952807,0.5935602524824335,0.5263238054952807,0.6922984571957502,0.6385789555438549,0.5263238054952807,0.5263238054952807,0.5505409948973778,0.5263238054952807,0.5275618099951054
24,clf,4,0.6117580305729499,0.6149773068409546,0.6117580305729499,0.7091094050733264,0.6462939518601787,0.6117580305729499,0.6117580305729499,0.5436211897145486,0.6117580305729499,0.6054762789555529
24,clf,5,0.5849584015675366,0.641381214918805,0.5849584015675366,0.700779333772325,0.5751124665266455,0.5849584015675366,0.5849584015675366,0.5397276608190881,0.5849584015675366,0.5931989391404549
24,clf,6,0.7272168538815276,0.7066993978423566,0.7272168538815276,0.7502263787349541,0.6836680632532823,0.7272168538815276,0.7272168538815276,0.6693325063079095,0.7272168538815276,0.7269925338045353
24,clf,7,0.5668588019171956,0.6722997968506315,0.5668588019171956,0.726009863542121,0.5908177118930829,0.5668588019171956,0.5668588019171956,0.5687092463263728,0.5668588019171956,0.5899373655638975
24,clf,8,0.698241381210505,0.6606194826105503,0.698241381210505,0.7255825206738691,0.7243184638082798,0.698241381210505,0.698241381210505,0.6762221527196944,0.698241381210505,0.6980361283350487
24,clf,9,0.40333646088596936,0.6055754963716125,0.40333646088596936,0.6459601737340401,0.5271746256771497,0.40333646088596936,0.40333646088596936,0.43962586153391836,0.40333646088596936,0.3506572978070601
24,clf,10,0.6178985280926368,0.6740397414945778,0.6178985280926368,0.7369670370628723,0.6959209424445381,0.6178985280926368,0.6178985280926367,0.6280529783201307,0.6178985280926368,0.5952928435568219
24,clf,11,0.4757176683244833,0.6021694918605935,0.4757176683244833,0.6607301555741436,0.47577460517097225,0.4757176683244833,0.47571766832448326,0.4265044219450065,0.4757176683244833,0.46161474755081267
24,clf,12,0.367011812559083,0.48783729969499684,0.367011812559083,0.5945739173153963,0.3999074706541096,0.367011812559083,0.367011812559083,0.3139784450638413,0.367011812559083,0.31774197841543195
24,clf,13,0.5653578740125652,0.6523509320003076,0.5653578740125652,0.7135535091526525,0.5374299348538509,0.5653578740125652,0.5653578740125651,0.5120655034951325,0.5653578740125652,0.5501496641551991
24,clf,14,0.5739785452429125,0.6928809370549056,0.5739785452429125,0.752916628664086,0.5602193409296914,0.5739785452429125,0.5739785452429125,0.501073315330481,0.5739785452429125,0.5581108575083489
24,clf,15,0.4199177556184205,0.5583135399976975,0.4199177556184205,0.6622794337250757,0.6067107520002526,0.4199177556184205,0.4199177556184205,0.46062005640513415,0.4199177556184205,0.3791779474892356
24,clf,16,0.37950374781288915,0.5321225000468215,0.37950374781288915,0.6455628214510167,0.5733093753657819,0.37950374781288915,0.37950374781288915,0.4443631690831128,0.37950374781288915,0.32569287613460296
24,clf,17,0.6472424491998815,0.7147395716725802,0.6472424491998815,0.7478137715061982,0.7146357832352688,0.6472424491998815,0.6472424491998815,0.6594339972235379,0.6472424491998815,0.6127835947177868
24,clf,18,0.5191820388960746,0.5477185256976074,0.5191820388960746,0.6656817405141643,0.5844074923002534,0.5191820388960746,0.5191820388960746,0.45843726967232445,0.5191820388960746,0.4910573171549293
24,clf,19,0.4591477104669928,0.5970727336032803,0.4591477104669928,0.6494925311722529,0.508977403449017,0.4591477104669928,0.4591477104669928,0.44307905370425493,0.4591477104669928,0.4538641033134731
25,proto,0,0.6363748465224089,0.7205004494119562,0.6363748465224089,0.775640616373293,0.669080126380445,0.6363748465224089,0.6363748465224089,0.6455157221431685,0.6363748465224089,0.6602815589227814
25,proto,1,0.4988990686385519,0.6371954931414756,0.4988990686385519,0.6493915882349046,0.6188057306072454,0.4988990686385519,0.4988990686385519,0.5609098824580788,0.4988990686385519,0.5041795603270545
25,proto,2,0.5944435559762383,0.6865449184696653,0.5944435559762383,0.7359480402443004,0.6354445322432631,0.5944435559762383,0.5944435559762382,0.6316342262624935,0.5944435559762383,0.6365108699446996
25,proto,3,0.627106765391643,0.7013940746237087,0.627106765391643,0.7253249949272282,0.6695621890892096,0.627106765391643,0.627106765391643,0.6622618656891612,0.627106765391643,0.6483037577680483
25,proto,4,0.6672992395094182,0.6856706723445959,0.6672992395094182,0.7348756642598419,0.6731587225427307,0.6672992395094182,0.6672992395094182,0.6562598372656079,0.6672992395094182,0.6809756034243875
25,proto,5,0.6319041220041031,0.7108563831745203,0.6319041220041031,0.7438223129886682,0.6400151911955259,0.6319041220041031,0.6319041220041031,0.6503054373081016,0.6319041220041031,0.6623969283281026
25,proto,6,0.6517364979445409,0.7274675534476416,0.6517364979445409,0.7666169031998564,0.6767353936147054,0.6517364979445409,0.6517364979445409,0.6797838622971177,0.6517364979445409,0.6907834806528395
25,proto,7,0.5719894812385405,0.6946854475561561,0.5719894812385405,0.748642715741009,0.6274555583242236,0.5719894812385405,0.5719894812385405,0.6215617595111438,0.5719894812385405,0.6134822808743845
25,proto,8,0.6688171727264897,0.7346666618977253,0.6688171727264897,0.7753161961995172,0.6970990317680132,0.6688171727264897,0.6688171727264896,0.6911292537319091,0.6688171727264897,0.6938450463718554
25,proto,9,0.5976083096691556,0.6772173424912789,0.5976083096691556,0.7328188903662293,0.6271203878997228,0.5976083096691556,0.5976083096691556,0.6164562873764368,0.5976083096691556,0.6208996610461724
25,proto,10,0.6569834266968352,0.7001332533293764,0.6569834266968352,0.7544249386675104,0.6667830678159288,0.6569834266968352,0.6569834266968351,0.6674375953180075,0.6569834266968352,0.6798540726930322
25,proto,11,0.604778046754945,0.6551001502446218,0.604778046754945,0.7155949593027967,0.6239179401166515,0.604778046754945,0.6047780467549451,0.6099747804280968,0.604778046754945,0.63798574179881
25,proto,12,0.391880827513815,0.5705659884260497,0.391880827513815,0.5803882028474285,0.48823299931028347,0.391880827513815,0.3918808275138149,0.4947184150299596,0.391880827513815,0.4341314704365402
25,proto,13,0.6168023823792254,0.7077230351213504,0.6168023823792254,0.7559872426355139,0.6552812947425277,0.6168023823792254,0.6168023823792252,0.6412132061106488,0.6168023823792254,0.6458875456258264
25,proto,14,0.4806508815860623,0.6539697784984637,0.4806508815860623,0.695683951330245,0.5938332182982246,0.4806508815860623,0.4806508815860623,0.5558188688274085,0.4806508815860623,0.5078054433987844
25,proto,15,0.43780074661684887,0.7043547187224907,0.43780074661684887,0.7338282429925876,0.6268526289142027,0.43780074661684887,0.4378007466168488,0.6146840377917651,0.43780074661684887,0.4885573671216808
25,proto,16,0.5414269389982272,0.6673340241824062,0.5414269389982272,0.674720913346968,0.6145470053533837,0.5414269389982272,0.5414269389982272,0.5957476822836614,0.5414269389982272,0.5313891066391242
25,proto,17,0.5105762356984626,0.6935916722056321,0.5105762356984626,0.7499797775159016,0.6754298940027272,0.5105762356984626,0.5105762356984624,0.6303752000634013,0.5105762356984626,0.5288054880895795
25,proto,18,0.598919391380797,0.653754802990602,0.598919391380797,0.7363200264865164,0.6630655040955011,0.598919391380797,0.5989193913807971,0.6295917335421201,0.598919391380797,0.6212642427633025
25,proto,19,0.5959023887631869,0.6578058737578629,0.5959023887631869,0.7221544584818236,0.6325038419545463,0.5959023887631869,0.5959023887631869,0.6248625260104224,0.5959023887631869,0.6347106169523924
25,clf,0,0.7033409305883104,0.7047429365704739,0.7033409305883104,0.7528963360017832,0.6397263961576276,0.7033409305883104,0.7033409305883105,0.6018896096464184,0.7033409305883104,0.6951042027230451
25,clf,1,0.3557126652314679,0.5217593345296334,0.3557126652314679,0.6443286292087003,0.532819087137024,0.3557126652314679,0.35571266523146783,0.3551333236460402,0.3557126652314679,0.27296013050540924
25,clf,2,0.5883733099112257,0.6690812889737994,0.5883733099112257,0.6952860729492312,0.556766127500633,0.5883733099112257,0.5883733099112257,0.5042016422748595,0.5883733099112257,0.5744345648103136
25,clf,3,0.5195281852831938,0.5893729617635978,0.5195281852831938,0.6823158124106159,0.6384516676024389,0.5195281852831938,0.5195281852831938,0.5448726722540023,0.5195281852831938,0.5143521253845529
25,clf,4,0.6165280671752587,0.610204842450231,0.6165280671752587,0.709781627220972,0.6403938271866676,0.6165280671752587,0.6165280671752588,0.5417512742887196,0.6165280671752587,0.6094018353591025
25,clf,5,0.5930319291932243,0.6452768148984873,0.5930319291932243,0.7003644384298473,0.5871203038244883,0.5930319291932243,0.5930319291932242,0.5583830510063101,0.5930319291932243,0.6003989393485943
25,clf,6,0.730430114531244,0.7080005836344412,0.730430114531244,0.7501412114699426,0.6853875410886181,0.730430114531244,0.7304301145312438,0.6761487200802088,0.730430114531244,0.7305801326661747
25,clf,7,0.5657967597538709,0.6831691539313769,0.5657967597538709,0.7276137908446132,0.5901984815981198,0.5657967597538709,0.5657967597538709,0.576169272826407,0.5657967597538709,0.5905564515932219
25,clf,8,0.7049412884618583,0.6739183691024786,0.7049412884618583,0.7313333356747992,0.7148171286550369,0.7049412884618583,0.7049412884618583,0.6752458317605107,0.7049412884618583,0.7042630397292728
25,clf,9,0.4000938358716008,0.6153104468115809,0.4000938358716008,0.6415454991581012,0.5307831336899824,0.4000938358716008,0.4000938358716008,0.4452105973829761,0.4000938358716008,0.34844087445450816
25,clf,10,0.6242911316923919,0.6948376495452919,0.6242911316923919,0.7469442185544976,0.698274521077157,0.6242911316923919,0.6242911316923919,0.6406804047170662,0.6242911316923919,0.6054491440117467
25,clf,11,0.46139138953195713,0.5819026962505709,0.46139138953195713,0.6443775400648113,0.4759249091249111,0.46139138953195713,0.46139138953195713,0.41631532111149927,0.46139138953195713,0.4390421006105084
25,clf,12,0.3389680079893374,0.5482378619309616,0.3389680079893374,0.6164079480164486,0.3542092749658066,0.3389680079893374,0.3389680079893374,0.26494802779599547,0.3389680079893374,0.28820616054505677
25,clf,13,0.5722733677385806,0.6578992994296198,0.5722733677385806,0.7138423844757014,0.5578272890100364,0.5722733677385806,0.5722733677385806,0.5362829962685545,0.5722733677385806,0.5664143860859644
25,clf,14,0.5781141814734462,0.6957016239921685,0.5781141814734462,0.7514614394627522,0.5581684219326694,0.5781141814734462,0.5781141814734463,0.5008732714227822,0.5781141814734462,0.5568681787624801
25,clf,15,0.40886123600000485,0.5492560241632954,0.40886123600000485,0.6652472099929283,0.6051172726105518,0.40886123600000485,0.4088612360000048,0.4482491596370132,0.40886123600000485,0.36782158154618544
25,clf,16,0.37661395980037066,0.5187601637970058,0.37661395980037066,0.6371680265833095,0.5667115976321829,0.37661395980037066,0.37661395980037066,0.4356925676483556,0.37661395980037066,0.3221844584992228
25,clf,17,0.640397764479768,0.6951339620848435,0.640397764479768,0.7376806698067592,0.7103171750376913,0.640397764479768,0.640397764479768,0.6512771664214179,0.640397764479768,0.6102187774193182
25,clf,18,0.5300391410254278,0.551577818952464,0.5300391410254278,0.6748572468712835,0.5848073976413238,0.5300391410254278,0.5300391410254277,0.4538957551089679,0.5300391410254278,0.4946723770450318
25,clf,19,0.47319744385064205,0.5874621886394802,0.47319744385064205,0.6522002479962866,0.5209889268345251,0.47319744385064205,0.47319744385064205,0.45995341472170714,0.47319744385064205,0.4681359322738379
26,proto,0,0.6275360798368754,0.7251021449482378,0.6275360798368754,0.777325661847108,0.6672187325308281,0.6275360798368754,0.6275360798368753,0.6440678548650746,0.6275360798368754,0.653634845140303
26,proto,1,0.5191170841780621,0.6440382957474757,0.5191170841780621,0.6440322078791758,0.6130016301871547,0.5191170841780621,0.5191170841780622,0.5594902784156595,0.5191170841780621,0.5223598434372767
26,proto,2,0.6546739565870171,0.6952611227733507,0.6546739565870171,0.7275397010198847,0.6362129955416775,0.6546739565870171,0.6546739565870171,0.6433222469509197,0.6546739565870171,0.6723880457840039
26,proto,3,0.6425665458298281,0.7008608324276386,0.6425665458298281,0.7351524286502366,0.6815486777199106,0.6425665458298281,0.6425665458298281,0.6718320072018003,0.6425665458298281,0.6657313141102903
26,proto,4,0.6869665802864939,0.7043676960981362,0.6869665802864939,0.7469111546961333,0.6835019462435388,0.6869665802864939,0.686966580286494,0.6755532026526653,0.6869665802864939,0.7009405608671312
26,proto,5,0.6453136936532922,0.7166865749530441,0.6453136936532922,0.7481543097721263,0.653881327934566,0.6453136936532922,0.6453136936532922,0.660643757726434,0.6453136936532922,0.6698017728437842
26,proto,6,0.6151309367241616,0.7136291242567552,0.6151309367241616,0.7670593324090811,0.6570235723115354,0.6151309367241616,0.6151309367241616,0.6606599293546227,0.6151309367241616,0.6646678081524979
26,proto,7,0.5796390840808624,0.7000505529056209,0.5796390840808624,0.739930082125962,0.6287197609712127,0.5796390840808624,0.5796390840808624,0.6272091347999936,0.5796390840808624,0.6117220842958098
26,proto,8,0.6705729015421217,0.7437896916145126,0.6705729015421217,0.7673563452864169,0.7050271745247374,0.6705729015421217,0.6705729015421217,0.7032982920707247,0.6705729015421217,0.6870280594070987
26,proto,9,0.5856116657558448,0.6742301926251891,0.5856116657558448,0.7266504348669172,0.6204581129137487,0.5856116657558448,0.5856116657558448,0.6102826490501234,0.5856116657558448,0.6157707809535431
26,proto,10,0.6704015474648471,0.6992665997685233,0.6704015474648471,0.7427581471704208,0.6729656672947877,0.6704015474648471,0.670401547464847,0.6711545700268079,0.6704015474648471,0.6832899755635811
26,proto,11,0.5738972356888913,0.6628343677260582,0.5738972356888913,0.729692328832892,0.6107719332437611,0.5738972356888913,0.5738972356888912,0.6027161560696277,0.5738972356888913,0.6153988012008683
26,proto,12,0.38859136819633017,0.584585446162655,0.38859136819633017,0.5784967815559667,0.5249247068160258,0.38859136819633017,0.38859136819633017,0.5206444284770355,0.38859136819633017,0.41938159961276633
26,proto,13,0.5933291039975215,0.70274772293786,0.5933291039975215,0.7569474220084088,0.6400171020032337,0.5933291039975215,0.5933291039975215,0.6254650368171919,0.5933291039975215,0.6351240825065062
26,proto,14,0.4673228053413036,0.6487847928061412,0.4673228053413036,0.6773697863781993,0.5961545938293238,0.4673228053413036,0.46732280534130355,0.5598629505827941,0.4673228053413036,0.4930136207448137
26,proto,15,0.4642072090816174,0.7009748464182147,0.4642072090816174,0.7359702171416973,0.6352956965959026,0.4642072090816174,0.46420720908161744,0.6219490228292515,0.4642072090816174,0.5260540383411507
26,proto,16,0.5526977441384407,0.6639006108168961,0.5526977441384407,0.6807351676899729,0.6247715261596972,0.5526977441384407,0.5526977441384407,0.6009789217379347,0.5526977441384407,0.548288769171509
26,proto,17,0.513029275249381,0.7099722394020729,0.513029275249381,0.7582762868143198,0.6779826406682119,0.513029275249381,0.513029275249381,0.6438967908699815,0.513029275249381,0.5357617999487332
26,proto,18,0.5616673495120451,0.6188441058722116,0.5616673495120451,0.7176224082421163,0.6412666540771554,0.5616673495120451,0.5616673495120451,0.5952519430883079,0.5616673495120451,0.5907135361869544
26,proto,19,0.6460563518884214,0.6696732238635894,0.6460563518884214,0.7308631306047882,0.6464932885897365,0.6460563518884214,0.6460563518884214,0.6346425071529508,0.6460563518884214,0.668225553169803
26,clf,0,0.6908548496223937,0.6995705709321276,0.6908548496223937,0.7485971515025533,0.6317496855077611,0.6908548496223937,0.6908548496223939,0.5920784987988891,0.6908548496223937,0.6833088650200885
26,clf,1,0.3529552027102937,0.5094905778265115,0.3529552027102937,0.6316303469182063,0.5309367228705008,0.3529552027102937,0.3529552027102937,0.34673157574773555,0.3529552027102937,0.27079998549011797
26,clf,2,0.5631186553574214,0.6705910101648571,0.5631186553574214,0.6944488312675159,0.5358218974460652,0.5631186553574214,0.5631186553574214,0.48004096424938913,0.5631186553574214,0.5413391426225266
26,clf,3,0.510828063002917,0.5820812409490868,0.510828063002917,0.6822322801715814,0.6386430066448343,0.510828063002917,0.5108280630029169,0.5381859653989949,0.510828063002917,0.5045157581388682
26,clf,4,0.6154948318253586,0.6203159855601896,0.6154948318253586,0.716935803421862,0.657408021818709,0.6154948318253586,0.6154948318253587,0.5561524694536544,0.6154948318253586,0.6095410483093846
26,clf,5,0.5907386280690059,0.6611052727695885,0.5907386280690059,0.7151606593189113,0.5942991825773165,0.5907386280690059,0.5907386280690059,0.568676261091305,0.5907386280690059,0.6062358136030147
26,clf,6,0.7159072060057932,0.6930207553391768,0.7159072060057932,0.7439019696583524,0.6763571117298507,0.7159072060057932,0.7159072060057932,0.6592107147087067,0.7159072060057932,0.7162779068630274
26,clf,7,0.5604848762835642,0.6741339392451775,0.5604848762835642,0.728714378253504,0.5868931894054146,0.5604848762835642,0.5604848762835641,0.563393970886471,0.5604848762835642,0.5827919660783571
26,clf,8,0.706285172770722,0.6705385504245758,0.706285172770722,0.7267666407369047,0.7208257606694202,0.706285172770722,0.706285172770722,0.6787950165774734,0.706285172770722,0.7038094299144546
26,clf,9,0.4025263389523036,0.6173077091496705,0.4025263389523036,0.6658503990281218,0.5312704094243496,0.4025263389523036,0.4025263389523036,0.44038838017463855,0.4025263389523036,0.35347191150826457
26,clf,10,0.6165756448800117,0.6622609967200433,0.6165756448800117,0.7328033860704459,0.6965078390206849,0.6165756448800117,0.6165756448800117,0.6317452833494428,0.6165756448800117,0.5969493849775387
26,clf,11,0.4895232871956595,0.5929961831462278,0.4895232871956595,0.6591081932838136,0.4877575944349268,0.4895232871956595,0.4895232871956595,0.4367296600717484,0.4895232871956595,0.47971354711342235
26,clf,12,0.35833482865475064,0.5327466963105729,0.35833482865475064,0.6129394204411043,0.37515861647191984,0.35833482865475064,0.35833482865475064,0.29064021319584177,0.35833482865475064,0.30886981303815425
26,clf,13,0.5775627633093751,0.6705757075366154,0.5775627633093751,0.7244207179774191,0.5687036489346933,0.5775627633093751,0.5775627633093751,0.5493559165375606,0.5775627633093751,0.5679189812222836
26,clf,14,0.5746211230326921,0.6888078857102262,0.5746211230326921,0.7469498631567444,0.5603436350751689,0.5746211230326921,0.5746211230326921,0.4996890336454874,0.5746211230326921,0.5542221561812987
26,clf,15,0.4189570019281051,0.5530890837774134,0.4189570019281051,0.6619750351379369,0.6091220769751795,0.4189570019281051,0.4189570019281051,0.4627643756715701,0.4189570019281051,0.37894468320645347
26,clf,16,0.372538539102415,0.5366964527428799,0.372538539102415,0.6514652206451875,0.5688983590887493,0.372538539102415,0.37253853910241497,0.43536491618463824,0.372538539102415,0.31506799761703913
26,clf,17,0.6426945967617611,0.7126303244525172,0.6426945967617611,0.741772264885332,0.6982011050400286,0.6426945967617611,0.642694596761761,0.6458016921551827,0.6426945967617611,0.6094201724919335
26,clf,18,0.5274395584268617,0.5089936264139369,0.5274395584268617,0.6559057256739771,0.5643003052238983,0.5274395584268617,0.5274395584268619,0.41701387126068745,0.5274395584268617,0.4889145891143374
26,clf,19,0.4702808004539954,0.5993588014891033,0.4702808004539954,0.6543827629839785,0.5224110793838306,0.4702808004539954,0.47028080045399534,0.4612829918782837,0.4702808004539954,0.46680770041763997
27,proto,0,0.632565935311234,0.7191618556927101,0.632565935311234,0.7777846104867925,0.6701052154045266,0.632565935311234,0.6325659353112338,0.6466787623613646,0.632565935311234,0.6580711201995597
27,proto,1,0.4557559404992481,0.6467069843228761,0.4557559404992481,0.6644034840547203,0.5964816742111683,0.4557559404992481,0.45575594049924806,0.5376015601727588,0.4557559404992481,0.4633303021965497
27,proto,2,0.6051436145098247,0.6953839135796587,0.6051436145098247,0.743557504111807,0.6316718829420689,0.6051436145098247,0.6051436145098247,0.6293566825351818,0.6051436145098247,0.6449030046758909
27,proto,3,0.634813796010405,0.7093915423500181,0.634813796010405,0.745933537943815,0.6740316570504368,0.634813796010405,0.634813796010405,0.6699362118570107,0.634813796010405,0.6653758286374492
27,proto,4,0.6753165473863253,0.7002765227171192,0.6753165473863253,0.751619269794084,0.6916122559415936,0.6753165473863253,0.6753165473863252,0.6718163498222041,0.6753165473863253,0.6916967593716239
27,proto,5,0.629233730399635,0.716567416786414,0.629233730399635,0.7526149054152055,0.645464841540246,0.629233730399635,0.6292337303996351,0.6584170245343642,0.629233730399635,0.6658432532903704
27,proto,6,0.6155208508826454,0.72536688667726,0.6155208508826454,0.7728397913466902,0.6605362420285772,0.6155208508826454,0.6155208508826455,0.6581459449178795,0.6155208508826454,0.665654386623338
27,proto,7,0.5829619964720016,0.7003893905255486,0.5829619964720016,0.7252464126228912,0.6327709250370643,0.5829619964720016,0.5829619964720016,0.6303956225356002,0.5829619964720016,0.604833093696286
27,proto,8,0.6599466256209843,0.7537815375870406,0.6599466256209843,0.7871058865057295,0.7013726862743219,0.6599466256209843,0.6599466256209843,0.7064394478046858,0.6599466256209843,0.6915986592339138
27,proto,9,0.5717892274226367,0.6813090025952673,0.5717892274226367,0.7192003790850012,0.6118219128933857,0.5717892274226367,0.5717892274226367,0.6060125303132107,0.5717892274226367,0.5985721376496391
27,proto,10,0.6634195192923411,0.7030469144912628,0.6634195192923411,0.7501635982617327,0.6743878634523792,0.6634195192923411,0.6634195192923411,0.6698215785300106,0.6634195192923411,0.6741255933577794
27,proto,11,0.5711354056831011,0.663400270825079,0.5711354056831011,0.7242497688656886,0.6085971425028719,0.5711354056831011,0.5711354056831011,0.600062845997494,0.5711354056831011,0.6110870140938269
27,proto,12,0.41606953704570143,0.6280338529443014,0.41606953704570143,0.6384643972459005,0.5226973990201642,0.41606953704570143,0.41606953704570143,0.5375099523427445,0.41606953704570143,0.46939403231036636
27,proto,13,0.605224924063846,0.7019993280771426,0.605224924063846,0.7592183182816574,0.6483982944979718,0.605224924063846,0.6052249240638459,0.6292689606183833,0.605224924063846,0.6433005523316547
27,proto,14,0.45330810475978695,0.6253268511108196,0.45330810475978695,0.6433717643031519,0.5832594020852369,0.45330810475978695,0.4533081047597869,0.5476412836106928,0.45330810475978695,0.48034464230616486
27,proto,15,0.5388020807440113,0.695031828696603,0.5388020807440113,0.7158419899998294,0.6464004880731367,0.5388020807440113,0.5388020807440113,0.6378393013734518,0.5388020807440113,0.5858121852448418
27,proto,16,0.5691305443939478,0.6715931244356721,0.5691305443939478,0.6820071913768021,0.625594549856145,0.5691305443939478,0.5691305443939478,0.616229388378225,0.5691305443939478,0.574297463774941
27,proto,17,0.5143037444304117,0.7053931819911007,0.5143037444304117,0.7583474913646915,0.6789642826148466,0.5143037444304117,0.5143037444304117,0.6428951902605199,0.5143037444304117,0.5353267372453703
27,proto,18,0.5849488302714634,0.6461804289144673,0.5849488302714634,0.7392654520695212,0.6721367492660271,0.5849488302714634,0.5849488302714634,0.6253222552994062,0.5849488302714634,0.604813631795418
27,proto,19,0.5968902766132442,0.6450325098418443,0.5968902766132442,0.7242771011607666,0.6246662876173096,0.5968902766132442,0.5968902766132443,0.6103667582692319,0.5968902766132442,0.6371117867135454
27,clf,0,0.692877180850011,0.6953234928794505,0.692877180850011,0.746610346056098,0.6373628387497231,0.692877180850011,0.6928771808500109,0.5969719914838657,0.692877180850011,0.685758731612021
27,clf,1,0.35524515852714666,0.5378394767530181,0.35524515852714666,0.6733168463757367,0.5363704606676816,0.35524515852714666,0.35524515852714666,0.36057966292439597,0.35524515852714666,0.2728984828160645
27,clf,2,0.5877658578487833,0.6680189690251226,0.5877658578487833,0.6903448420669824,0.5494744000488544,0.5877658578487833,0.5877658578487833,0.4986827520273869,0.5877658578487833,0.5683626281184926
27,clf,3,0.52064161508466,0.605203478015406,0.52064161508466,0.6891580882511784,0.6393747509581849,0.52064161508466,0.52064161508466,0.5540559337324685,0.52064161508466,0.5175585140605647
27,clf,4,0.6280011704858771,0.6142800977456624,0.6280011704858771,0.7196379663305158,0.6591432170833127,0.6280011704858771,0.6280011704858771,0.55197172828033,0.6280011704858771,0.6200228840318477
27,clf,5,0.589795437242359,0.6359193984496168,0.589795437242359,0.7046585226865115,0.5864267715794658,0.589795437242359,0.589795437242359,0.547108167815577,0.589795437242359,0.5980450331699848
27,clf,6,0.7265118303542597,0.7144258194301892,0.7265118303542597,0.7497797613804509,0.6847865329233433,0.7265118303542597,0.7265118303542597,0.6787028891319264,0.7265118303542597,0.7274616548550243
27,clf,7,0.5695376497152819,0.6725936903892504,0.5695376497152819,0.7265190765037876,0.6012049488974257,0.5695376497152819,0.5695376497152818,0.578585382491705,0.5695376497152819,0.5915500410800476
27,clf,8,0.6966664848430163,0.6626902812222837,0.6966664848430163,0.7256713038327818,0.7168102581836432,0.6966664848430163,0.6966664848430163,0.6740351892532591,0.6966664848430163,0.6973900602613397
27,clf,9,0.3976085512746876,0.6156349401088783,0.3976085512746876,0.6448339276880557,0.523463941044549,0.3976085512746876,0.3976085512746875,0.437163822045472,0.3976085512746876,0.34710464464877216
27,clf,10,0.6264811929143045,0.6976279074230163,0.6264811929143045,0.7479209323065737,0.699403505773847,0.6264811929143045,0.6264811929143045,0.6437194916710005,0.6264811929143045,0.6084930918476308
27,clf,11,0.47121014542515743,0.5767264281790356,0.47121014542515743,0.6430508014552646,0.4888150988493456,0.47121014542515743,0.47121014542515743,0.4250320571249075,0.47121014542515743,0.4472878659465326
27,clf,12,0.35663922244649204,0.5414065767271881,0.35663922244649204,0.613372483137778,0.3935955233650963,0.35663922244649204,0.35663922244649204,0.3166643470057874,0.35663922244649204,0.31063682534666137
27,clf,13,0.5736747727490891,0.6523748340906228,0.5736747727490891,0.7129203084595757,0.5566248999566735,0.5736747727490891,0.573674772749089,0.5293304540080657,0.5736747727490891,0.5586981319711285
27,clf,14,0.5600506368024883,0.6905140345799283,0.5600506368024883,0.7482694379880043,0.5332313552784171,0.5600506368024883,0.5600506368024883,0.4656541942552991,0.5600506368024883,0.5378175514082719
27,clf,15,0.402268564434755,0.5535867734482397,0.402268564434755,0.6698592180117975,0.6023721738543175,0.402268564434755,0.402268564434755,0.4539697779265287,0.402268564434755,0.36507188922358347
27,clf,16,0.37495338639424464,0.5286064849113616,0.37495338639424464,0.6402093140837162,0.5538160568873554,0.37495338639424464,0.3749533863942447,0.4268108814207504,0.37495338639424464,0.3183149095135198
27,clf,17,0.649615944775666,0.7120349051170752,0.649615944775666,0.7485480587781992,0.7143293471778578,0.649615944775666,0.649615944775666,0.6617604173832062,0.649615944775666,0.6201541565510817
27,clf,18,0.5213984908760924,0.5532088336171623,0.5213984908760924,0.6731016640653409,0.5833858686247063,0.5213984908760924,0.5213984908760922,0.4543138813542321,0.5213984908760924,0.49156621890445185
27,clf,19,0.4548749166344758,0.5917977984275682,0.4548749166344758,0.6491411775205378,0.5055784183249858,0.4548749166344758,0.4548749166344758,0.44515113208528534,0.4548749166344758,0.44506559847199584
28,proto,0,0.6244540295760482,0.7163736873484512,0.6244540295760482,0.7730134264255901,0.6580359163551118,0.6244540295760482,0.6244540295760482,0.6390570721911305,0.6244540295760482,0.6554849155954301
28,proto,1,0.4520641150458637,0.6362993070026137,0.4520641150458637,0.6255034067091431,0.5876002997503964,0.4520641150458637,0.45206411504586363,0.5289617865917757,0.4520641150458637,0.45863789721336545
28,proto,2,0.6542711258250945,0.7030877125726737,0.6542711258250945,0.7369821439681041,0.6458783053692321,0.6542711258250945,0.6542711258250946,0.6525426894458569,0.6542711258250945,0.6756570150386652
28,proto,3,0.6296496636154056,0.6970522944120384,0.6296496636154056,0.7291472143965778,0.6760417831375347,0.6296496636154056,0.6296496636154056,0.6601342158882684,0.6296496636154056,0.6468089353884277
28,proto,4,0.6803978834240298,0.7016220270566371,0.6803978834240298,0.7443418340134018,0.6787351525641014,0.6803978834240298,0.6803978834240298,0.669575105462038,0.6803978834240298,0.6940346709899852
28,proto,5,0.6122172669340621,0.7163791742442287,0.6122172669340621,0.7565519666421967,0.6282872721465667,0.6122172669340621,0.612217266934062,0.6428536807673357,0.6122172669340621,0.6535890517699996
28,proto,6,0.6587422220442188,0.725473345352831,0.6587422220442188,0.7725657551677783,0.6758318902655485,0.6587422220442188,0.6587422220442188,0.6657540886895492,0.6587422220442188,0.6928745692297723
28,proto,7,0.5711444194279469,0.6995427677685936,0.5711444194279469,0.7378969851979676,0.6294317980281587,0.5711444194279469,0.5711444194279469,0.6275824455149974,0.5711444194279469,0.6037258062256077
28,proto,8,0.6605763797325297,0.7468218656750936,0.6605763797325297,0.78183348027051,0.7058027350011273,0.6605763797325297,0.6605763797325297,0.7054226654637077,0.6605763797325297,0.6911162731577457
28,proto,9,0.5940472299786375,0.6778782264443415,0.5940472299786375,0.7329596774161757,0.6304343270325838,0.5940472299786375,0.5940472299786375,0.6143425068866156,0.5940472299786375,0.6165269832857515
28,proto,10,0.6612403303193662,0.6962168696338503,0.6612403303193662,0.7445618481925881,0.6710248547547397,0.6612403303193662,0.6612403303193664,0.6680035643001165,0.6612403303193662,0.678530432133273
28,proto,11,0.5972019477494585,0.663202276509931,0.5972019477494585,0.7274444581857326,0.6234325390438388,0.5972019477494585,0.5972019477494585,0.611672723273522,0.5972019477494585,0.6348576299597513
28,proto,12,0.41317881978113696,0.6415570760707575,0.41317881978113696,0.646368328850859,0.519469652690147,0.41317881978113696,0.413178819781137,0.5385881487868158,0.41317881978113696,0.4678857856860053
28,proto,13,0.6044132224017021,0.6979412906388197,0.6044132224017021,0.753495876133924,0.6511769982156361,0.6044132224017021,0.604413222401702,0.6286652121676488,0.6044132224017021,0.6374872438711667
28,proto,14,0.46511453077929027,0.6345762212061139,0.46511453077929027,0.6538826810911186,0.5969589010236767,0.46511453077929027,0.4651145307792903,0.5583904341811957,0.46511453077929027,0.4916714421348066
28,proto,15,0.5256053078133464,0.6875724203451908,0.5256053078133464,0.6883285498748426,0.6354148304228091,0.5256053078133464,0.5256053078133462,0.6248148442891046,0.5256053078133464,0.5605039065280144
28,proto,16,0.56276498202873,0.6626888533266504,0.56276498202873,0.6768776413103428,0.6189581331635687,0.56276498202873,0.56276498202873,0.6058163278626735,0.56276498202873,0.5587930310907872
28,proto,17,0.5069437894508149,0.7029577055418774,0.5069437894508149,0.7517303820048578,0.676884704565233,0.5069437894508149,0.5069437894508149,0.6383708136590147,0.5069437894508149,0.5248563678613833
28,proto,18,0.5960960448895645,0.6405197032740096,0.5960960448895645,0.7361870967004103,0.6744289147261561,0.5960960448895645,0.5960960448895645,0.6195552421974485,0.5960960448895645,0.6085310723834029
28,proto,19,0.6221408424580464,0.653047473905354,0.6221408424580464,0.7190076669910732,0.6329018744820831,0.6221408424580464,0.6221408424580464,0.6208506262909631,0.6221408424580464,0.6529026018977486
28,clf,0,0.6965481910575659,0.6868552571132984,0.6965481910575659,0.7417336266302157,0.6242248770162998,0.6965481910575659,0.6965481910575659,0.5801096842751958,0.6965481910575659,0.684170220729617
28,clf,1,0.356491192595571,0.5239498509232265,0.356491192595571,0.6410993364393052,0.5378716288983372,0.356491192595571,0.356491192595571,0.3637255768428436,0.356491192595571,0.2753260660404966
28,clf,2,0.582247494573865,0.6801127228734187,0.582247494573865,0.6953452445918026,0.5487948406781091,0.582247494573865,0.582247494573865,0.5004039438857473,0.582247494573865,0.5619877433625009
28,clf,3,0.5226215724189816,0.5893772092666328,0.5226215724189816,0.6880596388083677,0.6438612191419137,0.5226215724189816,0.5226215724189816,0.5494139343771869,0.5226215724189816,0.5195549449893077
28,clf,4,0.611562608867685,0.6107896153404546,0.611562608867685,0.7122831648296994,0.6494704291548908,0.611562608867685,0.611562608867685,0.547011967401561,0.611562608867685,0.6049371109652458
28,clf,5,0.6065662993921855,0.6449345334836225,0.6065662993921855,0.7087320797804363,0.5949142003765169,0.6065662993921855,0.6065662993921855,0.5616553250713097,0.6065662993921855,0.6159885493768258
28,clf,6,0.7269085280526789,0.7135478407250839,0.7269085280526789,0.749367974048202,0.686422455914329,0.7269085280526789,0.726908528052679,0.6806731522763466,0.7269085280526789,0.7284649458957018
28,clf,7,0.5718019581756664,0.6629776833445941,0.5718019581756664,0.7252909677775321,0.609078533278691,0.5718019581756664,0.5718019581756664,0.578639215817043,0.5718019581756664,0.5916302578328736
28,clf,8,0.6936953872764765,0.6590834436773871,0.6936953872764765,0.724934974645323,0.715454372433495,0.6936953872764765,0.6936953872764766,0.6680171062000146,0.6936953872764765,0.6946818732699838
28,clf,9,0.40054405848786717,0.6193419795844612,0.40054405848786717,0.6664147954066943,0.529737349179796,0.40054405848786717,0.40054405848786717,0.4448969831112636,0.40054405848786717,0.35224690284255633
28,clf,10,0.6147186275913703,0.7004966861992954,0.6147186275913703,0.7426471981280434,0.6948424977865719,0.6147186275913703,0.6147186275913703,0.6334199766300483,0.6147186275913703,0.5954977147535409
28,clf,11,0.4789982997475315,0.5911793619803976,0.4789982997475315,0.6512617145708333,0.47008531736816994,0.4789982997475315,0.4789982997475315,0.41468368721931625,0.4789982997475315,0.45675921852203716
28,clf,12,0.37047076744975044,0.5552454875295763,0.37047076744975044,0.6181463026089533,0.4183947342505854,0.37047076744975044,0.37047076744975044,0.33786333404349755,0.37047076744975044,0.3235998269335849
28,clf,13,0.5782401880508781,0.6617007834255895,0.5782401880508781,0.7140658942650737,0.5496349484344344,0.5782401880508781,0.5782401880508781,0.5293578326484706,0.5782401880508781,0.5670136050476952
28,clf,14,0.5767517121236634,0.6788884887091946,0.5767517121236634,0.7450194909511076,0.5623618782807029,0.5767517121236634,0.5767517121236634,0.4943677532442523,0.5767517121236634,0.5549390099252175
28,clf,15,0.39102294202498705,0.5438714185223539,0.39102294202498705,0.6635445046967968,0.5971402613364203,0.39102294202498705,0.391022942024987,0.43103120882688534,0.39102294202498705,0.34839810040116
28,clf,16,0.3797785276428788,0.5256948378159785,0.3797785276428788,0.6470128027600819,0.5642936831649044,0.3797785276428788,0.3797785276428788,0.4318769637775106,0.3797785276428788,0.3252531051241321
28,clf,17,0.6421642726191331,0.7081406904809442,0.6421642726191331,0.7408941933454763,0.7072592189599854,0.6421642726191331,0.6421642726191331,0.6498305183726367,0.6421642726191331,0.6088056082822111
28,clf,18,0.5347341869876279,0.5552920236315804,0.5347341869876279,0.6747239503594972,0.5879366375516545,0.5347341869876279,0.5347341869876279,0.4559708457087127,0.5347341869876279,0.4995620562921564
28,clf,19,0.4557207218467063,0.6101494675188959,0.4557207218467063,0.6634966617306266,0.5129366856674233,0.4557207218467063,0.4557207218467063,0.4505548169363059,0.4557207218467063,0.4532198773399916
29,proto,0,0.614499417033729,0.707605083800122,0.614499417033729,0.7639974586578353,0.6513753210728115,0.614499417033729,0.6144994170337289,0.6295405836627972,0.614499417033729,0.6429125965784512
29,proto,1,0.4506184776379677,0.6254048351150348,0.4506184776379677,0.618498339678036,0.5956691538101279,0.4506184776379677,0.4506184776379677,0.5335480886491452,0.4506184776379677,0.4555765237437734
29,proto,2,0.613624061606437,0.6927642716500493,0.613624061606437,0.7381679033685011,0.630193236203117,0.613624061606437,0.613624061606437,0.6283457759055054,0.613624061606437,0.6493459841679741
29,proto,3,0.6189850095847702,0.6999302446323794,0.6189850095847702,0.7430699070375469,0.6770964748660159,0.6189850095847702,0.6189850095847702,0.6659981956218464,0.6189850095847702,0.6535235105071986
29,proto,4,0.6718096430900864,0.703383888581687,0.6718096430900864,0.741926949743111,0.6788402106122471,0.6718096430900864,0.6718096430900864,0.6662429755848299,0.6718096430900864,0.6846070360071259
29,proto,5,0.6385728993119167,0.7055619473925542,0.6385728993119167,0.7423555908460677,0.6411195747652955,0.6385728993119167,0.6385728993119167,0.6460316411788937,0.6385728993119167,0.6637088274013817
29,proto,6,0.6401592254795707,0.7359314396170716,0.6401592254795707,0.7729876318052376,0.6750128934934655,0.6401592254795707,0.6401592254795707,0.6789703392494842,0.6401592254795707,0.6835350529709683
29,proto,7,0.5533710801709415,0.6890104085980147,0.5533710801709415,0.7397976222354958,0.60879529898506,0.5533710801709415,0.5533710801709415,0.6091983374617025,0.5533710801709415,0.5962716421498025
29,proto,8,0.6639404579893049,0.7455696317899542,0.6639404579893049,0.7861392643373283,0.7038965517259673,0.6639404579893049,0.6639404579893049,0.7006626426286473,0.6639404579893049,0.6933540901184354
29,proto,9,0.5984551370586366,0.6675879120326749,0.5984551370586366,0.7201806820689659,0.6249201210313415,0.5984551370586366,0.5984551370586366,0.6130288044212671,0.5984551370586366,0.622872953359599
29,proto,10,0.662508108885666,0.7025758981980987,0.662508108885666,0.7469693579618876,0.6741476941998912,0.662508108885666,0.662508108885666,0.6708728766632355,0.662508108885666,0.6757776219520639
29,proto,11,0.5816296348885078,0.6631745036966755,0.5816296348885078,0.723453497014064,0.6072962276056233,0.5816296348885078,0.5816296348885079,0.6032435170671664,0.5816296348885078,0.6215581468112894
29,proto,12,0.42791573505277175,0.6166808368906824,0.42791573505277175,0.6280455819677706,0.5242461708360472,0.42791573505277175,0.42791573505277175,0.5343731580011686,0.42791573505277175,0.4818715942365175
29,proto,13,0.612442331779593,0.7022098798080205,0.612442331779593,0.7527452886739432,0.6478069289331008,0.612442331779593,0.612442331779593,0.6350716497426934,0.612442331779593,0.6470515992160399
29,proto,14,0.4610790679193108,0.6358589389193006,0.4610790679193108,0.6762654431841242,0.595424772952611,0.4610790679193108,0.4610790679193108,0.5530816763047145,0.4610790679193108,0.4831092519500845
29,proto,15,0.47759094752392894,0.6902353092298328,0.47759094752392894,0.7099903505235875,0.6195621573898517,0.47759094752392894,0.4775909475239289,0.6139562000267229,0.47759094752392894,0.5397935210050266
29,proto,16,0.5300183257795983,0.6543544648392994,0.5300183257795983,0.6687882609734279,0.6092785227321883,0.5300183257795983,0.5300183257795983,0.592952697911517,0.5300183257795983,0.5345916277637273
29,proto,17,0.5168092867219268,0.6992943763219557,0.5168092867219268,0.7486638970639736,0.6792616819656448,0.5168092867219268,0.5168092867219268,0.6365726695781151,0.5168092867219268,0.531142653250338
29,proto,18,0.5740039138237671,0.6414333364201046,0.5740039138237671,0.7350952018342214,0.6641244925739233,0.5740039138237671,0.5740039138237671,0.6172053300927718,0.5740039138237671,0.591852974472953
29,proto,19,0.6356308873344154,0.6603047475489241,0.6356308873344154,0.7092102653161348,0.6312578532912342,0.6356308873344154,0.6356308873344154,0.6236185440337014,0.6356308873344154,0.6486654009648638
29,clf,0,0.6806534277366681,0.6880011057176814,0.6806534277366681,0.7423003166441435,0.616635690214163,0.6806534277366681,0.6806534277366683,0.5715831627041705,0.6806534277366681,0.6725346044317635
29,clf,1,0.3536619918164489,0.5175800224099518,0.3536619918164489,0.633679486325015,0.5307215840956221,0.3536619918164489,0.3536619918164489,0.3481437396791614,0.3536619918164489,0.27032315959113135
29,clf,2,0.5701885907734751,0.6723614704624374,0.5701885907734751,0.6935196392622895,0.5376437212939421,0.5701885907734751,0.570188590773475,0.4874395495239765,0.5701885907734751,0.5515939438448055
29,clf,3,0.5086950578566263,0.5881814047131457,0.5086950578566263,0.6842884536173596,0.633318308628809,0.5086950578566263,0.5086950578566263,0.5351591691407622,0.5086950578566263,0.5004662740571273
29,clf,4,0.6098247216913354,0.6101166804761549,0.6098247216913354,0.7095466600382225,0.6492894942820044,0.6098247216913354,0.6098247216913354,0.5458284651221046,0.6098247216913354,0.6043191194853413
29,clf,5,0.5914303632920166,0.6504361660256275,0.5914303632920166,0.7068373221893414,0.5833038113929372,0.5914303632920166,0.5914303632920166,0.5525810231661673,0.5914303632920166,0.6017693158737307
29,clf,6,0.73383768178377,0.7132181360837477,0.73383768178377,0.7505411752300628,0.6907133618658683,0.73383768178377,0.73383768178377,0.6829810225621231,0.73383768178377,0.7330622039771768
29,clf,7,0.5538171211530011,0.6676047082089251,0.5538171211530011,0.7232241485478881,0.5828931067304888,0.5538171211530011,0.5538171211530011,0.5595712053390778,0.5538171211530011,0.5806171425004301
29,clf,8,0.6952805983416754,0.662684649706031,0.6952805983416754,0.7233906407051091,0.7155730709128467,0.6952805983416754,0.6952805983416753,0.671275948230373,0.6952805983416754,0.6936782845749611
29,clf,9,0.40390423388604935,0.6036331136664281,0.40390423388604935,0.6392569996488802,0.530082912292301,0.40390423388604935,0.40390423388604935,0.43813971658179796,0.40390423388604935,0.3495147837701588
29,clf,10,0.6198923312824431,0.7034449466177166,0.6198923312824431,0.7494778192600098,0.6954447490413169,0.6198923312824431,0.6198923312824431,0.6349732510032741,0.6198923312824431,0.6019394507647539
29,clf,11,0.47115355397555864,0.6068535476682155,0.47115355397555864,0.660849512515862,0.4727054761088694,0.47115355397555864,0.4711535539755586,0.4222983828906296,0.47115355397555864,0.4584323270817522
29,clf,12,0.3565389561507332,0.5527906598543788,0.3565389561507332,0.6081586790712521,0.3862769372851404,0.3565389561507332,0.35653895615073317,0.31093232730022,0.3565389561507332,0.3096923015364974
29,clf,13,0.5701896129507256,0.6450275280128396,0.5701896129507256,0.7063201827634515,0.5491574086145277,0.5701896129507256,0.5701896129507256,0.5189714296212419,0.5701896129507256,0.5519744087697616
29,clf,14,0.5707493014580057,0.6906504572876503,0.5707493014580057,0.7495640846458287,0.5559999117908145,0.5707493014580057,0.5707493014580057,0.49523839576526296,0.5707493014580057,0.5530495535507891
29,clf,15,0.3940866860205088,0.5475449190067341,0.3940866860205088,0.6610929389645857,0.5990802304330498,0.3940866860205088,0.3940866860205088,0.4536252494164187,0.3940866860205088,0.3571967951322874
29,clf,16,0.37863201646857647,0.5201230040784572,0.37863201646857647,0.6390003496402245,0.5706240803097651,0.37863201646857647,0.37863201646857647,0.4279833702085105,0.37863201646857647,0.32104468792907315
29,clf,17,0.6426645819206767,0.7132922870383467,0.6426645819206767,0.7437248525739562,0.7067684660612619,0.6426645819206767,0.6426645819206767,0.6502877167774337,0.6426645819206767,0.6081951161468921
29,clf,18,0.5141040481657354,0.5489988637655655,0.5141040481657354,0.6646428861444313,0.5777316729335977,0.5141040481657354,0.5141040481657355,0.4479814413657655,0.5141040481657354,0.48227046120176453
29,clf,19,0.4532082101648465,0.6036525280858522,0.4532082101648465,0.6550082139202469,0.5207765930445185,0.4532082101648465,0.45320821016484647,0.45264177567430064,0.4532082101648465,0.44392345648318227
30,proto,0,0.6353634485955889,0.7147301036918756,0.6353634485955889,0.774730200180889,0.6686113457393136,0.6353634485955889,0.6353634485955889,0.6447164109049274,0.6353634485955889,0.6616301636380009
30,proto,1,0.4549736032017565,0.6250644790785804,0.4549736032017565,0.6107712942095287,0.5829807624351022,0.4549736032017565,0.4549736032017565,0.5238578148408208,0.4549736032017565,0.4615467805297477
30,proto,2,0.6229715937871323,0.6973915159006222,0.6229715937871323,0.7422016477420894,0.6406598829753603,0.6229715937871323,0.6229715937871323,0.638986170098415,0.6229715937871323,0.6572161099670688
30,proto,3,0.6329808463497539,0.69733606220189,0.6329808463497539,0.7359224059486136,0.6830287590672157,0.6329808463497539,0.6329808463497539,0.668246826526648,0.6329808463497539,0.654040490540075
30,proto,4,0.6736749307219368,0.7097873997367652,0.6736749307219368,0.7574661598589205,0.6926348444918384,0.6736749307219368,0.6736749307219368,0.6749938442291452,0.6736749307219368,0.6914968240715096
30,proto,5,0.6115337091290557,0.7188766774524507,0.6115337091290557,0.7491070457401761,0.6372809042326663,0.6115337091290557,0.6115337091290558,0.6545244509864434,0.6115337091290557,0.6553610125899125
30,proto,6,0.6378430647550217,0.7248549673168619,0.6378430647550217,0.772637093892524,0.6716894871568417,0.6378430647550217,0.6378430647550217,0.662477048859776,0.6378430647550217,0.6809536229184594
30,proto,7,0.5548504494281058,0.700252699845719,0.5548504494281058,0.7557909529161586,0.6232543486655358,0.5548504494281058,0.5548504494281057,0.6160241109896615,0.5548504494281058,0.6000959570290906
30,proto,8,0.6619112502965475,0.7479729320658316,0.6619112502965475,0.7871584452422065,0.700805909811424,0.6619112502965475,0.6619112502965475,0.6985805306847852,0.6619112502965475,0.6912847818789842
30,proto,9,0.5831374392582784,0.6671868790296032,0.5831374392582784,0.7203379634047136,0.6140551114755779,0.5831374392582784,0.5831374392582784,0.6045741745717099,0.5831374392582784,0.6078198732995489
30,proto,10,0.656707624689595,0.7100238073829919,0.656707624689595,0.7570996403236815,0.6738236614698977,0.656707624689595,0.656707624689595,0.6754701941576501,0.656707624689595,0.6800686915744276
30,proto,11,0.5877264575620348,0.660909546367728,0.5877264575620348,0.7217732992398895,0.615984066366354,0.5877264575620348,0.5877264575620348,0.6066820360712236,0.5877264575620348,0.625708904004227
30,proto,12,0.3953377380499813,0.6381919382700051,0.3953377380499813,0.6507591760875434,0.5081962931614652,0.3953377380499813,0.39533773804998135,0.5287747940015476,0.3953377380499813,0.444160292007288
30,proto,13,0.5968291318286203,0.7017384563805751,0.5968291318286203,0.7552250772172713,0.6434170889527546,0.5968291318286203,0.5968291318286203,0.6271859605011005,0.5968291318286203,0.635135381923588
30,proto,14,0.4629647990961723,0.6571525182084007,0.4629647990961723,0.7050228550821619,0.6014060710664458,0.4629647990961723,0.4629647990961723,0.561918114000265,0.4629647990961723,0.48679665799706917
30,proto,15,0.4575343430648015,0.6927200556297622,0.4575343430648015,0.716042544988882,0.6241048199007737,0.4575343430648015,0.45753434306480145,0.6168578482373711,0.4575343430648015,0.519036488390089
30,proto,16,0.5546814184809461,0.6630267370803891,0.5546814184809461,0.6832222134099739,0.6223584160964608,0.5546814184809461,0.5546814184809461,0.603314410631062,0.5546814184809461,0.5534380177582416
30,proto,17,0.510248116801035,0.7052136479554005,0.510248116801035,0.7571777488420722,0.6817157831193591,0.510248116801035,0.510248116801035,0.6411452762893279,0.510248116801035,0.5290897698740222
30,proto,18,0.5863417790883536,0.6456979604091657,0.5863417790883536,0.741790686912863,0.6695927888004052,0.5863417790883536,0.5863417790883536,0.619934744355866,0.5863417790883536,0.6045828374438404
30,proto,19,0.6443795165714912,0.6452235597191067,0.6443795165714912,0.7149628464956099,0.6413946305559329,0.6443795165714912,0.6443795165714911,0.6180787839501987,0.6443795165714912,0.65934164526396
30,clf,0,0.6939572505030274,0.6935778356143536,0.6939572505030274,0.7456413187631981,0.6316804574216426,0.6939572505030274,0.6939572505030274,0.5893850440098443,0.6939572505030274,0.6849871288196374
30,clf,1,0.3518844255777369,0.5106774040435249,0.3518844255777369,0.6129398926024974,0.5326709884548796,0.3518844255777369,0.3518844255777369,0.35464083831699306,0.3518844255777369,0.2644662586587023
30,clf,2,0.5879672267671423,0.681444635239487,0.5879672267671423,0.7031960046593689,0.5482785571880132,0.5879672267671423,0.5879672267671423,0.4961506664091641,0.5879672267671423,0.5724506633921078
30,clf,3,0.5091757599400001,0.5853776180018393,0.5091757599400001,0.6827905534852008,0.6357888139451102,0.5091757599400001,0.50917575994,0.5383839071537281,0.5091757599400001,0.5030246959895079
30,clf,4,0.6243170578244741,0.618518219982648,0.6243170578244741,0.7190139827057057,0.6568183343586536,0.6243170578244741,0.6243170578244741,0.553473168829687,0.6243170578244741,0.6172895788396495
30,clf,5,0.554797296211077,0.6360798414899014,0.554797296211077,0.6992035948664614,0.573233486737924,0.554797296211077,0.554797296211077,0.5322119603033004,0.554797296211077,0.5659557822550515
30,clf,6,0.7165177245999872,0.7038912309769622,0.7165177245999872,0.744177733380035,0.6734270917976003,0.7165177245999872,0.7165177245999872,0.6632596199360121,0.7165177245999872,0.7173664670100459
30,clf,7,0.5761506719003381,0.6718753161131494,0.5761506719003381,0.7268388671437893,0.5966696577644828,0.5761506719003381,0.5761506719003382,0.5740047238615309,0.5761506719003381,0.5964888216577117
30,clf,8,0.7110493550851413,0.6772373104354472,0.7110493550851413,0.733603052337926,0.7261293068445227,0.7110493550851413,0.7110493550851413,0.6879637272556398,0.7110493550851413,0.7112820216028602
30,clf,9,0.39480778560817176,0.6139574721771107,0.39480778560817176,0.6443839854083504,0.5241256657009822,0.39480778560817176,0.39480778560817176,0.44017010174074417,0.39480778560817176,0.3447062416655238
30,clf,10,0.6262191438373444,0.6916363338294875,0.6262191438373444,0.7433931854912972,0.6999310873793154,0.6262191438373444,0.6262191438373444,0.6359870162945072,0.6262191438373444,0.603928239428287
30,clf,11,0.49084663503430753,0.5856357320381341,0.49084663503430753,0.6498991090156558,0.4878856847116351,0.49084663503430753,0.49084663503430753,0.42999501384123817,0.49084663503430753,0.472574685622258
30,clf,12,0.35361933914753946,0.5410186362901119,0.35361933914753946,0.6140406511258029,0.3891039223674936,0.35361933914753946,0.35361933914753946,0.3053957074658522,0.35361933914753946,0.3068281322687786
30,clf,13,0.5697577895249691,0.6422031673087961,0.5697577895249691,0.7095842185561831,0.5532440541722534,0.5697577895249691,0.5697577895249691,0.5173605067373432,0.5697577895249691,0.5506663040350845
30,clf,14,0.5699383431974987,0.6913218986972334,0.5699383431974987,0.7489598847842505,0.5525632481555586,0.5699383431974987,0.5699383431974987,0.49365980191939934,0.5699383431974987,0.5509267967381505
30,clf,15,0.3940717250625689,0.5486047750225702,0.3940717250625689,0.6621165784726906,0.5984504731360425,0.3940717250625689,0.3940717250625689,0.4406914489958914,0.3940717250625689,0.3560789904553546
30,clf,16,0.3892390568723625,0.5377512155290608,0.3892390568723625,0.6456691215151209,0.5886301025065871,0.3892390568723625,0.3892390568723625,0.4599716561737962,0.3892390568723625,0.3385148753572528
30,clf,17,0.6462587429840309,0.7108119494902971,0.6462587429840309,0.74384701865988,0.7204825094117259,0.6462587429840309,0.646258742984031,0.6625639791133684,0.6462587429840309,0.6147362401062493
30,clf,18,0.5304435515158284,0.5599713161661695,0.5304435515158284,0.6708474036384444,0.5869446403974169,0.5304435515158284,0.5304435515158284,0.4629156892843331,0.5304435515158284,0.497304034530745
30,clf,19,0.46108018302176595,0.6013627030494744,0.46108018302176595,0.6528400033312007,0.5222827448393044,0.46108018302176595,0.461080183021766,0.4565125844783778,0.46108018302176595,0.45405194070286525
31,proto,0,0.640913592290479,0.7209237068430405,0.640913592290479,0.7740585705017311,0.666069581138654,0.640913592290479,0.640913592290479,0.6456960840563265,0.640913592290479,0.6683222111596974
31,proto,1,0.5384703377636044,0.6376656540454346,0.5384703377636044,0.6139703159174961,0.6124003365148845,0.5384703377636044,0.5384703377636045,0.5649278576661327,0.5384703377636044,0.5332788524396299
31,proto,2,0.6512404632024088,0.7081765590685052,0.6512404632024088,0.7361979875976798,0.6376395711120496,0.6512404632024088,0.6512404632024089,0.6450516856829357,0.6512404632024088,0.6705251907394947
31,proto,3,0.6340807090713492,0.703115779782123,0.6340807090713492,0.7382717002283661,0.678674757485141,0.6340807090713492,0.6340807090713492,0.6712221802215935,0.6340807090713492,0.6605697972271668
31,proto,4,0.6714660056834914,0.7049808202520249,0.6714660056834914,0.7535842365344623,0.6859852860379587,0.6714660056834914,0.6714660056834914,0.670666387464747,0.6714660056834914,0.6881925131879223
31,proto,5,0.6200419408618423,0.7141523459224581,0.6200419408618423,0.7523372027193319,0.6369130155653384,0.6200419408618423,0.6200419408618423,0.6486366931704914,0.6200419408618423,0.6589495285428626
31,proto,6,0.6413286891794082,0.7294453041522626,0.6413286891794082,0.7690699546343568,0.6677255050252886,0.6413286891794082,0.6413286891794082,0.6702810044598285,0.6413286891794082,0.6825135513780454
31,proto,7,0.5630068663362928,0.6998669003466516,0.5630068663362928,0.7457633925155935,0.6248105989723455,0.5630068663362928,0.5630068663362928,0.6195473374141327,0.5630068663362928,0.6010271751413532
31,proto,8,0.6765265264753665,0.7618524411643489,0.6765265264753665,0.7706586206636192,0.7109669832551608,0.6765265264753665,0.6765265264753666,0.7166817454173418,0.6765265264753665,0.6909597136764506
31,proto,9,0.5933162803192873,0.6678901282544489,0.5933162803192873,0.7180952745888451,0.6152167615918189,0.5933162803192873,0.5933162803192873,0.6091893814966163,0.5933162803192873,0.6203020980319474
31,proto,10,0.6653502262682269,0.7054838674249184,0.6653502262682269,0.7458647196071686,0.6759716320279314,0.6653502262682269,0.6653502262682269,0.6743279063700217,0.6653502262682269,0.6775040169500199
31,proto,11,0.5688155279503683,0.6618216765068143,0.5688155279503683,0.7245556633178489,0.6051251356904436,0.5688155279503683,0.5688155279503683,0.5997296601859081,0.5688155279503683,0.611700721620726
31,proto,12,0.43222792917203734,0.631055462140491,0.43222792917203734,0.6214709238982346,0.5170693685267085,0.43222792917203734,0.43222792917203734,0.5431590942106486,0.43222792917203734,0.4885291836154298
31,proto,13,0.6151717308889791,0.7078878766414419,0.6151717308889791,0.7540717558179796,0.656354166579669,0.6151717308889791,0.6151717308889791,0.6389649471762946,0.6151717308889791,0.6458503213472618
31,proto,14,0.4717231854797306,0.6505193205891218,0.4717231854797306,0.720746848628864,0.6001642283087965,0.4717231854797306,0.4717231854797306,0.5551197182488921,0.4717231854797306,0.4940818638175669
31,proto,15,0.5439501370786156,0.6981731329277027,0.5439501370786156,0.7223339751359701,0.6486928357207513,0.5439501370786156,0.5439501370786156,0.6393537121887084,0.5439501370786156,0.593087943791434
31,proto,16,0.5432112887768747,0.6690643556513228,0.5432112887768747,0.6729513537844702,0.6169117867117868,0.5432112887768747,0.5432112887768747,0.5977806251879382,0.5432112887768747,0.5424066662224113
31,proto,17,0.5281367762369437,0.7152489677563412,0.5281367762369437,0.7231056307077719,0.6838201650598495,0.5281367762369437,0.5281367762369437,0.6599909485797797,0.5281367762369437,0.54687733841765
31,proto,18,0.5944803543572582,0.6525860186442246,0.5944803543572582,0.7409188195781324,0.6746311530547104,0.5944803543572582,0.5944803543572581,0.6306785261876906,0.5944803543572582,0.6097432948998756
31,proto,19,0.6065897165437436,0.6446617229814142,0.6065897165437436,0.7178121274297716,0.6331911508743906,0.6065897165437436,0.6065897165437436,0.6102066319655965,0.6065897165437436,0.6392251360672957
31,clf,0,0.6839150094927743,0.6954475844785493,0.6839150094927743,0.7487210703678779,0.6304421393188142,0.6839150094927743,0.6839150094927742,0.5860583927765106,0.6839150094927743,0.6791424996399361
31,clf,1,0.3550265984459375,0.5073490374391321,0.3550265984459375,0.6379151723652361,0.5347816914836614,0.3550265984459375,0.3550265984459375,0.3497568877285609,0.3550265984459375,0.26881322791939244
31,clf,2,0.5715150980690793,0.6716246500367351,0.5715150980690793,0.692251027448712,0.5444483112700553,0.5715150980690793,0.5715150980690793,0.49471875904455603,0.5715150980690793,0.5541064047783321
31,clf,3,0.507703452998385,0.584667500479853,0.507703452998385,0.6854020136065755,0.6349909015396908,0.507703452998385,0.507703452998385,0.5328315224809879,0.507703452998385,0.4991341766792894
31,clf,4,0.6212140064674084,0.6198156387517675,0.6212140064674084,0.7191270813720148,0.657367568048989,0.6212140064674084,0.6212140064674083,0.5535809681121002,0.6212140064674084,0.6125321008750604
31,clf,5,0.5774578507533864,0.6423010540136354,0.5774578507533864,0.7007807058157312,0.5734642543467545,0.5774578507533864,0.5774578507533865,0.5382148547059324,0.5774578507533864,0.5853621056508806
31,clf,6,0.7234244833567706,0.7095037117410037,0.7234244833567706,0.7490584412819399,0.690515542055898,0.7234244833567706,0.7234244833567706,0.6808926541473457,0.7234244833567706,0.7267693911264015
31,clf,7,0.5786964508054432,0.6760623941279916,0.5786964508054432,0.7253579667214818,0.5966455319815027,0.5786964508054432,0.5786964508054431,0.5811368251139337,0.5786964508054432,0.6037620779221448
31,clf,8,0.6816385278305876,0.656504974594252,0.6816385278305876,0.7219244143448184,0.7164428776841693,0.6816385278305876,0.6816385278305876,0.6667872745332697,0.6816385278305876,0.6841823357148002
31,clf,9,0.40356580029091166,0.6206147429335784,0.40356580029091166,0.6547330102640451,0.5187416751849439,0.40356580029091166,0.40356580029091166,0.43468920789281934,0.40356580029091166,0.35059065778682785
31,clf,10,0.6192612762180334,0.6717216137331341,0.6192612762180334,0.7405203051795246,0.6965969491536259,0.6192612762180334,0.6192612762180334,0.6326086011165315,0.6192612762180334,0.5992580900797134
31,clf,11,0.4703354404742977,0.597466535821211,0.4703354404742977,0.6549314321389403,0.47776590932519813,0.4703354404742977,0.47033544047429765,0.4302174753083938,0.4703354404742977,0.4614487646346758
31,clf,12,0.3623349799369837,0.5525671020931828,0.3623349799369837,0.6174487479520508,0.3958259779880405,0.3623349799369837,0.3623349799369837,0.3185311446705019,0.3623349799369837,0.31625688308331584
31,clf,13,0.5871753181735774,0.6689232338362523,0.5871753181735774,0.7221866636572776,0.5716802927850109,0.5871753181735774,0.5871753181735775,0.5542625527752099,0.5871753181735774,0.5784633506505718
31,clf,14,0.5650764035678446,0.6883736977014638,0.5650764035678446,0.7484530960797692,0.5466751438082882,0.5650764035678446,0.5650764035678447,0.4816920111808728,0.5650764035678446,0.5457899414001051
31,clf,15,0.40339305233556816,0.5523193485331805,0.40339305233556816,0.6677713093075999,0.6055583792372122,0.40339305233556816,0.40339305233556816,0.4520587110978832,0.40339305233556816,0.3670439262805344
31,clf,16,0.3783775872583933,0.5284909449623616,0.3783775872583933,0.6439345335051189,0.5685535610595827,0.3783775872583933,0.3783775872583933,0.4384765224360637,0.3783775872583933,0.32517594105018977
31,clf,17,0.6496040503494778,0.7089219778085065,0.6496040503494778,0.7445991508405265,0.7223335295134121,0.6496040503494778,0.6496040503494778,0.6641821283948732,0.6496040503494778,0.6175233642887737
31,clf,18,0.5325356695720971,0.5508601990933661,0.5325356695720971,0.6697142608299689,0.5852565160979167,0.5325356695720971,0.5325356695720971,0.45385229967954377,0.5325356695720971,0.49892696715031093
31,clf,19,0.47119964487703814,0.6108324086332354,0.47119964487703814,0.6627927431263545,0.5278882424944012,0.47119964487703814,0.47119964487703814,0.46847044945304517,0.47119964487703814,0.4693922539197283
32,proto,0,0.636461266962683,0.7174310219815158,0.636461266962683,0.7781477713223581,0.6729278309085568,0.636461266962683,0.636461266962683,0.6499854733882856,0.636461266962683,0.6645302347056314
32,proto,1,0.5103808139931977,0.6418896617686924,0.5103808139931977,0.6280791343167561,0.598118956663851,0.5103808139931977,0.5103808139931977,0.5579471459477912,0.5103808139931977,0.525015947818186
32,proto,2,0.6517465338666373,0.7003875409928566,0.6517465338666373,0.7344580776902927,0.6461594627823091,0.6517465338666373,0.6517465338666373,0.6535437640915057,0.6517465338666373,0.6757689546833439
32,proto,3,0.6034433620413363,0.6940897355105476,0.6034433620413363,0.7404774144598109,0.6671944340845481,0.6034433620413363,0.6034433620413363,0.6556909572566019,0.6034433620413363,0.6395103206893957
32,proto,4,0.6751178732988996,0.7033695606920212,0.6751178732988996,0.7408657554248593,0.6829570551411831,0.6751178732988996,0.6751178732988996,0.6717273194401393,0.6751178732988996,0.6860633830198128
32,proto,5,0.6320500145753183,0.7179834280635319,0.6320500145753183,0.758153294419909,0.651539057391063,0.6320500145753183,0.6320500145753183,0.6613807117995989,0.6320500145753183,0.6704431306825209
32,proto,6,0.6200851510819793,0.7203220528536939,0.6200851510819793,0.771926403514069,0.659781911189234,0.6200851510819793,0.6200851510819793,0.6592181915317923,0.6200851510819793,0.6701932059642859
32,proto,7,0.5439080419609337,0.686760253383353,0.5439080419609337,0.7400645260771427,0.6123454914538433,0.5439080419609337,0.5439080419609337,0.6058593219069364,0.5439080419609337,0.5832205184100675
32,proto,8,0.6735850720490928,0.7537374866634472,0.6735850720490928,0.7754777114449893,0.7071206172585071,0.6735850720490928,0.6735850720490928,0.7067318660002851,0.6735850720490928,0.6916456296603197
32,proto,9,0.5751528410533889,0.6674864997923512,0.5751528410533889,0.7108259321414816,0.6211590645365623,0.5751528410533889,0.5751528410533888,0.6077016916720612,0.5751528410533889,0.5996667775930744
32,proto,10,0.6559016843901361,0.6941941579831846,0.6559016843901361,0.748801408658178,0.6739007203941207,0.6559016843901361,0.655901684390136,0.6623067308973936,0.6559016843901361,0.6651834734851367
32,proto,11,0.5910154522534966,0.6522698655885917,0.5910154522534966,0.7240126929055148,0.6161916943467429,0.5910154522534966,0.5910154522534965,0.6015796815752763,0.5910154522534966,0.6282097020674298
32,proto,12,0.3807297100371208,0.5911226037379719,0.3807297100371208,0.5925756246930631,0.5059713935780807,0.3807297100371208,0.3807297100371208,0.5080841585338899,0.3807297100371208,0.41898463719493273
32,proto,13,0.6120522317707,0.701314332865807,0.6120522317707,0.7579508954219283,0.6551457031888195,0.6120522317707,0.6120522317707,0.6393194261222384,0.6120522317707,0.6488061502689417
32,proto,14,0.4636590432997071,0.630435438435335,0.4636590432997071,0.6754748589648145,0.5979488174404436,0.4636590432997071,0.4636590432997071,0.5526228910336968,0.4636590432997071,0.48420336581652373
32,proto,15,0.4232554431170905,0.6958475514500988,0.4232554431170905,0.705316935753561,0.6193370946447321,0.4232554431170905,0.4232554431170905,0.6045752259871099,0.4232554431170905,0.46943407284152455
32,proto,16,0.5143905365715041,0.6501171695939985,0.5143905365715041,0.6636548504671824,0.6122701516083957,0.5143905365715041,0.5143905365715041,0.588759511918682,0.5143905365715041,0.5208362052977269
32,proto,17,0.53143738657898,0.7169943271770747,0.53143738657898,0.7205192307623189,0.6871288297792444,0.53143738657898,0.5314373865789799,0.6630804556883504,0.53143738657898,0.5507631432583474
32,proto,18,0.596216847655539,0.64139668996813,0.596216847655539,0.7300079491456872,0.6715093238192642,0.596216847655539,0.596216847655539,0.6199190028819619,0.596216847655539,0.6039572771643447
32,proto,19,0.5907924317624669,0.6746331499247915,0.5907924317624669,0.7194326150533057,0.6293399402914744,0.5907924317624669,0.5907924317624669,0.6230145038634657,0.5907924317624669,0.6315175815871636
32,clf,0,0.6868811820234705,0.6935847559651016,0.6868811820234705,0.7458125805143077,0.6351393553868814,0.6868811820234705,0.6868811820234706,0.5939402106577888,0.6868811820234705,0.681253513473715
32,clf,1,0.3540867529266561,0.5188253308096371,0.3540867529266561,0.6396100513485057,0.5348967472566992,0.3540867529266561,0.35408675292665615,0.35631519636105724,0.3540867529266561,0.26738253729438594
32,clf,2,0.568642036593388,0.6674835183362011,0.568642036593388,0.6909828363312058,0.5454116635283215,0.568642036593388,0.568642036593388,0.48816100130859336,0.568642036593388,0.5485618588097003
32,clf,3,0.5124316732586258,0.5935595385354605,0.5124316732586258,0.6879891074289848,0.6315050351281235,0.5124316732586258,0.5124316732586258,0.5430395683128183,0.5124316732586258,0.5115438709072438
32,clf,4,0.6160771940825601,0.6168613247574474,0.6160771940825601,0.7167725689785289,0.6497152614811589,0.6160771940825601,0.6160771940825601,0.5461615153367468,0.6160771940825601,0.6112832133130888
32,clf,5,0.5811485611043157,0.6567410953225931,0.5811485611043157,0.7123511037062366,0.5782647790370825,0.5811485611043157,0.5811485611043157,0.5449730988384978,0.5811485611043157,0.5930137653466212
32,clf,6,0.7191057844731833,0.695491160962077,0.7191057844731833,0.7417743598088624,0.6773177730189136,0.7191057844731833,0.7191057844731832,0.6611451587338077,0.7191057844731833,0.7184779362215465
32,clf,7,0.5520799773782882,0.6689144270067173,0.5520799773782882,0.7211179427996597,0.5778697756227361,0.5520799773782882,0.5520799773782882,0.5524305968735755,0.5520799773782882,0.5773319549839883
32,clf,8,0.704056826364516,0.6821893222955477,0.704056826364516,0.7322214470189072,0.7172445673604505,0.704056826364516,0.704056826364516,0.6849167343892171,0.704056826364516,0.7034956722738872
32,clf,9,0.3983639402628464,0.6241298043847029,0.3983639402628464,0.6712748485427692,0.5274348054736967,0.3983639402628464,0.3983639402628464,0.43707171127015093,0.3983639402628464,0.3441953925695608
32,clf,10,0.6264866755013756,0.6996989301498134,0.6264866755013756,0.7456283542329314,0.697833923949092,0.6264866755013756,0.6264866755013756,0.64072404322506,0.6264866755013756,0.6078364497400339
32,clf,11,0.46786994894596334,0.5889063681128188,0.46786994894596334,0.648217008660682,0.467108616096819,0.46786994894596334,0.46786994894596334,0.40985302381595307,0.46786994894596334,0.4501671383716507
32,clf,12,0.3561852828220418,0.545155553318963,0.3561852828220418,0.6167132711011988,0.38726538195236465,0.3561852828220418,0.3561852828220418,0.3048866556287444,0.3561852828220418,0.3090185762691162
32,clf,13,0.5765983855360804,0.6602920427799384,0.5765983855360804,0.7216376802528883,0.5661946664016692,0.5765983855360804,0.5765983855360803,0.5402590366656598,0.5765983855360804,0.561226495440081
32,clf,14,0.5659860483956324,0.6875480184145213,0.5659860483956324,0.7503211431764776,0.5509926418168511,0.5659860483956324,0.5659860483956324,0.488634140319743,0.5659860483956324,0.5482366181370655
32,clf,15,0.40731588984757755,0.5499021911418907,0.40731588984757755,0.6592559851439231,0.6076333800589421,0.40731588984757755,0.4073158898475776,0.45261114587980456,0.40731588984757755,0.3691397229567118
32,clf,16,0.38275436439485294,0.5269981605134033,0.38275436439485294,0.6443894154991213,0.5757162299496916,0.38275436439485294,0.38275436439485294,0.4370769129530865,0.38275436439485294,0.3237726259631514
32,clf,17,0.6376713389769288,0.6961021154393712,0.6376713389769288,0.7373029424327668,0.7168482550442289,0.6376713389769288,0.6376713389769288,0.6541610973568346,0.6376713389769288,0.6073769391216982
32,clf,18,0.5244680891595036,0.5527394864434946,0.5244680891595036,0.6665290762456387,0.5906006092217738,0.5244680891595036,0.5244680891595036,0.46413529401138043,0.5244680891595036,0.4946607395584601
32,clf,19,0.4582517256442806,0.5980400890425859,0.4582517256442806,0.6561733712167608,0.5226632281632905,0.4582517256442806,0.4582517256442806,0.45745153682826833,0.4582517256442806,0.45168118140742386
33,proto,0,0.6332073979985584,0.7159351478343832,0.6332073979985584,0.7668703065422593,0.6639255725372175,0.6332073979985584,0.6332073979985584,0.6440206028355643,0.6332073979985584,0.659080685893812
33,proto,1,0.4311931140936591,0.6180848354934168,0.4311931140936591,0.6219899951020021,0.586410449517792,0.4311931140936591,0.4311931140936591,0.519223200556594,0.4311931140936591,0.42885931520785614
33,proto,2,0.5841121317292832,0.6781850902443411,0.5841121317292832,0.7248575292812649,0.6261099528610199,0.5841121317292832,0.5841121317292832,0.6241252559795971,0.5841121317292832,0.6258803107378016
33,proto,3,0.6310584097170772,0.6935697876001908,0.6310584097170772,0.7373349107761233,0.6785067483439251,0.6310584097170772,0.6310584097170772,0.6635668834063844,0.6310584097170772,0.6556664871165452
33,proto,4,0.6770246984972043,0.7084932893047675,0.6770246984972043,0.7549867551302758,0.6871085035155062,0.6770246984972043,0.6770246984972043,0.6790915111422069,0.6770246984972043,0.6984948583919048
33,proto,5,0.6245949041862154,0.7119837676839712,0.6245949041862154,0.7497473984984608,0.6435368196325228,0.6245949041862154,0.6245949041862154,0.650477067277955,0.6245949041862154,0.6623973791586334
33,proto,6,0.6146793202298263,0.7259202496785263,0.6146793202298263,0.7725864121909323,0.6679360665510328,0.6146793202298263,0.6146793202298264,0.6710581190965617,0.6146793202298263,0.6661340818264114
33,proto,7,0.5633693675594208,0.6925186256174831,0.5633693675594208,0.7472532388422646,0.6289868973286366,0.5633693675594208,0.5633693675594207,0.6147009139304777,0.5633693675594208,0.6004754253377538
33,proto,8,0.6680234056288328,0.7447337874611204,0.6680234056288328,0.7730659582093569,0.7026045061159807,0.6680234056288328,0.6680234056288328,0.7000435053304817,0.6680234056288328,0.6887175606640452
33,proto,9,0.5857779089468665,0.6739937989009375,0.5857779089468665,0.7172065907793466,0.6173751691724259,0.5857779089468665,0.5857779089468665,0.6102778282246474,0.5857779089468665,0.609340442541636
33,proto,10,0.6614803561228371,0.6937797502235836,0.6614803561228371,0.7409360066618021,0.6703050643652912,0.6614803561228371,0.6614803561228371,0.6662875002421864,0.6614803561228371,0.675464308298179
33,proto,11,0.5853888311152242,0.6571617075411658,0.5853888311152242,0.7196624249746649,0.613950735814971,0.5853888311152242,0.5853888311152242,0.6026836704059588,0.5853888311152242,0.6231147397048491
33,proto,12,0.3556790263074042,0.5422171852594688,0.3556790263074042,0.5256845231756713,0.4809201420974847,0.3556790263074042,0.3556790263074042,0.4737688615971687,0.3556790263074042,0.38490902691144047
33,proto,13,0.5957058519554669,0.689712815678996,0.5957058519554669,0.7508883001476874,0.6509024831380033,0.5957058519554669,0.5957058519554669,0.6263868571512956,0.5957058519554669,0.6281099344194085
33,proto,14,0.4762980791523883,0.6556841541528233,0.4762980791523883,0.7262706536144173,0.5998394241365175,0.4762980791523883,0.4762980791523883,0.5595503090978851,0.4762980791523883,0.49902872259522124
33,proto,15,0.41084816272467106,0.6753486408937738,0.41084816272467106,0.6829812809174417,0.6025521910161713,0.41084816272467106,0.41084816272467106,0.5893891696709268,0.41084816272467106,0.4605261027511851
33,proto,16,0.5536794059997902,0.6538229007893466,0.5536794059997902,0.6822308351200582,0.6314439993137235,0.5536794059997902,0.5536794059997902,0.599996799983221,0.5536794059997902,0.5495655384013867
33,proto,17,0.5241735162609351,0.7109425259637894,0.5241735162609351,0.7267184098484101,0.6818331945347781,0.5241735162609351,0.5241735162609351,0.6542231704055886,0.5241735162609351,0.5344000656036769
33,proto,18,0.6024635586840787,0.6653565694786101,0.6024635586840787,0.7379038796541834,0.6730187835757844,0.6024635586840787,0.6024635586840787,0.6408580964251748,0.6024635586840787,0.6241823470195261
33,proto,19,0.5939578359318163,0.6809227063209383,0.5939578359318163,0.7388212651957202,0.6316577427321829,0.5939578359318163,0.5939578359318163,0.6262867450141909,0.5939578359318163,0.6403333229400635
33,clf,0,0.6816084200642987,0.6865727980683745,0.6816084200642987,0.7408975053564343,0.6230303716093836,0.6816084200642987,0.6816084200642987,0.573399293906866,0.6816084200642987,0.672243839839438
33,clf,1,0.35352697149417134,0.5053697099312553,0.35352697149417134,0.6158591890572347,0.5283042204660469,0.35352697149417134,0.35352697149417134,0.3478489848384728,0.35352697149417134,0.27334118933123347
33,clf,2,0.5707161271599651,0.667246840085993,0.5707161271599651,0.6907872879031518,0.5393845876292467,0.5707161271599651,0.570716127159965,0.48471988658892284,0.5707161271599651,0.5528982997920896
33,clf,3,0.5150366455190584,0.5771156413615592,0.5150366455190584,0.6815385653118572,0.6377563631014616,0.5150366455190584,0.5150366455190584,0.5361027864775958,0.5150366455190584,0.508449701893585
33,clf,4,0.6184020897763411,0.6214856333828708,0.6184020897763411,0.7154908024001416,0.6572642748114887,0.6184020897763411,0.6184020897763411,0.5542191511277681,0.6184020897763411,0.6115383973657027
33,clf,5,0.5972595613763078,0.6613245476927891,0.5972595613763078,0.7154304843456154,0.6003440736327766,0.5972595613763078,0.5972595613763079,0.5751442945812679,0.5972595613763078,0.6103851319702298
33,clf,6,0.7183253986049882,0.7019721487782677,0.7183253986049882,0.742259723328984,0.6752923613075178,0.7183253986049882,0.7183253986049882,0.6654084627359826,0.7183253986049882,0.7183563085303989
33,clf,7,0.5659812162849934,0.6743918343145983,0.5659812162849934,0.7267462406696495,0.5882651570876427,0.5659812162849934,0.5659812162849933,0.5689596975671463,0.5659812162849934,0.5911821328597342
33,clf,8,0.6891908379836977,0.66271612304179,0.6891908379836977,0.7226528683139116,0.713676094979001,0.6891908379836977,0.6891908379836977,0.6694783972233787,0.6891908379836977,0.6892949834885476
33,clf,9,0.40254919855263416,0.6232677882062767,0.40254919855263416,0.6672538826270004,0.5362009890267043,0.40254919855263416,0.40254919855263416,0.4448903419258905,0.40254919855263416,0.34917687554453614
33,clf,10,0.6168761649916744,0.680611063810289,0.6168761649916744,0.7415034830818257,0.6947243266172556,0.6168761649916744,0.6168761649916744,0.6291001143378072,0.6168761649916744,0.5964758547792399
33,clf,11,0.46893821709799605,0.5786184079657277,0.46893821709799605,0.6436073526383838,0.49056567911239674,0.46893821709799605,0.46893821709799605,0.43823369277958757,0.46893821709799605,0.44746923703530395
33,clf,12,0.32769051223439305,0.5007835971010377,0.32769051223439305,0.5706315006908289,0.34994393393805,0.32769051223439305,0.32769051223439305,0.2564863209151385,0.32769051223439305,0.28072315478839144
33,clf,13,0.5710219440082897,0.657800291118415,0.5710219440082897,0.718296155882109,0.5622181883209034,0.5710219440082897,0.5710219440082897,0.5376334809900221,0.5710219440082897,0.5620647780591792
33,clf,14,0.5658940524430827,0.7001615735128703,0.5658940524430827,0.7521100400555115,0.541221044965769,0.5658940524430827,0.5658940524430827,0.48381872776439894,0.5658940524430827,0.548264492279966
33,clf,15,0.3913240196878772,0.5506347918321608,0.3913240196878772,0.6605678034725474,0.592057332038465,0.3913240196878772,0.3913240196878772,0.44134878364473734,0.3913240196878772,0.3527770522407034
33,clf,16,0.3837852766146381,0.5409786959696372,0.3837852766146381,0.6516067399854292,0.5715521165601998,0.3837852766146381,0.3837852766146381,0.43964672098402546,0.3837852766146381,0.3274588571969626
33,clf,17,0.6504019990813414,0.6971902217924244,0.6504019990813414,0.744743856290913,0.7203719029270514,0.6504019990813414,0.6504019990813414,0.6573496718134995,0.6504019990813414,0.617390312301185
33,clf,18,0.516398464392409,0.5487765039453361,0.516398464392409,0.6686727379067248,0.5914952666680195,0.516398464392409,0.516398464392409,0.4566182174485259,0.516398464392409,0.4843646346501128
33,clf,19,0.46805310452422155,0.5974647837673838,0.46805310452422155,0.656679920897414,0.5355520449756642,0.46805310452422155,0.46805310452422155,0.46367688080691527,0.46805310452422155,0.46117281313281466
34,proto,0,0.6254906102333139,0.7213601266283419,0.6254906102333139,0.7733030840658877,0.6644308179251341,0.6254906102333139,0.6254906102333138,0.6432605502613336,0.6254906102333139,0.654967063211817
34,proto,1,0.4416632756710756,0.6246849355353052,0.4416632756710756,0.6107013180592631,0.5945973511571101,0.4416632756710756,0.4416632756710756,0.5356631498067015,0.4416632756710756,0.4468623758619794
34,proto,2,0.5847570326491777,0.6631484826504457,0.5847570326491777,0.7233273698605451,0.6190005010157006,0.5847570326491777,0.5847570326491778,0.6189511520230333,0.5847570326491777,0.6278720784829062
34,proto,3,0.6317589728345244,0.6962602549568649,0.6317589728345244,0.7341069491599154,0.6798963767422826,0.6317589728345244,0.6317589728345245,0.6626563256750758,0.6317589728345244,0.6519793944679111
34,proto,4,0.6619862409366564,0.6974682810618908,0.6619862409366564,0.7530705087357048,0.6816018974865262,0.6619862409366564,0.6619862409366564,0.6633875280916917,0.6619862409366564,0.6846926410729602
34,proto,5,0.6105813187071539,0.7081959289855939,0.6105813187071539,0.7470613704979837,0.6373816582527778,0.6105813187071539,0.6105813187071539,0.6461640412159924,0.6105813187071539,0.6510801132958876
34,proto,6,0.6464034275275865,0.7368242438298772,0.6464034275275865,0.7737609061109396,0.6836965613537165,0.6464034275275865,0.6464034275275865,0.6848598717141494,0.6464034275275865,0.6878769796141482
34,proto,7,0.563766529883863,0.6942544556799378,0.563766529883863,0.7523100602369155,0.6310515035901294,0.563766529883863,0.563766529883863,0.6190943802102853,0.563766529883863,0.603743143146098
34,proto,8,0.6692574523458643,0.7473523781474941,0.6692574523458643,0.7635758937139928,0.7010924497941169,0.6692574523458643,0.6692574523458642,0.7051253743551972,0.6692574523458643,0.6857038467254054
34,proto,9,0.5812920376202115,0.6613621689096352,0.5812920376202115,0.7126684570489583,0.6139912367814622,0.5812920376202115,0.5812920376202115,0.6028544370591481,0.5812920376202115,0.6029546673867359
34,proto,10,0.6773513305913583,0.7015547652174728,0.6773513305913583,0.745282333983835,0.676729601492974,0.6773513305913583,0.6773513305913583,0.677004480794674,0.6773513305913583,0.693685928097393
34,proto,11,0.5663053393986234,0.6555725128189638,0.5663053393986234,0.7280679369322597,0.6138103414385444,0.5663053393986234,0.5663053393986233,0.5999092877339359,0.5663053393986234,0.6060871228033735
34,proto,12,0.37361043133742694,0.5623622845661245,0.37361043133742694,0.5569284767631015,0.4940900925047905,0.37361043133742694,0.37361043133742694,0.49277202865730324,0.37361043133742694,0.4016873335810168
34,proto,13,0.5994518528031306,0.6969861087794116,0.5994518528031306,0.7522572957268001,0.6475704989738267,0.5994518528031306,0.5994518528031306,0.6309581199154566,0.5994518528031306,0.6353191270700979
34,proto,14,0.45096973491133957,0.6589943938437113,0.45096973491133957,0.7085628259236709,0.5889890471032287,0.45096973491133957,0.45096973491133957,0.5538440040643613,0.45096973491133957,0.4737755234996585
34,proto,15,0.45526464494255037,0.6989464368568306,0.45526464494255037,0.7215621384719408,0.6221806747038056,0.45526464494255037,0.45526464494255037,0.6128233807780493,0.45526464494255037,0.5207019858946091
34,proto,16,0.5465022348976332,0.6750915404472957,0.5465022348976332,0.6941021293516276,0.6271506016820285,0.5465022348976332,0.5465022348976332,0.604111754041897,0.5465022348976332,0.5455274803433495
34,proto,17,0.5132900233734767,0.7051677809771479,0.5132900233734767,0.7627600480460113,0.6802234671216922,0.5132900233734767,0.5132900233734767,0.637656359891416,0.5132900233734767,0.5296015051930123
34,proto,18,0.5982767206658128,0.6460764134555593,0.5982767206658128,0.727832425657875,0.6765735790467704,0.5982767206658128,0.5982767206658128,0.6267524169212737,0.5982767206658128,0.6021914941821643
34,proto,19,0.646768809432057,0.6703589442293598,0.646768809432057,0.716647144161485,0.63828641026157,0.646768809432057,0.646768809432057,0.628298891128459,0.646768809432057,0.664103457357798
34,clf,0,0.6856778935491602,0.6877548941049428,0.6856778935491602,0.741139687987449,0.6302439360813812,0.6856778935491602,0.6856778935491602,0.5836397755782496,0.6856778935491602,0.6777209402066524
34,clf,1,0.35349621325145014,0.520419759777051,0.35349621325145014,0.6461310296787274,0.5335579797604904,0.35349621325145014,0.3534962132514501,0.35257877672554777,0.35349621325145014,0.27226976352419885
34,clf,2,0.5651891218410193,0.6625284167717866,0.5651891218410193,0.6881920285505538,0.5407731936586052,0.5651891218410193,0.5651891218410192,0.4865857653311071,0.5651891218410193,0.5492962584618062
34,clf,3,0.5096222655480827,0.5916348925353482,0.5096222655480827,0.683733876183152,0.634906031108634,0.5096222655480827,0.5096222655480827,0.5423107891763257,0.5096222655480827,0.5047529342912502
34,clf,4,0.623422002253808,0.6187376767894738,0.623422002253808,0.7170989330514512,0.6555949864197779,0.623422002253808,0.623422002253808,0.5553700642602433,0.623422002253808,0.6166630590537772
34,clf,5,0.5732771457986239,0.6299880032840532,0.5732771457986239,0.7015338743319098,0.5823327349080939,0.5732771457986239,0.5732771457986239,0.5362449284910378,0.5732771457986239,0.5843530947899206
34,clf,6,0.7196889830572262,0.7083546424006892,0.7196889830572262,0.748695135623765,0.6896976394686424,0.7196889830572262,0.7196889830572262,0.6802128897978917,0.7196889830572262,0.7235653557381249
34,clf,7,0.5613985168951496,0.6657966336792381,0.5613985168951496,0.7224489555410936,0.5880967391074567,0.5613985168951496,0.5613985168951496,0.563257945873205,0.5613985168951496,0.5808271564495395
34,clf,8,0.6951270859036832,0.6634170645307641,0.6951270859036832,0.7276745466472379,0.7148485329898753,0.6951270859036832,0.6951270859036832,0.6703039957689136,0.6951270859036832,0.6959957455839643
34,clf,9,0.4001416923519676,0.5955148133821302,0.4001416923519676,0.6311593834452753,0.5363640400257246,0.4001416923519676,0.4001416923519676,0.4406512499271955,0.4001416923519676,0.3452922979789198
34,clf,10,0.6220093532935433,0.6936948181686893,0.6220093532935433,0.7431653479501803,0.6965470768957476,0.6220093532935433,0.6220093532935435,0.6368447847041466,0.6220093532935433,0.6020379629116667
34,clf,11,0.48360692526945753,0.593877080680668,0.48360692526945753,0.6556304159076396,0.4892935066060189,0.48360692526945753,0.4836069252694575,0.4375100392788875,0.48360692526945753,0.4740893013225538
34,clf,12,0.35199026738577144,0.5353819834860007,0.35199026738577144,0.6048611733805775,0.39035033558486876,0.35199026738577144,0.35199026738577144,0.3150865155839515,0.35199026738577144,0.3051904511956353
34,clf,13,0.5812803290444325,0.6553019879775474,0.5812803290444325,0.7176240260365878,0.5657471869624358,0.5812803290444325,0.5812803290444325,0.5383055888410109,0.5812803290444325,0.5664214291189232
34,clf,14,0.5705486759412836,0.6932513304858775,0.5705486759412836,0.7520095304589619,0.560819831114981,0.5705486759412836,0.5705486759412836,0.5005636723362759,0.5705486759412836,0.5543975184194401
34,clf,15,0.40736876428899255,0.5599475196689045,0.40736876428899255,0.6621741604295055,0.6090277199115206,0.40736876428899255,0.4073687642889925,0.45953896344868295,0.40736876428899255,0.37111366400963197
34,clf,16,0.3879024207294573,0.5295225763698421,0.3879024207294573,0.6557339902700606,0.5801742048319243,0.3879024207294573,0.38790242072945724,0.440708530690381,0.3879024207294573,0.3297380423323897
34,clf,17,0.6479444991206024,0.7041466028064757,0.6479444991206024,0.7449175649324788,0.7188240618712098,0.6479444991206024,0.6479444991206023,0.6572308139320657,0.6479444991206024,0.6156315396273281
34,clf,18,0.5266808241313375,0.5494934826996445,0.5266808241313375,0.6684585171567341,0.5969992885892339,0.5266808241313375,0.5266808241313375,0.4680894915094228,0.5266808241313375,0.4981034953667238
34,clf,19,0.4598912050289634,0.5983188488001813,0.4598912050289634,0.6479024335017737,0.5254114437904063,0.4598912050289634,0.45989120502896336,0.4531418120479463,0.4598912050289634,0.451617734903215
35,proto,0,0.6278576939699813,0.7242972200577088,0.6278576939699813,0.7758709705633404,0.6685432498870956,0.6278576939699813,0.6278576939699813,0.6492122989818672,0.6278576939699813,0.6570125287453144
35,proto,1,0.4738472698063801,0.6466933538010053,0.4738472698063801,0.6191028865761566,0.5881615115276828,0.4738472698063801,0.4738472698063801,0.5514956535677018,0.4738472698063801,0.4976737652839167
35,proto,2,0.5949891198524199,0.6976856827226419,0.5949891198524199,0.7436737086778337,0.6310152745838035,0.5949891198524199,0.59498911985242,0.6295383527473822,0.5949891198524199,0.6360874406812684
35,proto,3,0.6138731011547537,0.6971821841224445,0.6138731011547537,0.7404760590502879,0.67396720489625,0.6138731011547537,0.6138731011547536,0.6634271723702527,0.6138731011547537,0.6492037982291147
35,proto,4,0.6732104905493673,0.7038822659034916,0.6732104905493673,0.7512139041774412,0.6830201711016741,0.6732104905493673,0.6732104905493672,0.6706963326761541,0.6732104905493673,0.691388124671233
35,proto,5,0.6011219045801254,0.7203923841019987,0.6011219045801254,0.7619174467382437,0.6336142655371064,0.6011219045801254,0.6011219045801253,0.6497606245890621,0.6011219045801254,0.6488332839329625
35,proto,6,0.624280073593045,0.7347803291458556,0.624280073593045,0.7748413394122879,0.6767114036279887,0.624280073593045,0.624280073593045,0.6788613937882921,0.624280073593045,0.6730985206995216
35,proto,7,0.557351810085414,0.6984070277697223,0.557351810085414,0.7516350878995022,0.6314261762620602,0.557351810085414,0.557351810085414,0.6198202804934227,0.557351810085414,0.597556109451661
35,proto,8,0.6643445897040917,0.747055897999263,0.6643445897040917,0.7654588805997677,0.7038741663459858,0.6643445897040917,0.6643445897040917,0.7029543102707749,0.6643445897040917,0.6795412083025846
35,proto,9,0.5758958709893366,0.6631049744516913,0.5758958709893366,0.7121930229562556,0.6110761250228411,0.5758958709893366,0.5758958709893365,0.6003998690426895,0.5758958709893366,0.6049461078250022
35,proto,10,0.6642033433931063,0.6948891681071105,0.6642033433931063,0.7400695316605785,0.6696951713435886,0.6642033433931063,0.6642033433931063,0.6662055494744386,0.6642033433931063,0.677337471757728
35,proto,11,0.6005313649049194,0.6531820026551676,0.6005313649049194,0.7163114611605732,0.6112469330376172,0.6005313649049194,0.6005313649049194,0.6022917018104976,0.6005313649049194,0.6355329982240068
35,proto,12,0.3998699790537296,0.627641477761082,0.3998699790537296,0.6411010244814477,0.5091755437448434,0.3998699790537296,0.3998699790537296,0.5140379842118094,0.3998699790537296,0.44282492666504314
35,proto,13,0.5906601991963271,0.7067043316599588,0.5906601991963271,0.7637419798500744,0.6438590309582356,0.5906601991963271,0.5906601991963271,0.6275694189892013,0.5906601991963271,0.6359026300454893
35,proto,14,0.4804576900857077,0.6317109534427476,0.4804576900857077,0.6492112689781768,0.6016681089204243,0.4804576900857077,0.4804576900857077,0.5568392353303987,0.4804576900857077,0.5064779214811832
35,proto,15,0.45194256887825246,0.7008500398407653,0.45194256887825246,0.7099669205331535,0.6200559760798279,0.45194256887825246,0.45194256887825246,0.618940881024256,0.45194256887825246,0.5168474822559591
35,proto,16,0.5661591680517942,0.6694445824780046,0.5661591680517942,0.6889520147060626,0.6250202562716902,0.5661591680517942,0.5661591680517943,0.6043057385808626,0.5661591680517942,0.5624482704525304
35,proto,17,0.5080163321622589,0.7236888501155906,0.5080163321622589,0.7428102969491994,0.67496907177506,0.5080163321622589,0.5080163321622589,0.6517098545765956,0.5080163321622589,0.5237843938635667
35,proto,18,0.6045598583745542,0.6518291970888289,0.6045598583745542,0.7145318523735673,0.6721014421745151,0.6045598583745542,0.6045598583745542,0.6298870740384093,0.6045598583745542,0.5997610255447485
35,proto,19,0.5815161732136964,0.6726274193371312,0.5815161732136964,0.7337378027035059,0.6239028423583082,0.5815161732136964,0.5815161732136964,0.6156447831296767,0.5815161732136964,0.6284251184001614
35,clf,0,0.6870021706398541,0.6883713522239996,0.6870021706398541,0.7423345341191461,0.6351506093444754,0.6870021706398541,0.6870021706398541,0.5874275955366228,0.6870021706398541,0.6802632985261496
35,clf,1,0.35408963360799856,0.506035430806107,0.35408963360799856,0.6526545325773009,0.5363719130646243,0.35408963360799856,0.3540896336079985,0.3510736572104234,0.35408963360799856,0.2705286327064446
35,clf,2,0.56522573437163,0.6666687442300447,0.56522573437163,0.6898635547297483,0.5486736287920757,0.56522573437163,0.56522573437163,0.49011333678831226,0.56522573437163,0.5450418958339669
35,clf,3,0.5150283751758493,0.5962685915770725,0.5150283751758493,0.6910817982100139,0.6407453245649624,0.5150283751758493,0.5150283751758493,0.5533553574146873,0.5150283751758493,0.5158176700958477
35,clf,4,0.6192566299578036,0.6155165746050874,0.6192566299578036,0.7141976919285785,0.6462611888023131,0.6192566299578036,0.6192566299578036,0.5487052792667623,0.6192566299578036,0.6138585515168618
35,clf,5,0.5928523047727408,0.6599385790750056,0.5928523047727408,0.7159424045982485,0.5910654857064883,0.5928523047727408,0.5928523047727408,0.5597684419593548,0.5928523047727408,0.6052334853000583
35,clf,6,0.7297014880020086,0.7100448392788021,0.7297014880020086,0.7493442939139052,0.6874774780678081,0.7297014880020086,0.7297014880020087,0.680006430803831,0.7297014880020086,0.7300704526439197
35,clf,7,0.5546254775077795,0.6602851493956959,0.5546254775077795,0.7175747316301742,0.59003774376862,0.5546254775077795,0.5546254775077795,0.5597144972174286,0.5546254775077795,0.5742671258099783
35,clf,8,0.7032406642925516,0.6744728562393453,0.7032406642925516,0.7280977423504214,0.7193823419029821,0.7032406642925516,0.7032406642925515,0.6799300933344359,0.7032406642925516,0.701599008675547
35,clf,9,0.40412929873158027,0.6064732501966148,0.40412929873158027,0.649476681223391,0.5391511992560121,0.40412929873158027,0.40412929873158027,0.4451200801888845,0.40412929873158027,0.3470477991475248
35,clf,10,0.6085391944109578,0.6939251455374147,0.6085391944109578,0.7370371805404171,0.6908426974495411,0.6085391944109578,0.6085391944109578,0.6261431767947128,0.6085391944109578,0.591102397950291
35,clf,11,0.4640030524071206,0.5880464802457309,0.4640030524071206,0.6543052256523239,0.4801511548270213,0.4640030524071206,0.4640030524071206,0.4238734868512237,0.4640030524071206,0.4476398174056091
35,clf,12,0.36771488465705443,0.5474685071578971,0.36771488465705443,0.6085609416591415,0.39679236178235255,0.36771488465705443,0.36771488465705443,0.31991730876161434,0.36771488465705443,0.3207180656883564
35,clf,13,0.5675636395940544,0.6626550164366514,0.5675636395940544,0.7189432985760138,0.55547002118546,0.5675636395940544,0.5675636395940544,0.531582284481719,0.5675636395940544,0.5580695718736296
35,clf,14,0.572246605279657,0.6895953817781518,0.572246605279657,0.7481360724230026,0.5582617107959985,0.572246605279657,0.572246605279657,0.4960075315826694,0.572246605279657,0.5530794739107816
35,clf,15,0.40042613640323516,0.5374111232869094,0.40042613640323516,0.6566958885499471,0.6014973143204233,0.40042613640323516,0.40042613640323516,0.44618385028298674,0.40042613640323516,0.36142688601628675
35,clf,16,0.38229159687596614,0.526817201512791,0.38229159687596614,0.6517500355612137,0.5684299534506779,0.38229159687596614,0.38229159687596614,0.4332879379716069,0.38229159687596614,0.3265177262301028
35,clf,17,0.6328855980150433,0.680450259121947,0.6328855980150433,0.7306227797611974,0.7141043251328436,0.6328855980150433,0.6328855980150433,0.6485431511109595,0.6328855980150433,0.6055000188562835
35,clf,18,0.530677444255796,0.5549699085638635,0.530677444255796,0.6726376381938686,0.6048683924006871,0.530677444255796,0.530677444255796,0.48008826541589833,0.530677444255796,0.5020012815627344
35,clf,19,0.4802049335292073,0.6001956730044432,0.4802049335292073,0.6557425464703016,0.530324465737195,0.4802049335292073,0.48020493352920723,0.4691290566870322,0.4802049335292073,0.4771177185194664
36,proto,0,0.6099560250054291,0.7126557181316369,0.6099560250054291,0.7670146553086141,0.6612068787737942,0.6099560250054291,0.6099560250054292,0.6383756444251047,0.6099560250054291,0.6411454052604659
36,proto,1,0.49965622320559805,0.6324176398303699,0.49965622320559805,0.6041444018617831,0.5986551759643688,0.49965622320559805,0.499656223205598,0.5561888417173219,0.49965622320559805,0.5141047875910796
36,proto,2,0.6095168604885096,0.6943096280744949,0.6095168604885096,0.7421684952735463,0.6338901528304726,0.6095168604885096,0.6095168604885097,0.6308931594583724,0.6095168604885096,0.6461956823251483
36,proto,3,0.6380254769316432,0.7002825774210001,0.6380254769316432,0.7318465085128611,0.6746472822409437,0.6380254769316432,0.6380254769316431,0.664240095680309,0.6380254769316432,0.6577432832809547
36,proto,4,0.6734890803127453,0.6995112740158419,0.6734890803127453,0.7412639827840846,0.6776242195974644,0.6734890803127453,0.6734890803127453,0.66615769349164,0.6734890803127453,0.687057108263385
36,proto,5,0.6099472900361972,0.7140301756423254,0.6099472900361972,0.7529297578937157,0.6284392284461089,0.6099472900361972,0.6099472900361972,0.6424195003165758,0.6099472900361972,0.6526016606357543
36,proto,6,0.6088478919406248,0.733816254197727,0.6088478919406248,0.7757947675078061,0.6669838362913751,0.6088478919406248,0.6088478919406249,0.6700475795771761,0.6088478919406248,0.661781021688725
36,proto,7,0.5577914392283565,0.6872807729363661,0.5577914392283565,0.7388073619193,0.6312960561111576,0.5577914392283565,0.5577914392283565,0.6164773341036787,0.5577914392283565,0.5940463271590297
36,proto,8,0.6552272332551802,0.7371597866603592,0.6552272332551802,0.784822627398709,0.6952991668913217,0.6552272332551802,0.6552272332551802,0.6876641173894548,0.6552272332551802,0.6855834286553254
36,proto,9,0.5961606279067585,0.682596367828232,0.5961606279067585,0.7274888412380054,0.6221147870647872,0.5961606279067585,0.5961606279067585,0.6133010483238224,0.5961606279067585,0.6192179589872844
36,proto,10,0.6518862004491447,0.6925546268907551,0.6518862004491447,0.7418755985471469,0.6694855015629744,0.6518862004491447,0.6518862004491447,0.663682601389777,0.6518862004491447,0.6695477548341315
36,proto,11,0.5897387528675556,0.6598827753251006,0.5897387528675556,0.7274203020456377,0.617246979751727,0.5897387528675556,0.5897387528675556,0.6059438965996762,0.5897387528675556,0.6288204973345575
36,proto,12,0.3782542755118948,0.6091051324496874,0.3782542755118948,0.6078716008485432,0.5035734945381105,0.3782542755118948,0.3782542755118947,0.5102938450869374,0.3782542755118948,0.42000308136264936
36,proto,13,0.5954638747226996,0.705323396295791,0.5954638747226996,0.7599924815163781,0.6450024908991846,0.5954638747226996,0.5954638747226996,0.6300530294065834,0.5954638747226996,0.6353491204461126
36,proto,14,0.4745154949526281,0.6297714992551369,0.4745154949526281,0.677051235599651,0.5925446927858091,0.4745154949526281,0.4745154949526281,0.5485952290795582,0.4745154949526281,0.4999082935980545
36,proto,15,0.4196137043489832,0.68859546671436,0.4196137043489832,0.7056145895284829,0.6039850117433176,0.4196137043489832,0.4196137043489832,0.5909601401335853,0.4196137043489832,0.47640660189355827
36,proto,16,0.5556361320329628,0.6706509469477087,0.5556361320329628,0.6847796566507491,0.6238199916146221,0.5556361320329628,0.5556361320329628,0.6015434262307588,0.5556361320329628,0.5432821974573288
36,proto,17,0.4957962031318953,0.6973694672284163,0.4957962031318953,0.7130274948660189,0.6744958601607094,0.4957962031318953,0.4957962031318953,0.6361481428590032,0.4957962031318953,0.5006666185296835
36,proto,18,0.5807509341538505,0.6562001124076426,0.5807509341538505,0.7402356399482417,0.6729284722702193,0.5807509341538505,0.5807509341538506,0.6293630919489153,0.5807509341538505,0.6011815256001313
36,proto,19,0.6570516337970084,0.6801764038924729,0.6570516337970084,0.7401026367007613,0.6472619125040923,0.6570516337970084,0.6570516337970085,0.6345663582096998,0.6570516337970084,0.6794707511556776
36,clf,0,0.6939967437149805,0.6965978156866324,0.6939967437149805,0.7432248272240647,0.6262381284225511,0.6939967437149805,0.6939967437149805,0.5882914306340499,0.6939967437149805,0.6835552047030544
36,clf,1,0.35022385217161095,0.5109649144333734,0.35022385217161095,0.6514321585872482,0.5296575755050639,0.35022385217161095,0.35022385217161095,0.3483950302353616,0.35022385217161095,0.2667278464505939
36,clf,2,0.5850516055477463,0.6798294456194337,0.5850516055477463,0.6969891475654177,0.5428501772961173,0.5850516055477463,0.5850516055477462,0.49496974859940124,0.5850516055477463,0.565833929642925
36,clf,3,0.5149573803195382,0.5795048313035821,0.5149573803195382,0.6810882916133967,0.6431883766896669,0.5149573803195382,0.5149573803195382,0.5436682147723911,0.5149573803195382,0.5097486679791787
36,clf,4,0.6153294249611782,0.6060148336010711,0.6153294249611782,0.7109794644599599,0.6547849191825315,0.6153294249611782,0.6153294249611783,0.5523290726085015,0.6153294249611782,0.6108571256570652
36,clf,5,0.5841567358274892,0.6728726722642695,0.5841567358274892,0.714046687177663,0.5866214348261153,0.5841567358274892,0.5841567358274893,0.5669599567430688,0.5841567358274892,0.6015068482474633
36,clf,6,0.7128022961446355,0.6972154553650255,0.7128022961446355,0.7409524675327931,0.6723292619474164,0.7128022961446355,0.7128022961446355,0.6612867389649586,0.7128022961446355,0.7143068818585554
36,clf,7,0.5480052071567647,0.6558039233352961,0.5480052071567647,0.7162547636074916,0.5889755521673548,0.5480052071567647,0.5480052071567647,0.5569661318811949,0.5480052071567647,0.5680386764916218
36,clf,8,0.7123165761002135,0.6704403093114264,0.7123165761002135,0.7314528343393023,0.7210327132285952,0.7123165761002135,0.7123165761002136,0.6805200715167423,0.7123165761002135,0.7101161054034859
36,clf,9,0.4077589572230901,0.6122462005892502,0.4077589572230901,0.6589070309512214,0.5430576568816421,0.4077589572230901,0.4077589572230901,0.4536834521340187,0.4077589572230901,0.35718604656919667
36,clf,10,0.6147288493638758,0.6663981158243992,0.6147288493638758,0.7330342250577679,0.6920130749367244,0.6147288493638758,0.6147288493638758,0.6249072572349652,0.6147288493638758,0.5946613438996475
36,clf,11,0.46983513117275416,0.5846513139790039,0.46983513117275416,0.6508153868743456,0.4772521230737382,0.46983513117275416,0.46983513117275416,0.42013549643692855,0.46983513117275416,0.45479331661100797
36,clf,12,0.36400112885538544,0.5490368607417588,0.36400112885538544,0.6082688772763846,0.3977580647335252,0.36400112885538544,0.3640011288553854,0.31659135832489405,0.36400112885538544,0.3156380903443408
36,clf,13,0.5735545275343421,0.6586596450782283,0.5735545275343421,0.7192700272710566,0.5656285210227978,0.5735545275343421,0.5735545275343421,0.5409558640048968,0.5735545275343421,0.5628146350873735
36,clf,14,0.5655007929772334,0.7033012520951345,0.5655007929772334,0.7554792777230566,0.5465833045760448,0.5655007929772334,0.5655007929772334,0.48524216632939643,0.5655007929772334,0.5467755973883907
36,clf,15,0.38908535858396115,0.5413243608997456,0.38908535858396115,0.6570160398938375,0.5926538667703956,0.38908535858396115,0.3890853585839611,0.4394048213279789,0.38908535858396115,0.35177775085684204
36,clf,16,0.38202676004286823,0.5320389371687717,0.38202676004286823,0.6514293188974101,0.5737804107760303,0.38202676004286823,0.3820267600428683,0.4413220407561531,0.38202676004286823,0.3278974726325491
36,clf,17,0.6409251150158488,0.7076507837899477,0.6409251150158488,0.7380026221232328,0.7154137344848619,0.6409251150158488,0.6409251150158488,0.656812782163573,0.6409251150158488,0.6096642549056732
36,clf,18,0.5237182756836205,0.5426731530789638,0.5237182756836205,0.659171767903812,0.5929225625035095,0.5237182756836205,0.5237182756836205,0.4595467983426196,0.5237182756836205,0.4939602428682873
36,clf,19,0.4575648225319089,0.6055940061905595,0.4575648225319089,0.6582506898547695,0.5198808074306158,0.4575648225319089,0.4575648225319089,0.45618717715626284,0.4575648225319089,0.4491937809950561
37,proto,0,0.6252052369300003,0.7200663582245173,0.6252052369300003,0.7735759710933142,0.6682759373324393,0.6252052369300003,0.6252052369300003,0.6451087833411977,0.6252052369300003,0.6535733811821037
37,proto,1,0.5089072060987183,0.6378094375189052,0.5089072060987183,0.6150689119674398,0.611609253312692,0.5089072060987183,0.5089072060987183,0.5632133755900393,0.5089072060987183,0.5164643236458563
37,proto,2,0.645928393881693,0.7085594554726069,0.645928393881693,0.7384192605868416,0.6418509589011494,0.645928393881693,0.645928393881693,0.6491099890875123,0.645928393881693,0.6687389041039502
37,proto,3,0.5949687692326134,0.6882379296309319,0.5949687692326134,0.7398629102493779,0.6637582036902643,0.5949687692326134,0.5949687692326134,0.6485828718791085,0.5949687692326134,0.6339997914749709
37,proto,4,0.6647947193951536,0.7058679495130122,0.6647947193951536,0.7529595171150233,0.6844084250019635,0.6647947193951536,0.6647947193951536,0.6670439771208767,0.6647947193951536,0.6844702400959815
37,proto,5,0.5870637150028579,0.7206958079118745,0.5870637150028579,0.7568995001583567,0.6311182133574393,0.5870637150028579,0.5870637150028579,0.6496055557634939,0.5870637150028579,0.6402289650236516
37,proto,6,0.6406370468816021,0.734096909937596,0.6406370468816021,0.779669394649637,0.6783661651763112,0.6406370468816021,0.6406370468816021,0.6798835360022013,0.6406370468816021,0.6869981659210097
37,proto,7,0.5496366020486476,0.6917897424312517,0.5496366020486476,0.749814880738997,0.6291994188852215,0.5496366020486476,0.5496366020486477,0.613344681562993,0.5496366020486476,0.5900548845153475
37,proto,8,0.6665185748656093,0.7433554517226661,0.6665185748656093,0.7757803111588857,0.7051043799698137,0.6665185748656093,0.6665185748656093,0.700617661549419,0.6665185748656093,0.687654266276746
37,proto,9,0.5865406390261885,0.6722329560368574,0.5865406390261885,0.720914180764558,0.6139027715338217,0.5865406390261885,0.5865406390261884,0.6029037973752498,0.5865406390261885,0.6034196047375661
37,proto,10,0.6658902146321328,0.7017281227282021,0.6658902146321328,0.7457271964474597,0.674100930810421,0.6658902146321328,0.6658902146321328,0.6737809307986362,0.6658902146321328,0.6833332479295647
37,proto,11,0.5852122732264923,0.6521698911538033,0.5852122732264923,0.7147558286936351,0.6105373618188628,0.5852122732264923,0.5852122732264923,0.5982986932156648,0.5852122732264923,0.6223454565374811
37,proto,12,0.37509844263861863,0.591198074885813,0.37509844263861863,0.6257542255083952,0.49223684959938463,0.37509844263861863,0.3750984426386186,0.4817600148585639,0.37509844263861863,0.4093579669652276
37,proto,13,0.6015011323400806,0.7011092173491227,0.6015011323400806,0.7547366370145213,0.6395495440615858,0.6015011323400806,0.6015011323400805,0.6304208241164471,0.6015011323400806,0.6459096486139182
37,proto,14,0.45589885946391634,0.6357218862713823,0.45589885946391634,0.6975792724070315,0.5825840626876437,0.45589885946391634,0.45589885946391634,0.5401759042507852,0.45589885946391634,0.47990984535040626
37,proto,15,0.41954958595781217,0.6901469136968863,0.41954958595781217,0.7022925040927874,0.6137952861576887,0.41954958595781217,0.4195495859578121,0.6020744126223783,0.41954958595781217,0.4715196443599171
37,proto,16,0.5628863423459322,0.6748705324935086,0.5628863423459322,0.686431478903077,0.6295150657937139,0.5628863423459322,0.562886342345932,0.6122770853268656,0.5628863423459322,0.5573597346278132
37,proto,17,0.5145925559662953,0.7063534803152726,0.5145925559662953,0.7523976585102516,0.688775269817604,0.5145925559662953,0.5145925559662953,0.6435203456388603,0.5145925559662953,0.5237019872509249
37,proto,18,0.568873513278036,0.6646788824586451,0.568873513278036,0.7424563207022703,0.6521374925652544,0.568873513278036,0.568873513278036,0.625674124623062,0.568873513278036,0.5919362292827957
37,proto,19,0.6038096731978527,0.6622241991234604,0.6038096731978527,0.7250783743372871,0.6326079466790995,0.6038096731978527,0.6038096731978527,0.6255620324479222,0.6038096731978527,0.6434718427957743
37,clf,0,0.6852065769114506,0.6942483956862933,0.6852065769114506,0.7449178011001605,0.6236203318029008,0.6852065769114506,0.6852065769114506,0.5812840780078988,0.6852065769114506,0.6763563267409431
37,clf,1,0.3537525009657252,0.5193164931269436,0.3537525009657252,0.6446143853414181,0.5351648145705634,0.3537525009657252,0.3537525009657252,0.35941087606042105,0.3537525009657252,0.27481669868513736
37,clf,2,0.5704845575501125,0.6720583908454574,0.5704845575501125,0.697078639724304,0.5485037585489738,0.5704845575501125,0.5704845575501125,0.4908867661426277,0.5704845575501125,0.5463781508658022
37,clf,3,0.5205693192754844,0.5920607031181674,0.5205693192754844,0.6855513045058399,0.6382466252067811,0.5205693192754844,0.5205693192754846,0.5456172923215974,0.5205693192754844,0.5162474938643685
37,clf,4,0.6288907434694722,0.6261351960756096,0.6288907434694722,0.7161489443236388,0.6559571113238485,0.6288907434694722,0.6288907434694722,0.5635288879894818,0.6288907434694722,0.6228031740993578
37,clf,5,0.5852757411412312,0.6419905591305608,0.5852757411412312,0.7013222287542765,0.5814939196197757,0.5852757411412312,0.5852757411412312,0.5465022782394054,0.5852757411412312,0.5937425943105276
37,clf,6,0.722167019488181,0.7082114956140096,0.722167019488181,0.7476594435600051,0.6829972456122658,0.722167019488181,0.7221670194881809,0.6754739861145772,0.722167019488181,0.7246793511955634
37,clf,7,0.5632138107669276,0.6562251048249208,0.5632138107669276,0.7197932322093743,0.5968832046574288,0.5632138107669276,0.5632138107669276,0.5661198195412545,0.5632138107669276,0.5861970686146134
37,clf,8,0.699971834370487,0.6644501223343264,0.699971834370487,0.7269686731002916,0.7242940369261455,0.699971834370487,0.699971834370487,0.6771807633491511,0.699971834370487,0.7000661698035251
37,clf,9,0.39905298065492384,0.6172303146816697,0.39905298065492384,0.6587364976869166,0.5293931292275493,0.39905298065492384,0.3990529806549238,0.4391368444035413,0.39905298065492384,0.34407363101618194
37,clf,10,0.6139367549199017,0.6995986278211108,0.6139367549199017,0.7446225755321356,0.6956315086493724,0.6139367549199017,0.6139367549199017,0.6365856205944505,0.6139367549199017,0.5964811333973976
37,clf,11,0.4560844310974941,0.5874134132576514,0.4560844310974941,0.645644934028437,0.4758681600313788,0.4560844310974941,0.4560844310974941,0.41985168402998807,0.4560844310974941,0.4342757519990816
37,clf,12,0.36364661919985264,0.5361305043869518,0.36364661919985264,0.6048267830100216,0.3969365408607065,0.36364661919985264,0.36364661919985264,0.317922377402139,0.36364661919985264,0.3157960848706351
37,clf,13,0.5675249827089426,0.6602905476872495,0.5675249827089426,0.7188958772627972,0.5452124734374337,0.5675249827089426,0.5675249827089426,0.5210036704907574,0.5675249827089426,0.5557713625045937
37,clf,14,0.5636441473894104,0.6835053443179393,0.5636441473894104,0.7443719014756065,0.5553106574341257,0.5636441473894104,0.5636441473894105,0.491098522939326,0.5636441473894104,0.5452592691150385
37,clf,15,0.39772907526504825,0.5407034065911154,0.39772907526504825,0.6582145688290776,0.6002243505909062,0.39772907526504825,0.39772907526504825,0.44183498843406843,0.39772907526504825,0.3601797548826531
37,clf,16,0.388546113621692,0.5359594621920875,0.388546113621692,0.653428291977823,0.5864201979768074,0.388546113621692,0.388546113621692,0.4534682127381465,0.388546113621692,0.33177043317020294
37,clf,17,0.6371432450392112,0.694910245574297,0.6371432450392112,0.7326282489372519,0.71489691228991,0.6371432450392112,0.6371432450392112,0.6513209326372702,0.6371432450392112,0.6069993949927353
37,clf,18,0.510237987953734,0.5344312110970209,0.510237987953734,0.6585825321119043,0.5782008895959703,0.510237987953734,0.510237987953734,0.44631587819216717,0.510237987953734,0.4778700149428822
37,clf,19,0.45707659350696284,0.6065287039023765,0.45707659350696284,0.6660598243374016,0.5168435028075345,0.45707659350696284,0.45707659350696284,0.45181452379648734,0.45707659350696284,0.4517464605708696
38,proto,0,0.6342358012378195,0.712894964371515,0.6342358012378195,0.7729451015997975,0.6719249347596492,0.6342358012378195,0.6342358012378195,0.6488140065407797,0.6342358012378195,0.66093697872682
38,proto,1,0.44657390810793784,0.6180353593476176,0.44657390810793784,0.6043121445790149,0.5853571233803219,0.44657390810793784,0.44657390810793784,0.5236603159892034,0.44657390810793784,0.45245845816587194
38,proto,2,0.5988603838758787,0.6966881474348657,0.5988603838758787,0.7450694261257431,0.6378983024198652,0.5988603838758787,0.5988603838758787,0.6338775550081736,0.5988603838758787,0.6392794095161989
38,proto,3,0.6341022677188154,0.694589787930446,0.6341022677188154,0.7376870703960201,0.6808490762089469,0.6341022677188154,0.6341022677188153,0.6652652276796578,0.6341022677188154,0.6587393464469367
38,proto,4,0.6579623937272513,0.6951200430200843,0.6579623937272513,0.747751854462785,0.6776898895705497,0.6579623937272513,0.6579623937272514,0.6639238424550562,0.6579623937272513,0.6809900701126667
38,proto,5,0.5597424968240489,0.7151133909642908,0.5597424968240489,0.7548621163060416,0.6099707454661671,0.5597424968240489,0.5597424968240489,0.6278629227400736,0.5597424968240489,0.6184649979159353
38,proto,6,0.628714464356354,0.7263011746182697,0.628714464356354,0.7715585901914375,0.6665732889643263,0.628714464356354,0.628714464356354,0.6714944448324468,0.628714464356354,0.6765808205801234
38,proto,7,0.5567109049493172,0.6922589444269305,0.5567109049493172,0.7529183081090858,0.6256047982069262,0.5567109049493172,0.5567109049493173,0.6113121440614616,0.5567109049493172,0.5967583551863029
38,proto,8,0.6534562647059944,0.7421767889950962,0.6534562647059944,0.7724681665733245,0.6864262797734948,0.6534562647059944,0.6534562647059945,0.6893990067264055,0.6534562647059944,0.6779647090179388
38,proto,9,0.5931036674511723,0.6798445693038226,0.5931036674511723,0.7252882214564031,0.6173088671065672,0.5931036674511723,0.5931036674511723,0.6106830988940817,0.5931036674511723,0.6135892387648954
38,proto,10,0.6296306139484635,0.7157977736245449,0.6296306139484635,0.7673125253700843,0.6627286014528042,0.6296306139484635,0.6296306139484635,0.6705442045256031,0.6296306139484635,0.6671569420926339
38,proto,11,0.5514258768631387,0.6584847394371209,0.5514258768631387,0.7104253499855784,0.5941372210616036,0.5514258768631387,0.5514258768631387,0.5903638509003912,0.5514258768631387,0.5930692176358587
38,proto,12,0.37835723663858684,0.62263618976957,0.37835723663858684,0.6433950117019629,0.4769034790035037,0.37835723663858684,0.3783572366385868,0.49593510209843616,0.37835723663858684,0.4291391974617891
38,proto,13,0.6164082865865348,0.7126268708775298,0.6164082865865348,0.7626270668252385,0.6621714811772597,0.6164082865865348,0.6164082865865348,0.6469859050522486,0.6164082865865348,0.6496300858210572
38,proto,14,0.4531214180237541,0.6591495618787189,0.4531214180237541,0.7311195546634197,0.5946326179664265,0.4531214180237541,0.45312141802375405,0.5553829079731083,0.4531214180237541,0.4744511690188362
38,proto,15,0.4127433722724013,0.6745984082118954,0.4127433722724013,0.6966746158448076,0.5993740308670829,0.4127433722724013,0.4127433722724013,0.5843935382482149,0.4127433722724013,0.4613019529835079
38,proto,16,0.5387883278137311,0.6684182854190062,0.5387883278137311,0.6796253382463301,0.6149567319740441,0.5387883278137311,0.5387883278137311,0.5977263276189496,0.5387883278137311,0.5391019565396811
38,proto,17,0.5095742232173066,0.7099682685527511,0.5095742232173066,0.7683653329563382,0.6824641523776158,0.5095742232173066,0.5095742232173066,0.64164707105552,0.5095742232173066,0.5294312699544585
38,proto,18,0.592667197765186,0.6576867525915445,0.592667197765186,0.7409633023159838,0.6733566104000266,0.592667197765186,0.5926671977651861,0.6355089001141523,0.592667197765186,0.6131465476662958
38,proto,19,0.6274359993915257,0.6673864999713857,0.6274359993915257,0.7247239481661596,0.6413685850075737,0.6274359993915257,0.6274359993915257,0.6250669351716684,0.6274359993915257,0.6505877146243046
38,clf,0,0.6884013454454523,0.6990090898823866,0.6884013454454523,0.7479024802398485,0.6240140322041513,0.6884013454454523,0.6884013454454523,0.5794986764395593,0.6884013454454523,0.6779564788878237
38,clf,1,0.3549495634513276,0.5127835800088368,0.3549495634513276,0.6512936525421366,0.5361836729305587,0.3549495634513276,0.3549495634513276,0.3651116012581689,0.3549495634513276,0.2751087164363535
38,clf,2,0.5890382826753129,0.6736681134809557,0.5890382826753129,0.6942585376870571,0.5511105546966752,0.5890382826753129,0.5890382826753129,0.4997462467321363,0.5890382826753129,0.5674436776092695
38,clf,3,0.5129818833950373,0.5941597169504805,0.5129818833950373,0.6918571141508744,0.6368861629978889,0.5129818833950373,0.5129818833950373,0.5437377668493533,0.5129818833950373,0.5099437263954995
38,clf,4,0.6230338536742115,0.6174523844529611,0.6230338536742115,0.7141015162270526,0.652979075319736,0.6230338536742115,0.6230338536742115,0.5567272823501617,0.6230338536742115,0.6174035432940002
38,clf,5,0.597575135371115,0.6370606114263906,0.597575135371115,0.704389683605161,0.5906724997241976,0.597575135371115,0.597575135371115,0.5515542095327699,0.597575135371115,0.6066961041932909
38,clf,6,0.7181563676578285,0.702887589898489,0.7181563676578285,0.7441024592895831,0.6866158079881852,0.7181563676578285,0.7181563676578286,0.6749367729343916,0.7181563676578285,0.7206625842465226
38,clf,7,0.5674804715359412,0.6671522585819418,0.5674804715359412,0.7275907410761454,0.5999704227160435,0.5674804715359412,0.5674804715359412,0.5716315312926404,0.5674804715359412,0.5891817893313869
38,clf,8,0.6885246571919509,0.6494454090112606,0.6885246571919509,0.7183577576488476,0.7093285369218266,0.6885246571919509,0.6885246571919508,0.6590940263539303,0.6885246571919509,0.6879338980080203
38,clf,9,0.4073761053801556,0.6180572508858746,0.4073761053801556,0.6578776158243722,0.5330056418717395,0.4073761053801556,0.4073761053801556,0.4394773712733144,0.4073761053801556,0.35278413084759097
38,clf,10,0.6163547616686876,0.6875736202010285,0.6163547616686876,0.7422433292652559,0.696827938545603,0.6163547616686876,0.6163547616686877,0.6342175460528594,0.6163547616686876,0.597549775050429
38,clf,11,0.4607330144573963,0.5712605564113163,0.4607330144573963,0.6421278215088515,0.46632681488182304,0.4607330144573963,0.46073301445739623,0.4018164351050137,0.4607330144573963,0.4398024340564892
38,clf,12,0.36567396838851807,0.5470448532957047,0.36567396838851807,0.6149278503217884,0.4017623353326672,0.36567396838851807,0.365673968388518,0.3254062580287005,0.36567396838851807,0.32118952889630814
38,clf,13,0.576581473148844,0.6611761174063193,0.576581473148844,0.7197674590083809,0.5740853771572146,0.576581473148844,0.5765814731488439,0.5493605503688566,0.576581473148844,0.5679225020751005
38,clf,14,0.57458367417524,0.6998340491328037,0.57458367417524,0.7546025268328531,0.5686586860843388,0.57458367417524,0.5745836741752401,0.5056094214049212,0.57458367417524,0.554684640107237
38,clf,15,0.38790939011980197,0.541992190302916,0.38790939011980197,0.6504948561552246,0.5812956600223461,0.38790939011980197,0.38790939011980197,0.43419549291908066,0.38790939011980197,0.34859420224703597
38,clf,16,0.366885155505219,0.5306902707247004,0.366885155505219,0.6434579378802215,0.5521790952838657,0.366885155505219,0.36688515550521894,0.4203280049402385,0.366885155505219,0.309945506945293
38,clf,17,0.6529674781298208,0.7116515105698954,0.6529674781298208,0.7437090076875186,0.7183791748298713,0.6529674781298208,0.6529674781298207,0.6654174846161283,0.6529674781298208,0.6253390539840826
38,clf,18,0.5237057307810001,0.5540042712361204,0.5237057307810001,0.6695149716177099,0.5836341498293174,0.5237057307810001,0.5237057307810001,0.45729302359354873,0.5237057307810001,0.4914947412444991
38,clf,19,0.4729248942255627,0.6091798233983963,0.4729248942255627,0.6586781140455542,0.5266897049084125,0.4729248942255627,0.4729248942255627,0.4702536891396159,0.4729248942255627,0.4729516150745123
39,proto,0,0.6209673829744112,0.7246841176833332,0.6209673829744112,0.7782540730092978,0.6682030687321849,0.6209673829744112,0.6209673829744113,0.6444858103377238,0.6209673829744112,0.6496835252523974
39,proto,1,0.4816571686266296,0.6314264947180384,0.4816571686266296,0.6214650680818292,0.5992963443878199,0.4816571686266296,0.48165716862662955,0.5412476193758188,0.4816571686266296,0.4875691267007106
39,proto,2,0.595365188155419,0.7096311487836818,0.595365188155419,0.7467884989652342,0.6299339547744796,0.595365188155419,0.595365188155419,0.6330629938757188,0.595365188155419,0.6364175983555224
39,proto,3,0.6151888291266248,0.6969434071305576,0.6151888291266248,0.7426779157197843,0.6818377312455106,0.6151888291266248,0.6151888291266248,0.6638221472679914,0.6151888291266248,0.646664351626059
39,proto,4,0.6693545591846668,0.7021641320931598,0.6693545591846668,0.7460845672308736,0.6806981723891067,0.6693545591846668,0.6693545591846668,0.6687827757961009,0.6693545591846668,0.6874462479929238
39,proto,5,0.6174373403022281,0.708676654397709,0.6174373403022281,0.7553324538904536,0.6377647526486339,0.6174373403022281,0.6174373403022281,0.6478140764632243,0.6174373403022281,0.6587258415862477
39,proto,6,0.6101145554044695,0.7178653034267701,0.6101145554044695,0.7677338099517479,0.6621473568649109,0.6101145554044695,0.6101145554044696,0.6618157242373621,0.6101145554044695,0.662195951231759
39,proto,7,0.5478292068192604,0.6945161931457544,0.5478292068192604,0.7505499227397358,0.6261183550154505,0.5478292068192604,0.5478292068192604,0.6110923761338696,0.5478292068192604,0.5882024332450356
39,proto,8,0.6704714272187031,0.7406752313559506,0.6704714272187031,0.7658353614242451,0.6994146525658317,0.6704714272187031,0.6704714272187031,0.6989317768783583,0.6704714272187031,0.6877058192105993
39,proto,9,0.5702963840108061,0.6690706673911213,0.5702963840108061,0.7204083152501155,0.6183192380610238,0.5702963840108061,0.5702963840108061,0.6029056463635755,0.5702963840108061,0.5963621148437757
39,proto,10,0.6600016373421049,0.706234179921456,0.6600016373421049,0.7547601656878025,0.672985798720518,0.6600016373421049,0.660001637342105,0.6706303431801266,0.6600016373421049,0.6747913305169634
39,proto,11,0.5747668297534982,0.6580427316677024,0.5747668297534982,0.7276520035886141,0.6174314586109617,0.5747668297534982,0.5747668297534982,0.6020354719445019,0.5747668297534982,0.6141384488005177
39,proto,12,0.5170826726738474,0.6245239010693522,0.5170826726738474,0.6590389927214655,0.5555783958251291,0.5170826726738474,0.5170826726738474,0.5598376325457275,0.5170826726738474,0.5644934924410261
39,proto,13,0.5973575974671563,0.7075903588925112,0.5973575974671563,0.7582359705493258,0.6483653843799956,0.5973575974671563,0.5973575974671563,0.6327259538508477,0.5973575974671563,0.6414463285763232
39,proto,14,0.4604748682390293,0.6581309519422207,0.4604748682390293,0.717267178491345,0.586241966056525,0.4604748682390293,0.4604748682390293,0.5477911413572711,0.4604748682390293,0.48492152677860517
39,proto,15,0.4044399476905438,0.6962470589537753,0.4044399476905438,0.6804084918652118,0.6080395949724455,0.4044399476905438,0.4044399476905438,0.5985757104334999,0.4044399476905438,0.45257354231390723
39,proto,16,0.5527442067407385,0.6699514691464667,0.5527442067407385,0.6864159845404058,0.6272037236771877,0.5527442067407385,0.5527442067407387,0.6073352656097413,0.5527442067407385,0.5521884597101985
39,proto,17,0.5151118220095763,0.7237199444463407,0.5151118220095763,0.7139410839184304,0.6745643370472372,0.5151118220095763,0.5151118220095763,0.6587748012669954,0.5151118220095763,0.5316968722343041
39,proto,18,0.5882223993789623,0.6564283081594271,0.5882223993789623,0.7382787675043454,0.6696567993021516,0.5882223993789623,0.5882223993789623,0.628503243180617,0.5882223993789623,0.6066441393575719
39,proto,19,0.564291092663806,0.6425591955211385,0.564291092663806,0.7188041027873457,0.6205727403343573,0.564291092663806,0.564291092663806,0.5996546243395339,0.564291092663806,0.6104038248165566
39,clf,0,0.6903574210021928,0.6956498329418203,0.6903574210021928,0.7464134130473845,0.6376522188830088,0.6903574210021928,0.6903574210021928,0.5956005908883238,0.6903574210021928,0.6834340838228172
39,clf,1,0.3522490640805706,0.5144484626303854,0.3522490640805706,0.6469595993930188,0.5308316521273206,0.3522490640805706,0.35224906408057066,0.34578644161408223,0.3522490640805706,0.26598539632270657
39,clf,2,0.5672978735089106,0.6686507190182438,0.5672978735089106,0.6909537097592803,0.5473437339025141,0.5672978735089106,0.5672978735089105,0.49376816609590096,0.5672978735089106,0.546002179638616
39,clf,3,0.5058455064576977,0.5917516780037994,0.5058455064576977,0.6887355553302041,0.6327644007475616,0.5058455064576977,0.5058455064576977,0.5355732559682138,0.5058455064576977,0.4989907749161136
39,clf,4,0.607513950628653,0.611996955324817,0.607513950628653,0.7118044659877113,0.6481354034467786,0.607513950628653,0.6075139506286529,0.5424544842692159,0.607513950628653,0.6026676703056535
39,clf,5,0.5889092095661295,0.6431955050967931,0.5889092095661295,0.7107410548092918,0.5943631072917057,0.5889092095661295,0.5889092095661295,0.55739784014394,0.5889092095661295,0.6015161832311166
39,clf,6,0.7287741873853477,0.710726890135526,0.7287741873853477,0.7484630728330278,0.6906198353981843,0.7287741873853477,0.7287741873853477,0.6846854606202286,0.7287741873853477,0.7300877003528734
39,clf,7,0.5653534136027446,0.6764903560312949,0.5653534136027446,0.723242477493531,0.5915351809495462,0.5653534136027446,0.5653534136027446,0.5717380561737202,0.5653534136027446,0.5868311068387841
39,clf,8,0.6931453629904744,0.6556736964295018,0.6931453629904744,0.724256870990255,0.7152778440781009,0.6931453629904744,0.6931453629904744,0.6644545195689693,0.6931453629904744,0.6928607243660088
39,clf,9,0.4106738350408495,0.6150395125454649,0.4106738350408495,0.6596295569320584,0.5366575552313817,0.4106738350408495,0.4106738350408494,0.44326438776224386,0.4106738350408495,0.3557426295078977
39,clf,10,0.6164698030719772,0.6935806183393406,0.6164698030719772,0.7422968596891776,0.6937498315840052,0.6164698030719772,0.6164698030719772,0.6285751625371621,0.6164698030719772,0.5964413408392728
39,clf,11,0.485405771380022,0.6173177557685839,0.485405771380022,0.6685685109704336,0.47549263930819463,0.485405771380022,0.48540577138002206,0.4256254222865271,0.485405771380022,0.47111013882133645
39,clf,12,0.3729077309402739,0.5499109707509993,0.3729077309402739,0.616357775251603,0.41260929262475476,0.3729077309402739,0.37290773094027385,0.3343085658768066,0.3729077309402739,0.3253853594213967
39,clf,13,0.5724073658836076,0.6673897587613074,0.5724073658836076,0.7228231038074283,0.576359603791541,0.5724073658836076,0.5724073658836077,0.5526678887648664,0.5724073658836076,0.5649318231834658
39,clf,14,0.569357839444389,0.686181276912889,0.569357839444389,0.748499982672044,0.5544383650826458,0.569357839444389,0.569357839444389,0.49073766775915206,0.569357839444389,0.5510551540328563
39,clf,15,0.3914952808399472,0.5530990552867785,0.3914952808399472,0.6652018942258207,0.6034867438097791,0.3914952808399472,0.3914952808399472,0.44620227686597724,0.3914952808399472,0.3536913369022914
39,clf,16,0.38304048109980326,0.5438517281735533,0.38304048109980326,0.6566866317536445,0.5801058717151023,0.38304048109980326,0.38304048109980326,0.4504285344302772,0.38304048109980326,0.33268013026074794
39,clf,17,0.6351401493289452,0.6932875293209968,0.6351401493289452,0.7317239860407512,0.7169125689583347,0.6351401493289452,0.6351401493289452,0.6529596722125124,0.6351401493289452,0.6012618503940572
39,clf,18,0.5334585097789375,0.5511264671734354,0.5334585097789375,0.6664605918319831,0.5915317353886033,0.5334585097789375,0.5334585097789375,0.4626734836172487,0.5334585097789375,0.49847138062771523
39,clf,19,0.46869949224738955,0.6180105612935549,0.46869949224738955,0.6625641441933765,0.5178162198386401,0.46869949224738955,0.4686994922473896,0.46439303636003426,0.46869949224738955,0.46924111977954164
40,proto,0,0.6216060579055979,0.7219136468606508,0.6216060579055979,0.7743951581797663,0.6602962391090719,0.6216060579055979,0.6216060579055979,0.6412952307473277,0.6216060579055979,0.6502690218396299
40,proto,1,0.4337123163902498,0.6299562490313244,0.4337123163902498,0.6543628964916919,0.5927093895084119,0.4337123163902498,0.43371231639024976,0.5242080720410669,0.4337123163902498,0.43032165791096244
40,proto,2,0.573540309978039,0.69603951323707,0.573540309978039,0.7484769490336709,0.6256411578028627,0.573540309978039,0.573540309978039,0.6196228941452551,0.573540309978039,0.6193309670590538
40,proto,3,0.6027558084525324,0.6902850202673738,0.6027558084525324,0.7338147601276055,0.6703721535473216,0.6027558084525324,0.6027558084525324,0.6503010468244828,0.6027558084525324,0.626189987155371
40,proto,4,0.6782583735134174,0.7008514588860686,0.6782583735134174,0.7405085326460736,0.6780692746299675,0.6782583735134174,0.6782583735134174,0.667935991869741,0.6782583735134174,0.6920572980036026
40,proto,5,0.6036097910827672,0.7057327796313589,0.6036097910827672,0.7484838668280462,0.6343704749125528,0.6036097910827672,0.6036097910827674,0.6434312216224728,0.6036097910827672,0.6484624177363144
40,proto,6,0.6555588833103824,0.732920968766412,0.6555588833103824,0.7745053739673807,0.6845947118122842,0.6555588833103824,0.6555588833103824,0.6795971507975611,0.6555588833103824,0.6921374187656266
40,proto,7,0.5682026862260593,0.6955105355005866,0.5682026862260593,0.7400974057184555,0.6313308780960006,0.5682026862260593,0.5682026862260593,0.621829760549446,0.5682026862260593,0.6011414797701768
40,proto,8,0.658380835923546,0.7444843055229209,0.658380835923546,0.7828615444116812,0.6998551516762899,0.658380835923546,0.6583808359235459,0.6988961158906309,0.658380835923546,0.6866484143153186
40,proto,9,0.5800761113180762,0.666033730987603,0.5800761113180762,0.7231588908199054,0.6268051718261853,0.5800761113180762,0.5800761113180762,0.6085672401076815,0.5800761113180762,0.6057879786454003
40,proto,10,0.6413223702654957,0.6841540320810496,0.6413223702654957,0.730556547634833,0.6591451889631728,0.6413223702654957,0.6413223702654957,0.6553200621834033,0.6413223702654957,0.6646448681230901
40,proto,11,0.5547675601456064,0.6505598268076072,0.5547675601456064,0.7219649287557641,0.5999863462292943,0.5547675601456064,0.5547675601456064,0.5860358289496319,0.5547675601456064,0.5956264920994718
40,proto,12,0.5066286800820307,0.6119117356408648,0.5066286800820307,0.6403052784265313,0.5285203558241609,0.5066286800820307,0.5066286800820307,0.5250179975228295,0.5066286800820307,0.5447895194958681
40,proto,13,0.5968084095079954,0.6978558909045492,0.5968084095079954,0.7444566720928362,0.6420097918600199,0.5968084095079954,0.5968084095079954,0.6270570580035413,0.5968084095079954,0.6364088824022265
40,proto,14,0.46063460666572936,0.6429011755723726,0.46063460666572936,0.7143430931399746,0.5882643341398015,0.46063460666572936,0.4606346066657294,0.5447112055791972,0.46063460666572936,0.4832710155650837
40,proto,15,0.4240765302248985,0.6942477459109702,0.4240765302248985,0.7163079602236376,0.611527739301961,0.4240765302248985,0.42407653022489855,0.5995312019463875,0.4240765302248985,0.4808706642500575
40,proto,16,0.5550419682747776,0.6696957986790383,0.5550419682747776,0.6781599283397954,0.6233638052737567,0.5550419682747776,0.5550419682747776,0.6080483831923991,0.5550419682747776,0.5441893926605635
40,proto,17,0.5106279950374224,0.7153320831956037,0.5106279950374224,0.7488642787666999,0.6812039814077708,0.5106279950374224,0.5106279950374224,0.6504693165682508,0.5106279950374224,0.5288537391978625
40,proto,18,0.5899612158073578,0.6534603598868636,0.5899612158073578,0.742407379754983,0.6687015796183877,0.5899612158073578,0.5899612158073579,0.628520817769973,0.5899612158073578,0.6115317591127666
40,proto,19,0.5609696670759402,0.6548854896753451,0.5609696670759402,0.7200681285121937,0.6159463796967777,0.5609696670759402,0.5609696670759402,0.6043346022075189,0.5609696670759402,0.6077132711618745
40,clf,0,0.6803379466670656,0.690898868226257,0.6803379466670656,0.7437865270819488,0.6287922987883462,0.6803379466670656,0.6803379466670656,0.5860264780322372,0.6803379466670656,0.6753522935379375
40,clf,1,0.3548727143071269,0.5176319390818941,0.3548727143071269,0.6422720564156135,0.5323439977570047,0.3548727143071269,0.35487271430712686,0.3486945330021591,0.3548727143071269,0.2736369437780562
40,clf,2,0.5720158719966457,0.6731115262216223,0.5720158719966457,0.6947412463516786,0.5446819374589393,0.5720158719966457,0.5720158719966458,0.49171318198982883,0.5720158719966457,0.5560460522848865
40,clf,3,0.5156440975815008,0.5904073580547373,0.5156440975815008,0.682260897852392,0.6350162295083779,0.5156440975815008,0.5156440975815006,0.5476638806969463,0.5156440975815008,0.5138841964790457
40,clf,4,0.6200899831926182,0.6119370962323163,0.6200899831926182,0.7115670251293241,0.6514837758223887,0.6200899831926182,0.6200899831926182,0.5557938701898949,0.6200899831926182,0.6173599982259652
40,clf,5,0.5959718038910199,0.6627023858731165,0.5959718038910199,0.714377898674326,0.5903024101235046,0.5959718038910199,0.5959718038910199,0.5616719952739342,0.5959718038910199,0.6074005514350257
40,clf,6,0.7190037525985372,0.7032726990927953,0.7190037525985372,0.7435240876903155,0.6889064652058703,0.7190037525985372,0.7190037525985372,0.6787084854888038,0.7190037525985372,0.7217417414350181
40,clf,7,0.5621408034294604,0.6654534250841501,0.5621408034294604,0.7227767944624097,0.594487702390442,0.5621408034294604,0.5621408034294605,0.5695193338516361,0.5621408034294604,0.5870403677839501
40,clf,8,0.7023174523848928,0.6673906040110495,0.7023174523848928,0.7280041184260371,0.7144113950533265,0.7023174523848928,0.7023174523848928,0.67092309133857,0.7023174523848928,0.701669305504627
40,clf,9,0.4087175736336998,0.6114237657335586,0.4087175736336998,0.6718375346078241,0.5398075930074164,0.4087175736336998,0.40871757363369976,0.4441487865928202,0.4087175736336998,0.35185182231320217
40,clf,10,0.6102113834676582,0.6887994071033632,0.6102113834676582,0.7403369382209328,0.6914644468873621,0.6102113834676582,0.6102113834676581,0.6299759141854085,0.6102113834676582,0.5914929307559976
40,clf,11,0.4871326004570247,0.5786222041486971,0.4871326004570247,0.6471631712136571,0.4774217735027302,0.4871326004570247,0.48713260045702467,0.4225315343455857,0.4871326004570247,0.4734498939712908
40,clf,12,0.3723189568439553,0.5548250296606168,0.3723189568439553,0.6163804565568571,0.40726536608098546,0.3723189568439553,0.3723189568439552,0.32068304230941114,0.3723189568439553,0.3206375866897697
40,clf,13,0.5626628572288793,0.6525875862712938,0.5626628572288793,0.709878110712751,0.54410736796042,0.5626628572288793,0.5626628572288793,0.5201203026572805,0.5626628572288793,0.5504437698246276
40,clf,14,0.5690020288359919,0.6869958151293872,0.5690020288359919,0.7481435421031783,0.5589701014379166,0.5690020288359919,0.569002028835992,0.494058295345173,0.5690020288359919,0.5502237533189887
40,clf,15,0.4024769027434587,0.5408375884104394,0.4024769027434587,0.6609877749392316,0.6110097971863768,0.4024769027434587,0.4024769027434587,0.46109138666355437,0.4024769027434587,0.36958725851853025
40,clf,16,0.3789272398435771,0.5289625006760881,0.3789272398435771,0.6487909931673258,0.5719925121806957,0.3789272398435771,0.3789272398435771,0.4349089266978132,0.3789272398435771,0.3222988333386515
40,clf,17,0.6415685291324698,0.7051864333142648,0.6415685291324698,0.7408446638089239,0.7178693441893156,0.6415685291324698,0.6415685291324698,0.6594926744790774,0.6415685291324698,0.611411167391549
40,clf,18,0.5422639163160211,0.5622187751403915,0.5422639163160211,0.677181371536433,0.6004396814416458,0.5422639163160211,0.5422639163160211,0.4843458413378848,0.5422639163160211,0.5159845491819134
40,clf,19,0.4708658575421302,0.6099625455625323,0.4708658575421302,0.6577390224774969,0.5265492743183647,0.4708658575421302,0.47086585754213023,0.46178283334839904,0.4708658575421302,0.46337518489270296
41,proto,0,0.6148666574422914,0.7200998802362225,0.6148666574422914,0.7767374640834306,0.6658511740017019,0.6148666574422914,0.6148666574422914,0.6451735365993048,0.6148666574422914,0.648029086960209
41,proto,1,0.4270746690259757,0.6180008540593911,0.4270746690259757,0.5995307502732701,0.58186084419908,0.4270746690259757,0.4270746690259756,0.5374966459621164,0.4270746690259757,0.4382428019133453
41,proto,2,0.5922765402050655,0.6913282342640807,0.5922765402050655,0.7360214923841663,0.6251098886736027,0.5922765402050655,0.5922765402050655,0.6294447167723072,0.5922765402050655,0.6343677030038712
41,proto,3,0.5865442631091677,0.6973518269637341,0.5865442631091677,0.7449023771196532,0.6639655093333962,0.5865442631091677,0.5865442631091676,0.6524359895273582,0.5865442631091677,0.6248456963404279
41,proto,4,0.6728488256530807,0.7037523419878106,0.6728488256530807,0.7510627715608706,0.6864407315472831,0.6728488256530807,0.6728488256530807,0.6716187321810703,0.6728488256530807,0.6903291049012551
41,proto,5,0.6108450404377966,0.7080200059370705,0.6108450404377966,0.74694496718765,0.6402257975212096,0.6108450404377966,0.6108450404377966,0.648369671594826,0.6108450404377966,0.6546280644840214
41,proto,6,0.6093099160578749,0.7290024794935114,0.6093099160578749,0.7739986853259595,0.6636558130585724,0.6093099160578749,0.609309916057875,0.6600399231534023,0.6093099160578749,0.6614861558490223
41,proto,7,0.5375622726642948,0.6930634395289992,0.5375622726642948,0.7497669510060768,0.6175285326610171,0.5375622726642948,0.5375622726642948,0.6057973394374871,0.5375622726642948,0.581663713168152
41,proto,8,0.6335696204460726,0.7481301229702078,0.6335696204460726,0.7888349255437597,0.6914283321933961,0.6335696204460726,0.6335696204460726,0.6955065616899748,0.6335696204460726,0.6763147518083437
41,proto,9,0.5681749945150898,0.6622158816600773,0.5681749945150898,0.7156162065258269,0.6103582519259059,0.5681749945150898,0.5681749945150898,0.6017866341105798,0.5681749945150898,0.5979439007525094
41,proto,10,0.6479217324454764,0.7018902464410254,0.6479217324454764,0.756380256649786,0.6729379702690308,0.6479217324454764,0.6479217324454765,0.6669832908152973,0.6479217324454764,0.6683404348072942
41,proto,11,0.5673606909472173,0.655746213957751,0.5673606909472173,0.7277426234961022,0.6151528377859332,0.5673606909472173,0.5673606909472173,0.598996184191634,0.5673606909472173,0.6081748948227593
41,proto,12,0.4122880387698822,0.5496249907761005,0.4122880387698822,0.5825908195409966,0.5024672972397253,0.4122880387698822,0.4122880387698821,0.49159162138140944,0.4122880387698822,0.45703044120909836
41,proto,13,0.5829512171482686,0.7011907272254622,0.5829512171482686,0.7507244970385938,0.639499592562975,0.5829512171482686,0.5829512171482685,0.6268132077259403,0.5829512171482686,0.622997805011093
41,proto,14,0.4614790179998909,0.6546246637411273,0.4614790179998909,0.6917007761147009,0.5882888717453325,0.4614790179998909,0.4614790179998909,0.5531647958418897,0.4614790179998909,0.4882615872265024
41,proto,15,0.40665091708349044,0.6853979774086436,0.40665091708349044,0.6989344817270082,0.5940896923177637,0.40665091708349044,0.40665091708349044,0.5839125274695498,0.40665091708349044,0.4601082493006081
41,proto,16,0.5532400556324615,0.6621879419146167,0.5532400556324615,0.6848101825565045,0.6189127178812355,0.5532400556324615,0.5532400556324615,0.5981962856999621,0.5532400556324615,0.5563095527650803
41,proto,17,0.5282632474403984,0.7276488567330925,0.5282632474403984,0.7194417298331917,0.6758052460639263,0.5282632474403984,0.5282632474403984,0.6646406578927405,0.5282632474403984,0.5440987689617406
41,proto,18,0.5667076126093183,0.6786626138364557,0.5667076126093183,0.7521242118488527,0.6530090528806273,0.5667076126093183,0.5667076126093183,0.632015100750748,0.5667076126093183,0.5955490739900026
41,proto,19,0.6005860978504263,0.6594817769403821,0.6005860978504263,0.7175123678092376,0.6352335434209992,0.6005860978504263,0.6005860978504263,0.6191568014162856,0.6005860978504263,0.6356155527559535
41,clf,0,0.6890892707350746,0.6941966878841815,0.6890892707350746,0.7452943682429807,0.6274567613490425,0.6890892707350746,0.6890892707350746,0.5847516431334643,0.6890892707350746,0.681396487174575
41,clf,1,0.3549555106644217,0.5254387217637653,0.3549555106644217,0.6562056960353011,0.5330304452251047,0.3549555106644217,0.3549555106644217,0.35595994859648417,0.3549555106644217,0.27470351380625874
41,clf,2,0.5758412309690343,0.6690306953357228,0.5758412309690343,0.6971251102883671,0.5449029292840776,0.5758412309690343,0.5758412309690343,0.48822545780862653,0.5758412309690343,0.5584357121831796
41,clf,3,0.5198354889347919,0.5815155015237202,0.5198354889347919,0.684343031174218,0.6424516448324937,0.5198354889347919,0.5198354889347918,0.5436240057882931,0.5198354889347919,0.5154965793746922
41,clf,4,0.6205443874430915,0.6224803314900926,0.6205443874430915,0.7166481229996347,0.6519153850874904,0.6205443874430915,0.6205443874430914,0.553144984713571,0.6205443874430915,0.614320821619981
41,clf,5,0.5955038325606757,0.6505993994200233,0.5955038325606757,0.7100871364275612,0.5921796164012398,0.5955038325606757,0.5955038325606757,0.5611698307334342,0.5955038325606757,0.608252072246001
41,clf,6,0.71581251522231,0.6920725793680682,0.71581251522231,0.7402090636428085,0.6807089618551427,0.71581251522231,0.7158125152223102,0.6666349639151334,0.71581251522231,0.7177645800084171
41,clf,7,0.5592032518617797,0.6657788081304845,0.5592032518617797,0.7219135397018539,0.5932853627633163,0.5592032518617797,0.5592032518617798,0.5679291769105335,0.5592032518617797,0.583757019785061
41,clf,8,0.6819996351756468,0.6620507780992625,0.6819996351756468,0.7224675911144747,0.7123449144739745,0.6819996351756468,0.6819996351756468,0.6674947948470692,0.6819996351756468,0.6845079282820378
41,clf,9,0.40798708860037264,0.6118115350630243,0.40798708860037264,0.6649645020079178,0.5350540463915274,0.40798708860037264,0.40798708860037264,0.44004697767103224,0.40798708860037264,0.353706321828726
41,clf,10,0.6227588879938126,0.700341723995147,0.6227588879938126,0.7483216839085196,0.6979903570769441,0.6227588879938126,0.6227588879938126,0.6359398702715575,0.6227588879938126,0.6014820912736605
41,clf,11,0.4902358376644997,0.5852263939965385,0.4902358376644997,0.654210811155999,0.4854441496463972,0.4902358376644997,0.49023583766449963,0.43287901042503696,0.4902358376644997,0.4780567516444417
41,clf,12,0.3446123778416876,0.512702940965488,0.3446123778416876,0.5935373290655303,0.36955218023807546,0.3446123778416876,0.34461237784168763,0.2793878824776041,0.3446123778416876,0.2980994463512784
41,clf,13,0.5688940497482516,0.6531848538969476,0.5688940497482516,0.7133584919165807,0.5598565616464317,0.5688940497482516,0.5688940497482518,0.5328452297855056,0.5688940497482516,0.558451776664054
41,clf,14,0.5676911329747597,0.682079159227795,0.5676911329747597,0.7414683107578155,0.5544456518052963,0.5676911329747597,0.5676911329747597,0.48864387811418963,0.5676911329747597,0.546974161793156
41,clf,15,0.39725552842242834,0.5536687687688578,0.39725552842242834,0.6602726754731099,0.5928863354030799,0.39725552842242834,0.39725552842242834,0.45452974881108676,0.39725552842242834,0.3652337851875127
41,clf,16,0.37234218814510417,0.5233974950360658,0.37234218814510417,0.6480619561825082,0.562273690998826,0.37234218814510417,0.37234218814510417,0.4179649649834645,0.37234218814510417,0.3140390680752492
41,clf,17,0.6431899810274609,0.703854135195028,0.6431899810274609,0.7417201970223988,0.7163658761170271,0.6431899810274609,0.643189981027461,0.6566858731788328,0.6431899810274609,0.6103451634585229
41,clf,18,0.5427887578715779,0.540498710991016,0.5427887578715779,0.6670093409201876,0.596258046499277,0.5427887578715779,0.542788757871578,0.4720568844714571,0.5427887578715779,0.5086916896371341
41,clf,19,0.4542626324613945,0.6010481328982786,0.4542626324613945,0.6528016620309065,0.519416151253097,0.4542626324613945,0.4542626324613945,0.4547739521694786,0.4542626324613945,0.44656464076264213
42,proto,0,0.6212993118052272,0.7072278343271455,0.6212993118052272,0.7728746112561091,0.6665726828430836,0.6212993118052272,0.6212993118052272,0.6415840984609049,0.6212993118052272,0.651201017192764
42,proto,1,0.46455186866546305,0.6257269737857749,0.46455186866546305,0.6040554666518154,0.5895666319464385,0.46455186866546305,0.46455186866546305,0.537711755145164,0.46455186866546305,0.477518057013046
42,proto,2,0.5941290041586816,0.6947781166051192,0.5941290041586816,0.736567892360533,0.6249875437957007,0.5941290041586816,0.5941290041586818,0.6240553510923863,0.5941290041586816,0.6317810031370709
42,proto,3,0.5850920280117454,0.6836226329858435,0.5850920280117454,0.7396832130079352,0.6636076045433137,0.5850920280117454,0.5850920280117454,0.6389378800414316,0.5850920280117454,0.6177829738631059
42,proto,4,0.6769376275804981,0.7115968264660162,0.6769376275804981,0.7570430339693207,0.6950784606975382,0.6769376275804981,0.6769376275804981,0.6785686480934667,0.6769376275804981,0.6930687498305452
42,proto,5,0.589612932140533,0.7042236961872834,0.589612932140533,0.7511091194574612,0.6237656212352019,0.589612932140533,0.589612932140533,0.6311657165476439,0.589612932140533,0.6377167439077114
42,proto,6,0.6034155774051622,0.7219246742151351,0.6034155774051622,0.7745032700915091,0.6573106221442306,0.6034155774051622,0.6034155774051622,0.657148685721518,0.6034155774051622,0.6586068067430542
42,proto,7,0.5637078011545585,0.6910963437417752,0.5637078011545585,0.7434415615587232,0.6279640847056341,0.5637078011545585,0.5637078011545584,0.6198116483574684,0.5637078011545585,0.6046884549154643
42,proto,8,0.6703080647090238,0.7493146384739391,0.6703080647090238,0.7710321236010337,0.7050406376754326,0.6703080647090238,0.6703080647090238,0.7066153156868669,0.6703080647090238,0.6897331766690851
42,proto,9,0.5029717015803696,0.6162673513819052,0.5029717015803696,0.683441579621198,0.5748268172809663,0.5029717015803696,0.5029717015803697,0.5551484515716029,0.5029717015803696,0.5427313443875974
42,proto,10,0.6675614744367873,0.7019120568280232,0.6675614744367873,0.7513223569269925,0.6724035055406913,0.6675614744367873,0.6675614744367874,0.6735415130475332,0.6675614744367873,0.68936492811866
42,proto,11,0.5683650265584881,0.661529628416851,0.5683650265584881,0.7268086506363984,0.6096154441694629,0.5683650265584881,0.5683650265584881,0.6007220822245443,0.5683650265584881,0.6086764512573207
42,proto,12,0.409429659476517,0.6175628948306962,0.409429659476517,0.6410768889075011,0.5162569651922527,0.409429659476517,0.409429659476517,0.5215862313883586,0.409429659476517,0.46087266927369397
42,proto,13,0.6051865459543478,0.7109704617573915,0.6051865459543478,0.7498569867228682,0.6464967026353244,0.6051865459543478,0.605186545954348,0.6357825696111918,0.6051865459543478,0.6441315023368646
42,proto,14,0.44680008805592386,0.6569872468556665,0.44680008805592386,0.7062078587352368,0.5862645214139772,0.44680008805592386,0.44680008805592386,0.5455394767518522,0.44680008805592386,0.46763750377256463
42,proto,15,0.4311162649494584,0.6915526767055582,0.4311162649494584,0.6993802931454848,0.6148301588990104,0.4311162649494584,0.4311162649494584,0.5987393626355497,0.4311162649494584,0.485924161305896
42,proto,16,0.5305691863924419,0.6534681683795425,0.5305691863924419,0.6792633155513281,0.6079494824257192,0.5305691863924419,0.530569186392442,0.58889580625614,0.5305691863924419,0.5425528918699013
42,proto,17,0.550125667400435,0.7082697951836411,0.550125667400435,0.7314260532499882,0.6769587754800225,0.550125667400435,0.5501256674004351,0.653025759164619,0.550125667400435,0.5566169215546968
42,proto,18,0.5998438113161154,0.6706184686904316,0.5998438113161154,0.7410921364186042,0.6756835928632252,0.5998438113161154,0.5998438113161155,0.6394757096832402,0.5998438113161154,0.6144164683202883
42,proto,19,0.614660084712475,0.6675289596007699,0.614660084712475,0.7268364375684692,0.6372477811406049,0.614660084712475,0.614660084712475,0.6218857710934517,0.614660084712475,0.6421320192434191
42,clf,0,0.6907571852323636,0.6922538226775372,0.6907571852323636,0.7463269205177683,0.6315112672443732,0.6907571852323636,0.6907571852323636,0.5850667433350492,0.6907571852323636,0.6829407821575584
42,clf,1,0.3514080909789791,0.4907751598027481,0.3514080909789791,0.619160640835111,0.5328072872188919,0.3514080909789791,0.3514080909789791,0.34742619821565573,0.3514080909789791,0.2645972377375898
42,clf,2,0.552054515872229,0.6355609524774266,0.552054515872229,0.6812977227205077,0.5407847436824296,0.552054515872229,0.552054515872229,0.47063043451001363,0.552054515872229,0.5280755278318332
42,clf,3,0.5178323002993214,0.5943068782497372,0.5178323002993214,0.6876823180073195,0.6422221465150222,0.5178323002993214,0.5178323002993214,0.5511161222808438,0.5178323002993214,0.5156275266150226
42,clf,4,0.6238387717964199,0.6207313535733627,0.6238387717964199,0.7179026553745265,0.6591872548387354,0.6238387717964199,0.6238387717964198,0.5591067675829603,0.6238387717964199,0.6184686988540717
42,clf,5,0.5873097809446275,0.643783117227384,0.5873097809446275,0.7032554248914835,0.5877544802290591,0.5873097809446275,0.5873097809446275,0.5567294298509815,0.5873097809446275,0.5998997278523166
42,clf,6,0.717920895189383,0.698069225370095,0.717920895189383,0.7427636978441248,0.6710272372653576,0.717920895189383,0.717920895189383,0.6610477512489922,0.717920895189383,0.7186287704355165
42,clf,7,0.5730078485557054,0.6703837882293263,0.5730078485557054,0.7260313323992,0.6024154103284918,0.5730078485557054,0.5730078485557053,0.5809491049987614,0.5730078485557054,0.5943073628973027
42,clf,8,0.6948059363966003,0.6609640980134465,0.6948059363966003,0.7254148963676453,0.7135176004792328,0.6948059363966003,0.6948059363966004,0.6699178875574354,0.6948059363966003,0.6960397115689272
42,clf,9,0.393225083523497,0.5776314752170681,0.393225083523497,0.6059509157518526,0.5052001480179448,0.393225083523497,0.393225083523497,0.39694055647304294,0.393225083523497,0.330015030753303
42,clf,10,0.6175787724636228,0.7101354590605701,0.6175787724636228,0.7507160907844233,0.6971575050298853,0.6175787724636228,0.6175787724636228,0.6367023308167435,0.6175787724636228,0.597827087531611
42,clf,11,0.47335662472611456,0.5901458121438985,0.47335662472611456,0.6561437079923442,0.4866528823110683,0.47335662472611456,0.47335662472611456,0.4278696597216005,0.47335662472611456,0.45550914778374596
42,clf,12,0.37334670960678423,0.5644004179784594,0.37334670960678423,0.6302929241632439,0.39306006301851437,0.37334670960678423,0.37334670960678423,0.3138339686905139,0.37334670960678423,0.3234988592204454
42,clf,13,0.5673542791081002,0.6585615068983344,0.5673542791081002,0.7181556815983713,0.5547790236008523,0.5673542791081002,0.5673542791081001,0.5325528597118098,0.5673542791081002,0.5550040117687601
42,clf,14,0.5682407855599436,0.673973247901424,0.5682407855599436,0.7340130182738231,0.5600366949092144,0.5682407855599436,0.5682407855599436,0.49523305481335056,0.5682407855599436,0.548320610707101
42,clf,15,0.40140166520108134,0.5625128730945896,0.40140166520108134,0.6707536573992121,0.6037970908751102,0.40140166520108134,0.40140166520108134,0.4610981751557756,0.40140166520108134,0.3660319720902918
42,clf,16,0.3840022569673692,0.5344515261738028,0.3840022569673692,0.6535729481549771,0.5781535847399932,0.3840022569673692,0.3840022569673692,0.44959311868074925,0.3840022569673692,0.3315322545337385
42,clf,17,0.6438837606049728,0.6976556139641152,0.6438837606049728,0.7393024265080578,0.7038185622038288,0.6438837606049728,0.6438837606049728,0.6445267759944331,0.6438837606049728,0.6091110924035021
42,clf,18,0.5414301913803882,0.5650498525971539,0.5414301913803882,0.6722477921477332,0.6066815666465324,0.5414301913803882,0.5414301913803881,0.49119227870948684,0.5414301913803882,0.5118632145868508
42,clf,19,0.45734505442303997,0.5885513731896446,0.45734505442303997,0.6478524623837131,0.5228228369637968,0.45734505442303997,0.45734505442303997,0.45264386927813727,0.45734505442303997,0.4468211561693321
43,proto,0,0.6209483333074691,0.7122587915175818,0.6209483333074691,0.7730333608711019,0.662726966761438,0.6209483333074691,0.6209483333074691,0.6381338795766962,0.6209483333074691,0.6508229782935415
43,proto,1,0.43503938123708163,0.6078124917032884,0.43503938123708163,0.5953626192673854,0.5744355933674468,0.43503938123708163,0.4350393812370817,0.5271189949505761,0.43503938123708163,0.44859871798538437
43,proto,2,0.5957783336150516,0.7016341722810833,0.5957783336150516,0.7415934899252199,0.6271325875716802,0.5957783336150516,0.5957783336150516,0.6240795631698197,0.5957783336150516,0.6350293725890114
43,proto,3,0.595752965034197,0.6960089209900296,0.595752965034197,0.7418131081372585,0.6637151413760592,0.595752965034197,0.595752965034197,0.6487795490368787,0.595752965034197,0.6263356951230927
43,proto,4,0.6687247121479168,0.6917215860905885,0.6687247121479168,0.7511069256800749,0.6777677997484128,0.6687247121479168,0.6687247121479168,0.6629386251316876,0.6687247121479168,0.6912506533885803
43,proto,5,0.6233772123051927,0.7156982958864324,0.6233772123051927,0.7566139525977517,0.6450085118841814,0.6233772123051927,0.6233772123051928,0.6542814728118458,0.6233772123051927,0.6651635862201947
43,proto,6,0.6134917361150927,0.7267922501547037,0.6134917361150927,0.7832258678320939,0.6687336787528412,0.6134917361150927,0.6134917361150927,0.668500591274191,0.6134917361150927,0.6688141693039148
43,proto,7,0.5395139807364192,0.6922691688789346,0.5395139807364192,0.75164820177086,0.6217599228968969,0.5395139807364192,0.5395139807364192,0.6076441772368533,0.5395139807364192,0.5845462459791855
43,proto,8,0.6561077924939295,0.7459078376587056,0.6561077924939295,0.7783960995908952,0.7020894800913493,0.6561077924939295,0.6561077924939294,0.703228089708946,0.6561077924939295,0.6868646199645028
43,proto,9,0.591009597965607,0.6771171977546134,0.591009597965607,0.7182426981884558,0.6093866065918222,0.591009597965607,0.5910095979656071,0.6080001846783498,0.591009597965607,0.6131556053618125
43,proto,10,0.6553971934543857,0.6988446891392238,0.6553971934543857,0.7569451566881668,0.6664113350793297,0.6553971934543857,0.6553971934543857,0.6667430738124401,0.6553971934543857,0.6835647818242554
43,proto,11,0.5422903070741263,0.6605700999835056,0.5422903070741263,0.730628427802398,0.6034026322311585,0.5422903070741263,0.5422903070741263,0.5880349572759236,0.5422903070741263,0.5829997767958064
43,proto,12,0.429194664643623,0.6283438863324792,0.429194664643623,0.62408084538167,0.505593234562243,0.429194664643623,0.429194664643623,0.5287603077522203,0.429194664643623,0.4845573316325591
43,proto,13,0.5863587844007946,0.7029139429738751,0.5863587844007946,0.7542650860389755,0.6421719559172578,0.5863587844007946,0.5863587844007946,0.6258899511881468,0.5863587844007946,0.6228957807398856
43,proto,14,0.44718489132815487,0.6639542004538608,0.44718489132815487,0.7108058328512457,0.587637041525573,0.44718489132815487,0.44718489132815487,0.5528063644839201,0.44718489132815487,0.4713264067090136
43,proto,15,0.45553914599692624,0.6962435828888811,0.45553914599692624,0.7108642360957268,0.6189845326747362,0.45553914599692624,0.4555391459969262,0.6109139582558141,0.45553914599692624,0.5156127189680917
43,proto,16,0.5428416323129929,0.6540753373332876,0.5428416323129929,0.6814303576615828,0.6160456795302874,0.5428416323129929,0.5428416323129929,0.5920819882690597,0.5428416323129929,0.5486522330780765
43,proto,17,0.49393695563834367,0.7178017836318632,0.49393695563834367,0.7548476673780941,0.6769260176544196,0.49393695563834367,0.4939369556383436,0.6435658897845256,0.49393695563834367,0.5063450299921735
43,proto,18,0.5919177559901213,0.6725920653429377,0.5919177559901213,0.737116264466214,0.6631062426895782,0.5919177559901213,0.5919177559901212,0.6384049070434774,0.5919177559901213,0.6097229920818976
43,proto,19,0.5869365933229709,0.6609950710514132,0.5869365933229709,0.73924765843012,0.6328266989040172,0.5869365933229709,0.5869365933229709,0.616149756801367,0.5869365933229709,0.6355710743684344
43,clf,0,0.6822409619319819,0.6811322905588564,0.6822409619319819,0.7364954667669241,0.6149679543355338,0.6822409619319819,0.6822409619319818,0.5691850196897739,0.6822409619319819,0.6716662304381078
43,clf,1,0.34886937438942334,0.517225329293939,0.34886937438942334,0.6548790047968054,0.5265229383661795,0.34886937438942334,0.34886937438942334,0.33950230485279614,0.34886937438942334,0.26095702148431776
43,clf,2,0.5664404526461057,0.6612652099255127,0.5664404526461057,0.6921654222019445,0.5456105783913032,0.5664404526461057,0.5664404526461057,0.4858479848744601,0.5664404526461057,0.5517115680471838
43,clf,3,0.5232079304599807,0.585529056128434,0.5232079304599807,0.6859864875443062,0.6371788640314914,0.5232079304599807,0.5232079304599807,0.5418468321224056,0.5232079304599807,0.51897878527234
43,clf,4,0.6142961896112781,0.6136374357714354,0.6142961896112781,0.7153880352305882,0.6488353750685796,0.6142961896112781,0.6142961896112781,0.5458898581367692,0.6142961896112781,0.6094377622060764
43,clf,5,0.601522412211933,0.6602211787339273,0.601522412211933,0.7153691664221302,0.5881601684032725,0.601522412211933,0.6015224122119329,0.5592877267311599,0.601522412211933,0.6103214663031582
43,clf,6,0.7256371254034,0.7154487632832023,0.7256371254034,0.7526017579848152,0.6849108999696616,0.7256371254034,0.7256371254034,0.6783251941030535,0.7256371254034,0.727627982198331
43,clf,7,0.5650932230298765,0.6639383480571435,0.5650932230298765,0.7196991959834893,0.5999147526675028,0.5650932230298765,0.5650932230298765,0.5727605275284752,0.5650932230298765,0.5883562785116
43,clf,8,0.693669089443576,0.662260767335272,0.693669089443576,0.7255264130056098,0.7201955351027498,0.693669089443576,0.693669089443576,0.6722665416838619,0.693669089443576,0.6954577116641198
43,clf,9,0.40670695098186166,0.6163705381811503,0.40670695098186166,0.6491158473813878,0.5372052334685566,0.40670695098186166,0.4067069509818616,0.45030025885189795,0.40670695098186166,0.3537540279364209
43,clf,10,0.6247248136222403,0.7042288385983559,0.6247248136222403,0.7499493805995061,0.7002336899135517,0.6247248136222403,0.6247248136222403,0.6424525348500438,0.6247248136222403,0.606752981657978
43,clf,11,0.4918430720031877,0.5869543727071624,0.4918430720031877,0.6475196414726471,0.49064113307735835,0.4918430720031877,0.4918430720031877,0.44042810073187444,0.4918430720031877,0.4732389847152415
43,clf,12,0.35604124875491844,0.5848348026232499,0.35604124875491844,0.6312322083669265,0.4112173892846136,0.35604124875491844,0.3560412487549184,0.3380185066531388,0.35604124875491844,0.31188645009840243
43,clf,13,0.5735201452086417,0.6690083873072281,0.5735201452086417,0.7228806960163852,0.5724050150846096,0.5735201452086417,0.5735201452086417,0.547147352524108,0.5735201452086417,0.5618133491337675
43,clf,14,0.5709571751406864,0.6935716926952724,0.5709571751406864,0.7477032641740526,0.555131201654373,0.5709571751406864,0.5709571751406864,0.4942594999637197,0.5709571751406864,0.5511421451803897
43,clf,15,0.40892219493421966,0.5456059392783413,0.40892219493421966,0.6548070187077233,0.6053668723524632,0.40892219493421966,0.40892219493421966,0.4544748742907049,0.40892219493421966,0.3705441477543415
43,clf,16,0.38346570683603337,0.5323395671031639,0.38346570683603337,0.6545670556032976,0.5719011491244965,0.38346570683603337,0.3834657068360333,0.44090422920961075,0.38346570683603337,0.3276013485644927
43,clf,17,0.6352803734626803,0.6934743241227874,0.6352803734626803,0.736813321534068,0.7151568075255373,0.6352803734626803,0.6352803734626803,0.6507866687842232,0.6352803734626803,0.6049312252215455
43,clf,18,0.530169886788294,0.5558848751891579,0.530169886788294,0.6710649368721658,0.5959287734879686,0.530169886788294,0.530169886788294,0.472699108368163,0.530169886788294,0.5016280528307729
43,clf,19,0.4972634921124622,0.6167042454098496,0.4972634921124622,0.6694523733435307,0.5393736546692356,0.4972634921124622,0.4972634921124622,0.47667845691223804,0.4972634921124622,0.4974764941804401
44,proto,0,0.6067770537562087,0.7137584008924194,0.6067770537562087,0.7710990916960909,0.6643086590276776,0.6067770537562087,0.6067770537562086,0.6390736907391679,0.6067770537562087,0.6394493566788866
44,proto,1,0.5135746532751535,0.6494703558725881,0.5135746532751535,0.6419209758581241,0.6041730148581606,0.5135746532751535,0.5135746532751535,0.5593424559655225,0.5135746532751535,0.5184921348589938
44,proto,2,0.6410387625410695,0.7076513274692426,0.6410387625410695,0.7420806966406799,0.6377151886171386,0.6410387625410695,0.6410387625410694,0.645188704711311,0.6410387625410695,0.6680214646327305
44,proto,3,0.5875549176343511,0.6840812565990306,0.5875549176343511,0.7360006934857939,0.6586353708196339,0.5875549176343511,0.587554917634351,0.6416406140834334,0.5875549176343511,0.6246726799246793
44,proto,4,0.6740522999778001,0.6912128601582928,0.6740522999778001,0.7418865322080852,0.6754959982118373,0.6740522999778001,0.6740522999778001,0.6637346068745662,0.6740522999778001,0.691453390631933
44,proto,5,0.6129785102101104,0.7026295380909906,0.6129785102101104,0.7481804566901654,0.632434966487904,0.6129785102101104,0.6129785102101104,0.640385317234121,0.6129785102101104,0.6526732214703156
44,proto,6,0.6125128620098811,0.7324068468481415,0.6125128620098811,0.7777130957177202,0.6660891510624695,0.6125128620098811,0.6125128620098812,0.669866786117836,0.6125128620098811,0.6671221398067697
44,proto,7,0.5426527153720497,0.693102236381459,0.5426527153720497,0.7546537003419818,0.6240359158675848,0.5426527153720497,0.5426527153720497,0.6090712533457758,0.5426527153720497,0.5875737637152297
44,proto,8,0.667777618462677,0.740452248640446,0.667777618462677,0.7712000116389657,0.704054771864774,0.667777618462677,0.6677776184626769,0.6993341243958267,0.667777618462677,0.6882660157091054
44,proto,9,0.5709094115855242,0.6556261741300483,0.5709094115855242,0.7057940003354878,0.6137102046780839,0.5709094115855242,0.5709094115855242,0.5999978108943527,0.5709094115855242,0.6054529812368108
44,proto,10,0.6432401606379426,0.70955405210846,0.6432401606379426,0.7622253733402455,0.6672118082392715,0.6432401606379426,0.6432401606379426,0.671034535263705,0.6432401606379426,0.6734282071948554
44,proto,11,0.5663544968318546,0.6408731570834818,0.5663544968318546,0.715911560176262,0.5972285415711588,0.5663544968318546,0.5663544968318546,0.5851559009190268,0.5663544968318546,0.607729988381898
44,proto,12,0.4276327778047777,0.6140538474260766,0.4276327778047777,0.6491526612965708,0.5028506360173528,0.4276327778047777,0.4276327778047777,0.5028754694757694,0.4276327778047777,0.47723052223581175
44,proto,13,0.5693088678615671,0.7031165036821525,0.5693088678615671,0.7478184528771598,0.6452685503752935,0.5693088678615671,0.5693088678615671,0.6308201664155028,0.5693088678615671,0.6156273746505478
44,proto,14,0.467496482548693,0.6329290198855226,0.467496482548693,0.6597315918307866,0.5946432078130373,0.467496482548693,0.467496482548693,0.5533244140144986,0.467496482548693,0.4908775401104044
44,proto,15,0.4147294626702262,0.6944429982212175,0.4147294626702262,0.7024131168319179,0.6110466743260063,0.4147294626702262,0.4147294626702262,0.6004320787882362,0.4147294626702262,0.46462165361033514
44,proto,16,0.5229371464137886,0.6574966702964772,0.5229371464137886,0.6708006511197803,0.612018512930729,0.5229371464137886,0.5229371464137886,0.5895319260166344,0.5229371464137886,0.5216617129962393
44,proto,17,0.5033363400832034,0.7175243339552375,0.5033363400832034,0.7491934205815054,0.6766796635029929,0.5033363400832034,0.5033363400832034,0.645814836557315,0.5033363400832034,0.5150748652843449
44,proto,18,0.562741100251149,0.6683840335198581,0.562741100251149,0.7477000735273667,0.6512853060941677,0.562741100251149,0.562741100251149,0.6285137217302351,0.562741100251149,0.5998393278639208
44,proto,19,0.5537819025004593,0.6474877825537722,0.5537819025004593,0.7302726105491444,0.6178019962643626,0.5537819025004593,0.5537819025004592,0.6002000795902339,0.5537819025004593,0.6046011249671619
44,clf,0,0.684881896246593,0.6990606691572103,0.684881896246593,0.7472702671402758,0.633483746566314,0.684881896246593,0.684881896246593,0.5920613062171394,0.684881896246593,0.6804591840338611
44,clf,1,0.3540054433726348,0.5231866001874665,0.3540054433726348,0.6539537893075695,0.5359045699710873,0.3540054433726348,0.3540054433726348,0.352876007442147,0.3540054433726348,0.2690142330123952
44,clf,2,0.5706358397831943,0.6848224779471594,0.5706358397831943,0.697990914812629,0.5459953440979703,0.5706358397831943,0.5706358397831943,0.5002033034732862,0.5706358397831943,0.5533806363647685
44,clf,3,0.521593726730948,0.5963813497323831,0.521593726730948,0.6865731784416024,0.6359203365035162,0.521593726730948,0.5215937267309481,0.5498044258102347,0.521593726730948,0.5210249242818268
44,clf,4,0.6101402027609379,0.6123815232982204,0.6101402027609379,0.7114553198214255,0.6398778785639346,0.6101402027609379,0.6101402027609379,0.5409446071047694,0.6101402027609379,0.6021690335158562
44,clf,5,0.5939952847892684,0.6546090361297681,0.5939952847892684,0.7126341962695968,0.5883091540315464,0.5939952847892684,0.5939952847892684,0.5613892719088547,0.5939952847892684,0.606991052337974
44,clf,6,0.7267190535605083,0.7083548097337674,0.7267190535605083,0.7493063588828694,0.6960325977472601,0.7267190535605083,0.7267190535605081,0.6851711589151539,0.7267190535605083,0.7291265675742342
44,clf,7,0.5691097291481184,0.6687972880043134,0.5691097291481184,0.7255024697303385,0.5980548927824436,0.5691097291481184,0.5691097291481184,0.5756711493787054,0.5691097291481184,0.5952890978474387
44,clf,8,0.6818976962262052,0.6596308393610653,0.6818976962262052,0.7210309925569086,0.7155724715175626,0.6818976962262052,0.6818976962262052,0.6672657839926908,0.6818976962262052,0.6822747431212062
44,clf,9,0.401347489806802,0.6167741888735778,0.401347489806802,0.654109238127321,0.5261412076084124,0.401347489806802,0.401347489806802,0.4371432970152978,0.401347489806802,0.3485791526177453
44,clf,10,0.6255552861757124,0.702745598429162,0.6255552861757124,0.746777370271204,0.6979449373174758,0.6255552861757124,0.6255552861757124,0.6371080425067341,0.6255552861757124,0.6063126542048114
44,clf,11,0.4593689653791353,0.5697344035479943,0.4593689653791353,0.6478338105498554,0.45783934352737277,0.4593689653791353,0.4593689653791353,0.3944316853887495,0.4593689653791353,0.44407258242278164
44,clf,12,0.3731107725123156,0.568153746272603,0.3731107725123156,0.6193710725512227,0.4090288051409009,0.3731107725123156,0.3731107725123156,0.335018155002864,0.3731107725123156,0.32626073689471224
44,clf,13,0.5607937596636405,0.6428703495181821,0.5607937596636405,0.7097081276600448,0.5519676526513712,0.5607937596636405,0.5607937596636405,0.5195109713829983,0.5607937596636405,0.548317835728146
44,clf,14,0.5751874092294986,0.6877122233910791,0.5751874092294986,0.7446990101851736,0.5610666747486638,0.5751874092294986,0.5751874092294986,0.4973047785716844,0.5751874092294986,0.554135066437132
44,clf,15,0.39412078957059543,0.5365475581164756,0.39412078957059543,0.6529068054196353,0.6022151863752183,0.39412078957059543,0.3941207895705954,0.43911910292012596,0.39412078957059543,0.3565234605328058
44,clf,16,0.3812126423254049,0.5282977337278011,0.3812126423254049,0.6458267098121505,0.5707270057904066,0.3812126423254049,0.3812126423254049,0.43207836231582225,0.3812126423254049,0.3245382552339767
44,clf,17,0.6453823653794885,0.701191542965676,0.6453823653794885,0.7396205906458282,0.7167427788524976,0.6453823653794885,0.6453823653794883,0.6537980895684453,0.6453823653794885,0.6115447019361977
44,clf,18,0.5487014957148006,0.5562018112857627,0.5487014957148006,0.6744331733791997,0.5971995354431056,0.5487014957148006,0.5487014957148006,0.47721441303011713,0.5487014957148006,0.5179444058968476
44,clf,19,0.4672947419295157,0.6091382885370509,0.4672947419295157,0.6594516843199227,0.5164347829886815,0.4672947419295157,0.4672947419295157,0.4592298065720918,0.4672947419295157,0.4644623619204783
45,proto,0,0.6053610594885787,0.710525171067789,0.6053610594885787,0.7681529439321099,0.6608115028986692,0.6053610594885787,0.6053610594885788,0.6338154310207598,0.6053610594885787,0.6370824167584472
45,proto,1,0.4789240525090595,0.6252202388235152,0.4789240525090595,0.6175287333866185,0.5930310479588139,0.4789240525090595,0.47892405250905956,0.5384637962653432,0.4789240525090595,0.48586112369870654
45,proto,2,0.6177882258747817,0.7057311573127504,0.6177882258747817,0.7511783851201275,0.6397075086016445,0.6177882258747817,0.6177882258747817,0.6378070317533522,0.6177882258747817,0.6542855073588423
45,proto,3,0.6361132620714719,0.7076631870234644,0.6361132620714719,0.7364776588907931,0.6757188232320408,0.6361132620714719,0.636113262071472,0.6677525654769159,0.6361132620714719,0.6554115573756301
45,proto,4,0.6687999815636394,0.7039951203360488,0.6687999815636394,0.7483041883817014,0.6820661069809558,0.6687999815636394,0.6687999815636394,0.666819214814085,0.6687999815636394,0.6846039667395458
45,proto,5,0.6210790790703353,0.7046874674831565,0.6210790790703353,0.7578935957118105,0.6476012942574552,0.6210790790703353,0.6210790790703353,0.6483911403509162,0.6210790790703353,0.6611087584718932
45,proto,6,0.6259471517634927,0.7211162436194323,0.6259471517634927,0.77261525311448,0.6707220835948478,0.6259471517634927,0.6259471517634927,0.6643062527358539,0.6259471517634927,0.6728699743364503
45,proto,7,0.5550468003854165,0.6897483992985369,0.5550468003854165,0.7467170226150782,0.6253682802583049,0.5550468003854165,0.5550468003854165,0.6136381702081121,0.5550468003854165,0.5984644750000507
45,proto,8,0.6348971499189274,0.7459437202390308,0.6348971499189274,0.7901911645218873,0.6907709131690777,0.6348971499189274,0.6348971499189274,0.6893940730920881,0.6348971499189274,0.6758077164555769
45,proto,9,0.5597417534224121,0.647769674906391,0.5597417534224121,0.7030360548922375,0.6096100585806483,0.5597417534224121,0.5597417534224121,0.5957381457738965,0.5597417534224121,0.5953094774227422
45,proto,10,0.6486770285084306,0.7113588615922751,0.6486770285084306,0.7636733188346767,0.6681074978551738,0.6486770285084306,0.6486770285084306,0.674539129513572,0.6486770285084306,0.6828139733964884
45,proto,11,0.5570918053629552,0.6589609994690803,0.5570918053629552,0.729045335935251,0.6054384773144406,0.5570918053629552,0.5570918053629552,0.5923548940261028,0.5570918053629552,0.5969083186131013
45,proto,12,0.5032859746223125,0.6353331358667871,0.5032859746223125,0.6496745831898579,0.5367488827961502,0.5032859746223125,0.5032859746223125,0.550621836210893,0.5032859746223125,0.5496374272459361
45,proto,13,0.5946794930707069,0.6977365449583413,0.5946794930707069,0.750707567936541,0.6504642367207673,0.5946794930707069,0.5946794930707069,0.6326820225346318,0.5946794930707069,0.6336296021636113
45,proto,14,0.46370020916534305,0.650252338558337,0.46370020916534305,0.701635972328792,0.5865330417127559,0.46370020916534305,0.463700209165343,0.5489582844920979,0.46370020916534305,0.489438876055041
45,proto,15,0.532849477988017,0.6981636487707397,0.532849477988017,0.7040990426047911,0.6440991319720542,0.532849477988017,0.5328494779880169,0.6359926044359893,0.532849477988017,0.5814506296380217
45,proto,16,0.5328811654827841,0.6654297609778392,0.5328811654827841,0.6785871866550913,0.6174919267402634,0.5328811654827841,0.5328811654827841,0.5988804206170834,0.5328811654827841,0.5402464423211251
45,proto,17,0.519071364977401,0.7065016520533496,0.519071364977401,0.7664531362105758,0.6800527006066173,0.519071364977401,0.519071364977401,0.6360622553794539,0.519071364977401,0.5341714813499369
45,proto,18,0.5932606181217345,0.6395812464155969,0.5932606181217345,0.7379609868008056,0.6744961060412733,0.5932606181217345,0.5932606181217345,0.6215610357401288,0.5932606181217345,0.6041417594539011
45,proto,19,0.6174700499742458,0.6586023650216987,0.6174700499742458,0.7275130982388651,0.6379631406538562,0.6174700499742458,0.6174700499742458,0.620012606218056,0.6174700499742458,0.6496525178056223
45,clf,0,0.6900672155882402,0.6950840718975813,0.6900672155882402,0.7454445608530095,0.6315752349148465,0.6900672155882402,0.6900672155882401,0.5887918979508937,0.6900672155882402,0.681721510097082
45,clf,1,0.3510286773686147,0.516626642551596,0.3510286773686147,0.6410226718042261,0.5323548294505712,0.3510286773686147,0.3510286773686147,0.3486401983342451,0.3510286773686147,0.26271089635651707
45,clf,2,0.5960363869082139,0.6933348365321688,0.5960363869082139,0.7067059251009252,0.5612556384905895,0.5960363869082139,0.5960363869082139,0.5164308687379222,0.5960363869082139,0.5808688138647584
45,clf,3,0.5083631290258103,0.5840645262677553,0.5083631290258103,0.6817009424477829,0.6393183937840949,0.5083631290258103,0.5083631290258103,0.5410801503960034,0.5083631290258103,0.49986524758694934
45,clf,4,0.6016140364636644,0.618541967720559,0.6016140364636644,0.7085413405309299,0.6407258710923263,0.6016140364636644,0.6016140364636644,0.5450116105394279,0.6016140364636644,0.5991751706364975
45,clf,5,0.5936763654870958,0.6543904988907419,0.5936763654870958,0.7145370092069468,0.5957234615002927,0.5936763654870958,0.5936763654870958,0.5666151807074123,0.5936763654870958,0.6082345170468246
45,clf,6,0.7202468130604145,0.7116313123453305,0.7202468130604145,0.7515754403412074,0.6789992192614098,0.7202468130604145,0.7202468130604145,0.6678667912126675,0.7202468130604145,0.7227758426910049
45,clf,7,0.5668219106109711,0.6633082331601108,0.5668219106109711,0.7189354650438691,0.5997478520568535,0.5668219106109711,0.5668219106109711,0.5720301373158602,0.5668219106109711,0.5879139610825087
45,clf,8,0.7048426948197822,0.6700845949740615,0.7048426948197822,0.728213903014497,0.7128032803200586,0.7048426948197822,0.7048426948197822,0.671497148089166,0.7048426948197822,0.7025604364159665
45,clf,9,0.4052424497574327,0.610583057375054,0.4052424497574327,0.6467288857094446,0.53292484515631,0.4052424497574327,0.40524244975743273,0.4506345032653163,0.4052424497574327,0.3560198829784851
45,clf,10,0.6206154752246071,0.698180105111918,0.6206154752246071,0.7466623810578267,0.6938524765900949,0.6206154752246071,0.6206154752246071,0.6304343647435826,0.6206154752246071,0.5989570833463136
45,clf,11,0.4743943204858353,0.6068205004307283,0.4743943204858353,0.6647708256136485,0.46939120416076563,0.4743943204858353,0.4743943204858353,0.4186879967874642,0.4743943204858353,0.4664826887503109
45,clf,12,0.3688840695812781,0.560771383440702,0.3688840695812781,0.6234229754240375,0.4056923699324747,0.3688840695812781,0.36888406958127806,0.3180766061242783,0.3688840695812781,0.31722521329048836
45,clf,13,0.5754247402020362,0.6587549139643365,0.5754247402020362,0.7177554974454703,0.5522586063785032,0.5754247402020362,0.5754247402020362,0.5278877918881992,0.5754247402020362,0.563099195833223
45,clf,14,0.5731557854814218,0.6951326825881623,0.5731557854814218,0.7534533124088036,0.5534418325835029,0.5731557854814218,0.5731557854814218,0.4952070756470491,0.5731557854814218,0.5552009857162898
45,clf,15,0.4032178883249052,0.5372774675119147,0.4032178883249052,0.6491478033621708,0.6035457413976635,0.4032178883249052,0.4032178883249052,0.4454121037551141,0.4032178883249052,0.36539018160140013
45,clf,16,0.37915825190220215,0.5416949206397609,0.37915825190220215,0.6585220278182378,0.5680810605756321,0.37915825190220215,0.37915825190220215,0.438976239688962,0.37915825190220215,0.32569123852534304
45,clf,17,0.6264620503221577,0.6999206636433413,0.6264620503221577,0.7362813740265033,0.6901971644489043,0.6264620503221577,0.6264620503221578,0.6326436041567152,0.6264620503221577,0.5950453402774992
45,clf,18,0.5144492653008086,0.5527078459267518,0.5144492653008086,0.6585807606615857,0.5868969191108462,0.5144492653008086,0.5144492653008087,0.46284552417347996,0.5144492653008086,0.4867933981927335
45,clf,19,0.4643467827389202,0.6090210970309855,0.4643467827389202,0.6576131157502559,0.5168082434123826,0.4643467827389202,0.4643467827389202,0.4627611464464323,0.4643467827389202,0.4635302835640265
46,proto,0,0.6204431918952866,0.719575554944155,0.6204431918952866,0.7780125008464371,0.6691357415593916,0.6204431918952866,0.6204431918952866,0.6453728762607949,0.6204431918952866,0.6500295669565548
46,proto,1,0.4162672818810812,0.6158390248096943,0.4162672818810812,0.5957886489278882,0.5791620342052857,0.4162672818810812,0.41626728188108125,0.5237842470677505,0.4162672818810812,0.4169335752401834
46,proto,2,0.599303730027005,0.7005652281823387,0.599303730027005,0.7424847766719169,0.6307240292342358,0.599303730027005,0.599303730027005,0.6324428147204215,0.599303730027005,0.6401414539566328
46,proto,3,0.60158745985515,0.6886248270682851,0.60158745985515,0.734762001213151,0.6634219096544081,0.60158745985515,0.60158745985515,0.6436311932929144,0.60158745985515,0.6273357851275733
46,proto,4,0.5979913473624993,0.6361482212348633,0.5979913473624993,0.6975996999118447,0.6134918843396099,0.5979913473624993,0.5979913473624994,0.5974309127644688,0.5979913473624993,0.6231875153071068
46,proto,5,0.6047669886555981,0.7166132395347411,0.6047669886555981,0.7508264764757144,0.6338966464073726,0.6047669886555981,0.6047669886555982,0.6495046867544114,0.6047669886555981,0.6501148714433119
46,proto,6,0.6319188971116337,0.7304026969718249,0.6319188971116337,0.7794041036068746,0.6753018963963625,0.6319188971116337,0.6319188971116338,0.6762733569308719,0.6319188971116337,0.6806896012994044
46,proto,7,0.5631115930418722,0.6839428223396492,0.5631115930418722,0.7291646269539684,0.6247635178163744,0.5631115930418722,0.5631115930418722,0.616341770919101,0.5631115930418722,0.5992420933519729
46,proto,8,0.6573865362343715,0.7373923937304212,0.6573865362343715,0.778585887498841,0.6969939345621177,0.6573865362343715,0.6573865362343715,0.6911832646901119,0.6573865362343715,0.6863513004108914
46,proto,9,0.575715317316807,0.6504968292214952,0.575715317316807,0.7032788619319321,0.6037243816584998,0.575715317316807,0.575715317316807,0.5941730799124296,0.575715317316807,0.6027851402421516
46,proto,10,0.6638312708739048,0.7053450148158735,0.6638312708739048,0.7487445052156563,0.6714762273544177,0.6638312708739048,0.6638312708739049,0.6747832002319036,0.6638312708739048,0.6854549151768181
46,proto,11,0.5582146206100855,0.6485467825896711,0.5582146206100855,0.7206633951665391,0.5987700745571534,0.5582146206100855,0.5582146206100855,0.5825743082284486,0.5582146206100855,0.5998003479535186
46,proto,12,0.4166391685498734,0.6175255744882256,0.4166391685498734,0.6118908485706178,0.5015181041573831,0.4166391685498734,0.4166391685498734,0.5184270733610448,0.4166391685498734,0.4711463429400209
46,proto,13,0.5852250969047265,0.6994939834585612,0.5852250969047265,0.7562810090178846,0.6447535081930721,0.5852250969047265,0.5852250969047266,0.6259608294694755,0.5852250969047265,0.6246727106559159
46,proto,14,0.45529828386661403,0.6256228348702055,0.45529828386661403,0.6353658662936033,0.5900098483198757,0.45529828386661403,0.45529828386661403,0.5512938904246685,0.45529828386661403,0.4801629401207037
46,proto,15,0.47368548702517893,0.6962883450306863,0.47368548702517893,0.7128603667708312,0.614613162010661,0.47368548702517893,0.47368548702517893,0.6081802996713643,0.47368548702517893,0.5374695130569412
46,proto,16,0.5540143084371533,0.6652847414743631,0.5540143084371533,0.6811996902358058,0.6184367871331202,0.5540143084371533,0.5540143084371533,0.5989944993517304,0.5540143084371533,0.5460643906763609
46,proto,17,0.5048962754927522,0.7034567392176401,0.5048962754927522,0.7540666243751557,0.683997853519776,0.5048962754927522,0.5048962754927522,0.6402103955654022,0.5048962754927522,0.5156202324748792
46,proto,18,0.5808873483541971,0.6481737937572472,0.5808873483541971,0.7412722727896145,0.6659724584012676,0.5808873483541971,0.5808873483541971,0.6212786241257756,0.5808873483541971,0.6007569697134835
46,proto,19,0.5620624674819862,0.6543292430609455,0.5620624674819862,0.7243280745516613,0.6165368755439607,0.5620624674819862,0.5620624674819863,0.6004573948891774,0.5620624674819862,0.6083935689887583
46,clf,0,0.6913401050407928,0.6966814849652316,0.6913401050407928,0.7488735189246112,0.6368596554473362,0.6913401050407928,0.6913401050407928,0.5920214087477332,0.6913401050407928,0.6853735627018837
46,clf,1,0.35780106627955266,0.515562396173372,0.35780106627955266,0.6497875017576907,0.5348895071966022,0.35780106627955266,0.3578010662795526,0.35362274069556837,0.35780106627955266,0.2787599190870694
46,clf,2,0.5814222258318502,0.6817052338148877,0.5814222258318502,0.6943302819345298,0.5479467724694571,0.5814222258318502,0.5814222258318501,0.503579424987601,0.5814222258318502,0.5649308722297146
46,clf,3,0.5130940441169843,0.5851401007783186,0.5130940441169843,0.6797316603223207,0.637514545351721,0.5130940441169843,0.5130940441169842,0.5425590997330951,0.5130940441169843,0.5072982043996017
46,clf,4,0.5655874921931212,0.5502146470231437,0.5655874921931212,0.6671820099437125,0.5795013646874299,0.5655874921931212,0.5655874921931212,0.47774280794282864,0.5655874921931212,0.5588201992185278
46,clf,5,0.5880905385136409,0.6440158981947192,0.5880905385136409,0.7025682466959249,0.5855389620777913,0.5880905385136409,0.5880905385136409,0.5514653733011629,0.5880905385136409,0.5971514782837282
46,clf,6,0.7254875158240007,0.7070079972983507,0.7254875158240007,0.7497371287061486,0.6896959863690959,0.7254875158240007,0.7254875158240008,0.6787309618106154,0.7254875158240007,0.7272277078756775
46,clf,7,0.5474701438287024,0.6559868632037111,0.5474701438287024,0.7166655940928692,0.5752351662089452,0.5474701438287024,0.5474701438287024,0.5493322923720491,0.5474701438287024,0.5705747987874765
46,clf,8,0.7036433092040649,0.6738053012812806,0.7036433092040649,0.7278760760877833,0.7123078701503653,0.7036433092040649,0.7036433092040649,0.6775281325327631,0.7036433092040649,0.7032159520210692
46,clf,9,0.3988061713115175,0.5973491714063743,0.3988061713115175,0.6443969728871342,0.5201350192016395,0.3988061713115175,0.3988061713115175,0.4248028230851175,0.3988061713115175,0.34262775404785634
46,clf,10,0.6196580668416573,0.6959391382827866,0.6196580668416573,0.7437202577673138,0.6959270359851951,0.6196580668416573,0.6196580668416571,0.6364305358848426,0.6196580668416573,0.6007382374961552
46,clf,11,0.46365170220854407,0.5751643909241251,0.46365170220854407,0.6445205583922293,0.4678587592616791,0.46365170220854407,0.46365170220854407,0.41020158017100306,0.46365170220854407,0.44437510832751287
46,clf,12,0.35922523796518707,0.5556783561733426,0.35922523796518707,0.6141610764573435,0.3947224157339061,0.35922523796518707,0.359225237965187,0.3139926306578133,0.35922523796518707,0.3119614338929866
46,clf,13,0.5685703912606447,0.650251662038039,0.5685703912606447,0.714048035191103,0.5588024577443631,0.5685703912606447,0.5685703912606447,0.5314462686424875,0.5685703912606447,0.555738653666629
46,clf,14,0.5642062519520101,0.6941347941709153,0.5642062519520101,0.7463925634823613,0.5506461013697175,0.5642062519520101,0.56420625195201,0.4901512216302579,0.5642062519520101,0.5478775551641208
46,clf,15,0.3875583186968392,0.5527430653419828,0.3875583186968392,0.6669796065041592,0.5921954958392982,0.3875583186968392,0.38755831869683927,0.44715820678755064,0.3875583186968392,0.3548496589537721
46,clf,16,0.37432456153474525,0.5363613270517588,0.37432456153474525,0.6492131045460554,0.5651885798467533,0.37432456153474525,0.37432456153474525,0.43370578861751,0.37432456153474525,0.32161860173268764
46,clf,17,0.6473064746658479,0.7093050010818813,0.6473064746658479,0.7434631437886848,0.7202702876605553,0.6473064746658479,0.6473064746658479,0.6636722840298926,0.6473064746658479,0.6164108523872178
46,clf,18,0.5065227453487915,0.5362810510579512,0.5065227453487915,0.6656015004806072,0.5822392482383685,0.5065227453487915,0.5065227453487915,0.44609797458113726,0.5065227453487915,0.4776014012175038
46,clf,19,0.47259500974924784,0.5899204015020117,0.47259500974924784,0.6495020586622914,0.524730949042875,0.47259500974924784,0.47259500974924784,0.45419541730477986,0.47259500974924784,0.46562352327072476
47,proto,0,0.617814337857273,0.7215775743836266,0.617814337857273,0.7760206115134173,0.6621859967446885,0.617814337857273,0.617814337857273,0.6418113123970827,0.617814337857273,0.6488196637532582
47,proto,1,0.44500914058775004,0.6439514576189564,0.44500914058775004,0.6118194406576419,0.5685824410298552,0.44500914058775004,0.4450091405877501,0.5315572295949671,0.44500914058775004,0.46814801762219393
47,proto,2,0.6289230814406714,0.702643967598337,0.6289230814406714,0.7396790204858493,0.6361110266587648,0.6289230814406714,0.6289230814406714,0.6397222191603575,0.6289230814406714,0.6579417019619613
47,proto,3,0.5808192341792284,0.6945706415343259,0.5808192341792284,0.7440900785766069,0.6599206745894015,0.5808192341792284,0.5808192341792284,0.6454796599599901,0.5808192341792284,0.6210579518127075
47,proto,4,0.6595235371644599,0.6923988246237289,0.6595235371644599,0.746398419351211,0.6853559693277029,0.6595235371644599,0.6595235371644599,0.6640992942858026,0.6595235371644599,0.6772136178829625
47,proto,5,0.6217088331818807,0.7312305450331409,0.6217088331818807,0.7618702254490207,0.6399488543147764,0.6217088331818807,0.6217088331818807,0.6607845219034078,0.6217088331818807,0.6656247416340237
47,proto,6,0.6111344095249078,0.7194963175484713,0.6111344095249078,0.7733809398285434,0.6660764182190423,0.6111344095249078,0.6111344095249078,0.6639447542523701,0.6111344095249078,0.6640809885915009
47,proto,7,0.5654665965019422,0.6888475387000033,0.5654665965019422,0.7360906961013369,0.6281469081895489,0.5654665965019422,0.5654665965019422,0.6150768749296648,0.5654665965019422,0.5970001367505061
47,proto,8,0.6603161891596616,0.7556542526639943,0.6603161891596616,0.7862603222917535,0.7009296782416682,0.6603161891596616,0.6603161891596616,0.7030688865060342,0.6603161891596616,0.6881594025035787
47,proto,9,0.6032098410021872,0.6837374009777302,0.6032098410021872,0.7260047994796661,0.630550455317874,0.6032098410021872,0.6032098410021872,0.6213121047693468,0.6032098410021872,0.6263580709032393
47,proto,10,0.6486596514951712,0.7100504425631926,0.6486596514951712,0.7605521210902322,0.6743414444021947,0.6486596514951712,0.6486596514951712,0.6747273718123603,0.6486596514951712,0.6770285370534077
47,proto,11,0.5655773633458203,0.6579194875530889,0.5655773633458203,0.7266813298395497,0.6146968426567705,0.5655773633458203,0.5655773633458203,0.6000736719630733,0.5655773633458203,0.60640132441967
47,proto,12,0.46820159900116554,0.6451563448000968,0.46820159900116554,0.6462798664723295,0.5204223904566709,0.46820159900116554,0.46820159900116554,0.545380470639691,0.46820159900116554,0.5248631385566074
47,proto,13,0.5889502825065608,0.6984801468773191,0.5889502825065608,0.7519330389101849,0.6366685744016978,0.5889502825065608,0.5889502825065607,0.6240389361783312,0.5889502825065608,0.6344273395218932
47,proto,14,0.4820597206129384,0.6482319221191448,0.4820597206129384,0.6959574670749532,0.6047606585037838,0.4820597206129384,0.48205972061293834,0.5649849950935351,0.4820597206129384,0.5063806029401945
47,proto,15,0.46985306573724117,0.7044109236301254,0.46985306573724117,0.718098495512068,0.6281495584143901,0.46985306573724117,0.46985306573724117,0.6232230043857689,0.46985306573724117,0.5346063820895537
47,proto,16,0.5592111505041704,0.6540803461940714,0.5592111505041704,0.675775760054141,0.617747300443104,0.5592111505041704,0.5592111505041704,0.5986908032889037,0.5592111505041704,0.5610538772241002
47,proto,17,0.5162746880198875,0.6978315164597562,0.5162746880198875,0.7179981787531091,0.6639445851320496,0.5162746880198875,0.5162746880198875,0.6382461931093935,0.5162746880198875,0.5356689978527093
47,proto,18,0.5748398689643105,0.6298757666247564,0.5748398689643105,0.7284753874682013,0.6626009764904783,0.5748398689643105,0.5748398689643105,0.6092087973590141,0.5748398689643105,0.5892032154547965
47,proto,19,0.6370002331493383,0.6606385334131195,0.6370002331493383,0.7164566467289033,0.6426147790511663,0.6370002331493383,0.6370002331493383,0.6212852197693421,0.6370002331493383,0.6483464680935396
47,clf,0,0.6876409384962453,0.6846325177872884,0.6876409384962453,0.7413164863679638,0.6296969102317675,0.6876409384962453,0.6876409384962453,0.5825478126045829,0.6876409384962453,0.6784272805158191
47,clf,1,0.35293206433434937,0.5160240385022393,0.35293206433434937,0.6284948755395321,0.5339904791540253,0.35293206433434937,0.3529320643343493,0.35316553319856026,0.35293206433434937,0.2693664044603532
47,clf,2,0.5611442735353757,0.6598745595814727,0.5611442735353757,0.6906967498834418,0.5438567059563687,0.5611442735353757,0.5611442735353757,0.4848229012554873,0.5611442735353757,0.5387920885053341
47,clf,3,0.5227403308304549,0.5904402501884863,0.5227403308304549,0.6879791661110841,0.6439187499373563,0.5227403308304549,0.5227403308304549,0.5507404083143363,0.5227403308304549,0.5223635463894638
47,clf,4,0.6204921634781086,0.6144567752715527,0.6204921634781086,0.7136078038735327,0.6517577106112377,0.6204921634781086,0.6204921634781086,0.5535389812881011,0.6204921634781086,0.615852121276518
47,clf,5,0.5774699310299839,0.645884088001442,0.5774699310299839,0.7058028646007206,0.5867487147995877,0.5774699310299839,0.5774699310299839,0.5520622185265638,0.5774699310299839,0.5882025606941502
47,clf,6,0.7272188053108242,0.7037484702690867,0.7272188053108242,0.7452561435863824,0.6851688671981035,0.7272188053108242,0.7272188053108242,0.6758134030109294,0.7272188053108242,0.7260666347416969
47,clf,7,0.5555211835548779,0.6596458857318671,0.5555211835548779,0.7225980175863074,0.5879555902826958,0.5555211835548779,0.5555211835548779,0.5602348294863633,0.5555211835548779,0.5798996152603636
47,clf,8,0.6924516763381671,0.6680783569034774,0.6924516763381671,0.725842952781784,0.716667006978287,0.6924516763381671,0.6924516763381671,0.6710639043390874,0.6924516763381671,0.6911623910335244
47,clf,9,0.4037372472933908,0.6127184996300619,0.4037372472933908,0.6503784763809413,0.5387790140273067,0.4037372472933908,0.4037372472933908,0.4511131413787691,0.4037372472933908,0.35291716075026525
47,clf,10,0.6209499130359473,0.6951446660524984,0.6209499130359473,0.745238121174238,0.6957121577247187,0.6209499130359473,0.6209499130359473,0.6331965214798148,0.6209499130359473,0.6001620812243984
47,clf,11,0.4837228029995884,0.5894444664077538,0.4837228029995884,0.6517363307071851,0.49453307620234477,0.4837228029995884,0.4837228029995884,0.4410091701385114,0.4837228029995884,0.46857349397203213
47,clf,12,0.3572260451135142,0.5533481838281114,0.3572260451135142,0.6244824107852537,0.40047797562954407,0.3572260451135142,0.3572260451135142,0.31810367571793796,0.3572260451135142,0.3116098929721456
47,clf,13,0.573553412431887,0.6618149645490733,0.573553412431887,0.7167054142007901,0.5578069025962291,0.573553412431887,0.573553412431887,0.5356570061908738,0.573553412431887,0.5613192196940593
47,clf,14,0.5706764480976027,0.6990308480439129,0.5706764480976027,0.7521417784619056,0.5517411517999152,0.5706764480976027,0.5706764480976027,0.4954744969250672,0.5706764480976027,0.5510679720843376
47,clf,15,0.40130623101596147,0.5595715690123997,0.40130623101596147,0.6713864692350717,0.6065384817488788,0.40130623101596147,0.40130623101596147,0.4538348641958332,0.40130623101596147,0.36378012284627015
47,clf,16,0.38359747477615014,0.5157981462554733,0.38359747477615014,0.6411079428214285,0.5712145028844555,0.38359747477615014,0.38359747477615014,0.4261947784249208,0.38359747477615014,0.3253420046311965
47,clf,17,0.6296940818632024,0.6821018090967794,0.6296940818632024,0.7310800934757713,0.6960688153766214,0.6296940818632024,0.6296940818632024,0.6346910269615824,0.6296940818632024,0.6005338693540034
47,clf,18,0.5171901871355647,0.5282560777035294,0.5171901871355647,0.656383392489583,0.5754351653498438,0.5171901871355647,0.5171901871355647,0.4425610313958471,0.5171901871355647,0.484749902752993
47,clf,19,0.44870747080545614,0.5944998645393968,0.44870747080545614,0.6524886593052526,0.5172583863594034,0.44870747080545614,0.44870747080545614,0.44774725346926303,0.44870747080545614,0.43675772180156713
48,proto,0,0.6296134227856133,0.7260092176727762,0.6296134227856133,0.7812240214442997,0.6720995533288693,0.6296134227856133,0.6296134227856134,0.6495864853198232,0.6296134227856133,0.6582656214945545
48,proto,1,0.5260208693282985,0.6531686878063525,0.5260208693282985,0.6500764219809279,0.6045935198356744,0.5260208693282985,0.5260208693282985,0.5604782492227103,0.5260208693282985,0.5219284824961226
48,proto,2,0.5966690217011018,0.6998014408325838,0.5966690217011018,0.7475027570485726,0.6337000804288437,0.5966690217011018,0.5966690217011018,0.6288353542300027,0.5966690217011018,0.6381364582124285
48,proto,3,0.5989462467649251,0.6951559875809356,0.5989462467649251,0.7430038793794052,0.6620497412719599,0.5989462467649251,0.5989462467649251,0.650501314433956,0.5989462467649251,0.6363364870919104
48,proto,4,0.6682285844805802,0.7000379406810282,0.6682285844805802,0.7511575471715859,0.683768032348709,0.6682285844805802,0.6682285844805802,0.665290148342051,0.6682285844805802,0.6864328944178073
48,proto,5,0.6126573607030275,0.711429106498151,0.6126573607030275,0.7573477420621866,0.6431920142762699,0.6126573607030275,0.6126573607030275,0.6531267806475188,0.6126573607030275,0.6584522747919838
48,proto,6,0.6152004447771993,0.7308317254570889,0.6152004447771993,0.7748546911925347,0.6692159597659559,0.6152004447771993,0.6152004447771993,0.6741213334094428,0.6152004447771993,0.6687746154323636
48,proto,7,0.5522494729514709,0.6970588694837244,0.5522494729514709,0.7510828449459697,0.6254509983516341,0.5522494729514709,0.5522494729514709,0.6146705236301558,0.5522494729514709,0.5930006309899865
48,proto,8,0.6636905821141469,0.735351229619012,0.6636905821141469,0.7768911437192302,0.7022096072044051,0.6636905821141469,0.6636905821141469,0.6934043772245191,0.6636905821141469,0.6894233157718812
48,proto,9,0.5898003622782027,0.6693335038872992,0.5898003622782027,0.7206645280320056,0.6260672862506171,0.5898003622782027,0.5898003622782027,0.6104576492959605,0.5898003622782027,0.6172381520725297
48,proto,10,0.6670858832396662,0.7039619785765978,0.6670858832396662,0.7431492613764252,0.6765401788697495,0.6670858832396662,0.6670858832396663,0.6795531196302351,0.6670858832396662,0.6912722323082358
48,proto,11,0.5541997871455263,0.6484914316589198,0.5541997871455263,0.7192979175302011,0.5861464693164447,0.5541997871455263,0.5541997871455264,0.5784228052302265,0.5541997871455263,0.5956250679079238
48,proto,12,0.48875256554874236,0.6376171276527843,0.48875256554874236,0.6417543901787585,0.5291875212165228,0.48875256554874236,0.48875256554874236,0.546298022834649,0.48875256554874236,0.5340222286720325
48,proto,13,0.6098968316501017,0.6982461458090279,0.6098968316501017,0.7569372721783115,0.6585188040238241,0.6098968316501017,0.6098968316501017,0.6314516028236313,0.6098968316501017,0.6438064695746806
48,proto,14,0.4650901843756862,0.6431483038619914,0.4650901843756862,0.6627751045855836,0.6004065797030622,0.4650901843756862,0.46509018437568617,0.563957330062423,0.4650901843756862,0.4910611091110327
48,proto,15,0.43110297664520125,0.7034767770125807,0.43110297664520125,0.7250811980982468,0.6119506025266563,0.43110297664520125,0.43110297664520125,0.6047603253552859,0.43110297664520125,0.49098883855217046
48,proto,16,0.5387237447965371,0.6657492354579794,0.5387237447965371,0.6698657124400875,0.6057595201054049,0.5387237447965371,0.538723744796537,0.5935333955657287,0.5387237447965371,0.5360140825408146
48,proto,17,0.5075905488748013,0.7037767502079402,0.5075905488748013,0.7539598618287411,0.6781984387635185,0.5075905488748013,0.5075905488748012,0.6341239416166685,0.5075905488748013,0.5225529153481977
48,proto,18,0.5822461936210006,0.6593885266078633,0.5822461936210006,0.7453920559201123,0.6664244714417011,0.5822461936210006,0.5822461936210007,0.629088863714613,0.5822461936210006,0.6025861857012131
48,proto,19,0.5613092157735331,0.6663352475215099,0.5613092157735331,0.728872346141485,0.6197266976919733,0.5613092157735331,0.5613092157735331,0.6096971558089803,0.5613092157735331,0.608733103534526
48,clf,0,0.6893715775066365,0.6903243630419449,0.6893715775066365,0.7444848891032589,0.6318343754071301,0.6893715775066365,0.6893715775066365,0.5838104460785345,0.6893715775066365,0.681311666370335
48,clf,1,0.3569641818869634,0.5092004856109563,0.3569641818869634,0.6516132843652445,0.5413696466453032,0.3569641818869634,0.3569641818869634,0.36195858133614045,0.3569641818869634,0.2746709410859882
48,clf,2,0.5907363978640956,0.6950383812528238,0.5907363978640956,0.7083645205146614,0.5492270987065802,0.5907363978640956,0.5907363978640956,0.5074631378968453,0.5907363978640956,0.5771776693015562
48,clf,3,0.5196607895501518,0.581260164740816,0.5196607895501518,0.6815061705099903,0.6413490248682053,0.5196607895501518,0.5196607895501519,0.5407280436085969,0.5196607895501518,0.5124591951351044
48,clf,4,0.6220714273302134,0.6245288096250866,0.6220714273302134,0.7174283691495198,0.6578288291462024,0.6220714273302134,0.6220714273302133,0.5582898145798377,0.6220714273302134,0.615042987492709
48,clf,5,0.5772553667325723,0.6607953848262393,0.5772553667325723,0.7120964981495357,0.5761478423972659,0.5772553667325723,0.5772553667325723,0.5456801110911295,0.5772553667325723,0.5892562826118628
48,clf,6,0.7240639946147985,0.7034746044318358,0.7240639946147985,0.7466377447522418,0.684908383431552,0.7240639946147985,0.7240639946147985,0.6732815849865654,0.7240639946147985,0.7245961711996289
48,clf,7,0.5727123464050909,0.6718269802222794,0.5727123464050909,0.7252202346590115,0.5970808606472181,0.5727123464050909,0.5727123464050909,0.5757155569832677,0.5727123464050909,0.5957366330891919
48,clf,8,0.6866187612456921,0.6599477489005205,0.6866187612456921,0.7230187301461894,0.7130288681025181,0.6866187612456921,0.686618761245692,0.6665665124362694,0.6866187612456921,0.6864148024935581
48,clf,9,0.40770152944664995,0.6045101422917871,0.40770152944664995,0.6548704726732166,0.5299161125252632,0.40770152944664995,0.4077015294466499,0.4361080947056334,0.40770152944664995,0.3509059797552586
48,clf,10,0.6182894644283711,0.6698935364376299,0.6182894644283711,0.7378736872077845,0.6939882231928317,0.6182894644283711,0.6182894644283711,0.6198251149372637,0.6182894644283711,0.5932253790363559
48,clf,11,0.4614030051825316,0.5577650472047024,0.4614030051825316,0.635381517200057,0.47532316474581915,0.4614030051825316,0.4614030051825316,0.4156840868990618,0.4614030051825316,0.4453094663392919
48,clf,12,0.3617729682995886,0.5572107849089498,0.3617729682995886,0.615354121760121,0.41799319633952264,0.3617729682995886,0.3617729682995886,0.3377846223909762,0.3617729682995886,0.31523833999387096
48,clf,13,0.5763036267871027,0.6721395296006831,0.5763036267871027,0.7223647452126056,0.5593126241704065,0.5763036267871027,0.5763036267871027,0.5431139033867016,0.5763036267871027,0.5676880452497644
48,clf,14,0.5672815186729017,0.685317285212006,0.5672815186729017,0.7413883936397045,0.549063010643267,0.5672815186729017,0.5672815186729017,0.48948313077715777,0.5672815186729017,0.5469123169399603
48,clf,15,0.39921402003448825,0.553613403824043,0.39921402003448825,0.6642424313392767,0.603055159874816,0.39921402003448825,0.39921402003448825,0.46272799362216577,0.39921402003448825,0.36218334385576245
48,clf,16,0.38269786587045873,0.5348922437751897,0.38269786587045873,0.6504776974367367,0.5745188521781731,0.38269786587045873,0.38269786587045873,0.4417272858036174,0.38269786587045873,0.32944808902921485
48,clf,17,0.643753851168948,0.7051884766408351,0.643753851168948,0.7364610522879568,0.7120872111571963,0.643753851168948,0.643753851168948,0.6535545517750054,0.643753851168948,0.612362155755903
48,clf,18,0.5343496624910107,0.5508948272041116,0.5343496624910107,0.6733139131879767,0.5863800292529859,0.5343496624910107,0.5343496624910107,0.4571163691193043,0.5343496624910107,0.5030694594448277
48,clf,19,0.46388438692085177,0.5973978692304459,0.46388438692085177,0.6574487250809962,0.5209706321789686,0.46388438692085177,0.46388438692085177,0.45541533648536736,0.46388438692085177,0.45851845092872845
49,proto,0,0.602205598316121,0.7117586928531143,0.602205598316121,0.7656407784711163,0.6557896551817639,0.602205598316121,0.602205598316121,0.6329317230074205,0.602205598316121,0.6348574860208902
49,proto,1,0.4650354514301793,0.6271214098615857,0.4650354514301793,0.6030076479448617,0.6058802442222344,0.4650354514301793,0.4650354514301793,0.5478759081830031,0.4650354514301793,0.47034199690998296
49,proto,2,0.5871488344902677,0.6842095602975815,0.5871488344902677,0.7352871368668046,0.6318913747929816,0.5871488344902677,0.5871488344902676,0.6313141643305906,0.5871488344902677,0.6308290218242292
49,proto,3,0.6012188255685187,0.6927685023016478,0.6012188255685187,0.7367904170506305,0.6676368364865994,0.6012188255685187,0.6012188255685188,0.6497483040242548,0.6012188255685187,0.6262853693771542
49,proto,4,0.684505827943594,0.7044379834277652,0.684505827943594,0.7498568637203933,0.6888196408424148,0.684505827943594,0.684505827943594,0.6775656445170423,0.684505827943594,0.6995017896099729
49,proto,5,0.61264184219386,0.713596856998922,0.61264184219386,0.7512310155390407,0.639123711882234,0.61264184219386,0.61264184219386,0.6527022719841724,0.61264184219386,0.6572357685336642
49,proto,6,0.6239367149620637,0.7199037112369935,0.6239367149620637,0.7708309247022815,0.6670257951037228,0.6239367149620637,0.6239367149620637,0.6642893436038304,0.6239367149620637,0.6715440391193097
49,proto,7,0.5433343217477595,0.7006191351730608,0.5433343217477595,0.7555650759719239,0.6195997089819614,0.5433343217477595,0.5433343217477595,0.6096718743747769,0.5433343217477595,0.5893037736695337
49,proto,8,0.6441713641131966,0.7385971371779085,0.6441713641131966,0.7867355919903551,0.6902640830256734,0.6441713641131966,0.6441713641131968,0.6890356219153719,0.6441713641131966,0.6844694167297416
49,proto,9,0.5408627900811265,0.6536962971695173,0.5408627900811265,0.701507194325995,0.6123067231043993,0.5408627900811265,0.5408627900811265,0.5937616901735772,0.5408627900811265,0.5764864122742208
49,proto,10,0.6631671344366591,0.7009942293796321,0.6631671344366591,0.7515637469175664,0.6783540752589947,0.6631671344366591,0.6631671344366591,0.6713201191257161,0.6631671344366591,0.6773517007456222
49,proto,11,0.5532545519643784,0.6475632684468149,0.5532545519643784,0.7223737156004006,0.5906884902700505,0.5532545519643784,0.5532545519643783,0.5839337152153742,0.5532545519643784,0.5964270993852929
49,proto,12,0.3929589457375348,0.6239405478380374,0.3929589457375348,0.6151354546808286,0.4858681773943434,0.3929589457375348,0.3929589457375348,0.5054265152461868,0.3929589457375348,0.4446676437639159
49,proto,13,0.592367235204751,0.7008647567929198,0.592367235204751,0.753752605257254,0.6433077181001075,0.592367235204751,0.5923672352047509,0.6333034842000542,0.592367235204751,0.6376747132865721
49,proto,14,0.4583623066377496,0.6596474964203628,0.4583623066377496,0.6916721496300839,0.58724707846289,0.4583623066377496,0.4583623066377496,0.5535057224884673,0.4583623066377496,0.4865624711696527
49,proto,15,0.41748051335228326,0.7031685164954158,0.41748051335228326,0.7185267332019529,0.6106181454319501,0.41748051335228326,0.4174805133522832,0.597541806585086,0.41748051335228326,0.4682759353110294
49,proto,16,0.5544918510635708,0.6713203072614212,0.5544918510635708,0.694217826685778,0.620318974867425,0.5544918510635708,0.5544918510635708,0.5963545986317418,0.5544918510635708,0.5540881625444749
49,proto,17,0.5172303308239501,0.7109216672802702,0.5172303308239501,0.7577029027745514,0.6848892331951283,0.5172303308239501,0.5172303308239502,0.6462080780559429,0.5172303308239501,0.5334903406206896
49,proto,18,0.5781923315705112,0.6668430719801646,0.5781923315705112,0.7501532126175998,0.6666222351439717,0.5781923315705112,0.5781923315705113,0.6316328861110974,0.5781923315705112,0.6063619446852072
49,proto,19,0.5522019881719225,0.662842005524804,0.5522019881719225,0.7281313463997049,0.6134973239559574,0.5522019881719225,0.5522019881719225,0.6029588566726807,0.5522019881719225,0.6019457090089182
49,clf,0,0.675445341719895,0.6838463629551995,0.675445341719895,0.7364674071426991,0.6171900399946126,0.675445341719895,0.675445341719895,0.572030213907169,0.675445341719895,0.6658647987878599
49,clf,1,0.35188433265253233,0.50644012430223,0.35188433265253233,0.6346709394521807,0.530766981769011,0.35188433265253233,0.35188433265253233,0.3464130268712785,0.35188433265253233,0.2693079370136796
49,clf,2,0.5833492157995521,0.6881470978640752,0.5833492157995521,0.705952454648885,0.5535606537049209,0.5833492157995521,0.5833492157995521,0.5012439336404932,0.5833492157995521,0.5664085933223004
49,clf,3,0.4984733782762988,0.5826204881165941,0.4984733782762988,0.6832989790729121,0.6341209802951963,0.4984733782762988,0.4984733782762988,0.5347523899069719,0.4984733782762988,0.49168334275307113
49,clf,4,0.6049501442338563,0.6089991578127119,0.6049501442338563,0.710035150598103,0.6476289147001844,0.6049501442338563,0.6049501442338563,0.5450369237486572,0.6049501442338563,0.5995511369920827
49,clf,5,0.5629964587133781,0.6409556195582384,0.5629964587133781,0.7005102993308776,0.5715850886107119,0.5629964587133781,0.5629964587133781,0.5302758270193892,0.5629964587133781,0.5721941672511036
49,clf,6,0.7120333400766057,0.6970131668755677,0.7120333400766057,0.742085877493212,0.671727004313329,0.7120333400766057,0.7120333400766057,0.6603336988539522,0.7120333400766057,0.7151377693888453
49,clf,7,0.5634530931687616,0.6671210994957288,0.5634530931687616,0.719759038895295,0.5963144524212072,0.5634530931687616,0.5634530931687616,0.5706253449493524,0.5634530931687616,0.5859212164018925
49,clf,8,0.6995708621126564,0.6679280728220067,0.6995708621126564,0.7277726182866406,0.719777536457205,0.6995708621126564,0.6995708621126564,0.6763372122144955,0.6995708621126564,0.7001935573376246
49,clf,9,0.40400691623712764,0.6073181449684655,0.40400691623712764,0.6313825242328254,0.5324737580315528,0.40400691623712764,0.40400691623712764,0.44060889349545407,0.40400691623712764,0.34991138386358367
49,clf,10,0.6131635242924606,0.6952881940458013,0.6131635242924606,0.7411996669537246,0.6950933620636446,0.6131635242924606,0.6131635242924606,0.6305682960398509,0.6131635242924606,0.5926358152437373
49,clf,11,0.4708501531825535,0.58152065797621,0.4708501531825535,0.6482025985704402,0.47107426038865335,0.4708501531825535,0.4708501531825535,0.41597326997960093,0.4708501531825535,0.46005505314144163
49,clf,12,0.35907897369315334,0.5611214864052181,0.35907897369315334,0.6155281340869113,0.3940023091058741,0.35907897369315334,0.3590789736931534,0.31362419198881003,0.35907897369315334,0.3123374919321388
49,clf,13,0.5657384956505893,0.6695150624406032,0.5657384956505893,0.7246694508403249,0.5692560342682343,0.5657384956505893,0.5657384956505893,0.5461729289130693,0.5657384956505893,0.5565811274836264
49,clf,14,0.5740300258062586,0.6867669379587404,0.5740300258062586,0.7453596221284386,0.5632285822045993,0.5740300258062586,0.5740300258062585,0.500933016169858,0.5740300258062586,0.5555853720038266
49,clf,15,0.39618428666384853,0.5439367290287974,0.39618428666384853,0.6636721528316503,0.5993870178371623,0.39618428666384853,0.39618428666384853,0.4386920042464283,0.39618428666384853,0.35751045208723653
49,clf,16,0.38122518722802534,0.547680440275643,0.38122518722802534,0.6481878158352261,0.5699734430315334,0.38122518722802534,0.38122518722802534,0.4493784649315432,0.38122518722802534,0.32785677331570606
49,clf,17,0.6441911571817756,0.7006760630005342,0.6441911571817756,0.7418365937462749,0.7172200452480751,0.6441911571817756,0.6441911571817756,0.656902026303946,0.6441911571817756,0.6117647349171801
49,clf,18,0.5449528000362036,0.5556597696044204,0.5449528000362036,0.6736926296541002,0.6096307473610837,0.5449528000362036,0.5449528000362036,0.4887157430570407,0.5449528000362036,0.5144213921039122
49,clf,19,0.4674336651103863,0.6068730607881427,0.4674336651103863,0.6583893719787342,0.5152326238776256,0.4674336651103863,0.4674336651103863,0.45503481960001463,0.4674336651103863,0.464224893055158
50,proto,0,0.5827662959911231,0.6949273650718741,0.5827662959911231,0.759009659328814,0.6483926464128248,0.5827662959911231,0.5827662959911231,0.6234540362629848,0.5827662959911231,0.6189376282026875
50,proto,1,0.4573616880346626,0.6274088051034257,0.4573616880346626,0.6158965634221639,0.586386000951985,0.4573616880346626,0.4573616880346626,0.5483394220444721,0.4573616880346626,0.480270640973508
50,proto,2,0.6247448854664329,0.7072778580508272,0.6247448854664329,0.745957021719138,0.6354024895057945,0.6247448854664329,0.6247448854664329,0.6414549881248759,0.6247448854664329,0.659003076647467
50,proto,3,0.6162399990410119,0.6929382292973139,0.6162399990410119,0.7379500541958552,0.6760197375882404,0.6162399990410119,0.6162399990410119,0.6547244235058478,0.6162399990410119,0.6402009241503319
50,proto,4,0.6806427413381396,0.7055542341721661,0.6806427413381396,0.7550087245409658,0.68787890976576,0.6806427413381396,0.6806427413381397,0.6751968053862903,0.6806427413381396,0.6987746455645976
50,proto,5,0.6096468628497391,0.7203296960632664,0.6096468628497391,0.7537104410561046,0.637436941290807,0.6096468628497391,0.6096468628497391,0.6539949617234173,0.6096468628497391,0.655541296464385
50,proto,6,0.6258529256060327,0.7219041034255503,0.6258529256060327,0.7677063326294549,0.6659700862762966,0.6258529256060327,0.6258529256060327,0.6646421600905996,0.6258529256060327,0.673484216726128
50,proto,7,0.5665232490034005,0.6920530551142614,0.5665232490034005,0.7440298891078849,0.6224977824062019,0.5665232490034005,0.5665232490034003,0.6159797988669045,0.5665232490034005,0.6089613351235184
50,proto,8,0.648467760947681,0.7528407105735695,0.648467760947681,0.7939998128111316,0.704615659281737,0.648467760947681,0.648467760947681,0.7048577363756368,0.648467760947681,0.6853146690579328
50,proto,9,0.5899590785276522,0.6856042300506849,0.5899590785276522,0.7303411441251213,0.6270609187758791,0.5899590785276522,0.5899590785276522,0.6196569578756606,0.5899590785276522,0.6209073057035122
50,proto,10,0.6385801474778752,0.6888447700320791,0.6385801474778752,0.7377315860505299,0.6611428544234783,0.6385801474778752,0.6385801474778752,0.6561405194671059,0.6385801474778752,0.6562163670849104
50,proto,11,0.5660799957774787,0.6607856294404948,0.5660799957774787,0.7264378288357787,0.6135948274270424,0.5660799957774787,0.5660799957774787,0.6016641671695551,0.5660799957774787,0.6065269734789933
50,proto,12,0.4105485718650544,0.6430006429804165,0.4105485718650544,0.6472544284120485,0.5221564011431405,0.4105485718650544,0.4105485718650544,0.5428496269266398,0.4105485718650544,0.4681802728068058
50,proto,13,0.564063518837751,0.7009802152931417,0.564063518837751,0.7589497427931358,0.6328064594300299,0.564063518837751,0.564063518837751,0.6237193014747953,0.564063518837751,0.6169958904231446
50,proto,14,0.45977402634596815,0.6417257660569429,0.45977402634596815,0.6614151239962385,0.5927340584881828,0.45977402634596815,0.45977402634596815,0.5557087468525281,0.45977402634596815,0.4881879133017122
50,proto,15,0.41550185697082603,0.6966907410215772,0.41550185697082603,0.7345139625767102,0.6018779936723869,0.41550185697082603,0.4155018569708261,0.5872065009859484,0.41550185697082603,0.4769358230320518
50,proto,16,0.5539253790163551,0.6644013610876982,0.5539253790163551,0.678397625578518,0.621062037802777,0.5539253790163551,0.5539253790163551,0.5969444309647152,0.5539253790163551,0.5498970364812011
50,proto,17,0.4992140850821315,0.7085221074173922,0.4992140850821315,0.7612882495229991,0.6809206808141748,0.4992140850821315,0.49921408508213144,0.6360485643423066,0.4992140850821315,0.5083658270686056
50,proto,18,0.5983976163569918,0.642342580040162,0.5983976163569918,0.7387309693457237,0.6651378913612408,0.5983976163569918,0.5983976163569918,0.6161558824424581,0.5983976163569918,0.6162210936409195
50,proto,19,0.5704946863974134,0.6566448283421057,0.5704946863974134,0.7174220619457086,0.6143090251552072,0.5704946863974134,0.5704946863974134,0.6052815973374295,0.5704946863974134,0.615446601167553
50,clf,0,0.6817611891006541,0.6816662995587128,0.6817611891006541,0.7385703156238587,0.6160171109594811,0.6817611891006541,0.681761189100654,0.5653760062128246,0.6817611891006541,0.6700595004813035
50,clf,1,0.3558102366962934,0.5149051412785777,0.3558102366962934,0.6454247386308495,0.5367707309903689,0.3558102366962934,0.3558102366962934,0.35577233826791016,0.3558102366962934,0.26866031370341614
50,clf,2,0.5782298733531679,0.678402897217887,0.5782298733531679,0.6983859992408983,0.5526538282028417,0.5782298733531679,0.5782298733531679,0.4995473911863847,0.5782298733531679,0.5631092127623427
50,clf,3,0.5066806252713997,0.5933972166144217,0.5066806252713997,0.6872559368341542,0.6387262779204425,0.5066806252713997,0.5066806252713997,0.5437185830124949,0.5066806252713997,0.5016146945759687
50,clf,4,0.6157906127515869,0.6142150395701004,0.6157906127515869,0.7122099274736614,0.652728097789838,0.6157906127515869,0.6157906127515869,0.5536211561478979,0.6157906127515869,0.6098043018153566
50,clf,5,0.5738671279226022,0.6471946022468038,0.5738671279226022,0.7044708447797954,0.585832967535264,0.5738671279226022,0.5738671279226022,0.5503947003281496,0.5738671279226022,0.5863241632110199
50,clf,6,0.7125326272008986,0.7050722629867832,0.7125326272008986,0.7424191148471724,0.6722889883300116,0.7125326272008986,0.7125326272008986,0.6663201834466854,0.7125326272008986,0.7153968929756205
50,clf,7,0.567586963820408,0.6738542515443066,0.567586963820408,0.7237381465981803,0.5985122293389585,0.567586963820408,0.5675869638204079,0.576118212875788,0.567586963820408,0.5908745715503233
50,clf,8,0.7133880037092024,0.676676229071502,0.7133880037092024,0.7333992661902737,0.7223828008521261,0.7133880037092024,0.7133880037092024,0.6825401956682732,0.7133880037092024,0.7115579859882681
50,clf,9,0.40844019189798153,0.610294486330978,0.40844019189798153,0.6564328216714521,0.5414284932089162,0.40844019189798153,0.40844019189798153,0.4556948339549215,0.40844019189798153,0.3596444502259598
50,clf,10,0.5843647953605791,0.5952605869854921,0.5843647953605791,0.7045875783571056,0.6738999573822395,0.5843647953605791,0.5843647953605791,0.5640830274267037,0.5843647953605791,0.5531092747102404
50,clf,11,0.48505999669372124,0.5866154061430822,0.48505999669372124,0.651988970752769,0.4966965288335763,0.48505999669372124,0.48505999669372113,0.4486948368352538,0.48505999669372124,0.47573243326130155
50,clf,12,0.34994219587648123,0.554890742745249,0.34994219587648123,0.6163917902781819,0.3882748253057122,0.34994219587648123,0.3499421958764812,0.3040454284306624,0.34994219587648123,0.3038178392232015
50,clf,13,0.5682847391817174,0.6515777094975308,0.5682847391817174,0.7133933328402426,0.5473615819359647,0.5682847391817174,0.5682847391817174,0.5211098510370382,0.5682847391817174,0.5556441454279417
50,clf,14,0.5667810235209491,0.6867579888794249,0.5667810235209491,0.7423676994750115,0.5579473618816237,0.5667810235209491,0.566781023520949,0.49462717209115964,0.5667810235209491,0.5503016200790483
50,clf,15,0.3999864143350881,0.5352262357552917,0.3999864143350881,0.6586735593409474,0.5981802664582199,0.3999864143350881,0.3999864143350881,0.4512181579107922,0.3999864143350881,0.3639292113122522
50,clf,16,0.3884751187653809,0.5301838972739079,0.3884751187653809,0.6471168890264722,0.5759128359146353,0.3884751187653809,0.3884751187653809,0.43802110463532995,0.3884751187653809,0.3310044214871609
50,clf,17,0.6370293187383768,0.6906052657532179,0.6370293187383768,0.732600112208627,0.7101413770242262,0.6370293187383768,0.6370293187383768,0.6464034947694816,0.6370293187383768,0.6050869993385573
50,clf,18,0.5202740029752791,0.5466736764841124,0.5202740029752791,0.6631333203890092,0.589654258262682,0.5202740029752791,0.5202740029752793,0.4588018690751877,0.5202740029752791,0.48981516818720244
50,clf,19,0.4696015172084005,0.5810324854682376,0.4696015172084005,0.6481395113585958,0.5294190950667106,0.4696015172084005,0.4696015172084005,0.46297501493040605,0.4696015172084005,0.4630523483780359
