[{"stream_name":"stderr","time":6.648076805,"data":"/usr/local/lib/python3.12/dist-packages/nbformat/__init__.py:96: MissingIDFieldWarning: Cell is missing an id field, this will become a hard error in future nbformat versions. You may want to use `normalize()` on your notebooks before validations (available since nbformat 5.1.4). Previous versions of nbformat are fixing this issue transparently, and will stop doing so in the future.\n"}
,{"stream_name":"stderr","time":6.648157237,"data":"  validate(nb)\n"}
,{"stream_name":"stderr","time":7.605321855,"data":"0.00s - Debugger warning: It seems that frozen modules are being used, which may\n"}
,{"stream_name":"stderr","time":7.60536284,"data":"0.00s - make the debugger miss breakpoints. Please pass -Xfrozen_modules=off\n"}
,{"stream_name":"stderr","time":7.605375433,"data":"0.00s - to python to disable frozen modules.\n"}
,{"stream_name":"stderr","time":7.605378914,"data":"0.00s - Note: Debugging will proceed. Set PYDEVD_DISABLE_FILE_VALIDATION=1 to disable this validation.\n"}
,{"stream_name":"stderr","time":8.307023277,"data":"0.00s - Debugger warning: It seems that frozen modules are being used, which may\n"}
,{"stream_name":"stderr","time":8.307063914,"data":"0.00s - make the debugger miss breakpoints. Please pass -Xfrozen_modules=off\n"}
,{"stream_name":"stderr","time":8.307072139,"data":"0.00s - to python to disable frozen modules.\n"}
,{"stream_name":"stderr","time":8.30708074,"data":"0.00s - Note: Debugging will proceed. Set PYDEVD_DISABLE_FILE_VALIDATION=1 to disable this validation.\n"}
,{"stream_name":"stdout","time":14.566234535,"data":"python 3.12.13 | torch 2.10.0+cu128 | cuda 12.8\n"}
,{"stream_name":"stdout","time":14.56629482,"data":"GPUs: 2\n"}
,{"stream_name":"stdout","time":14.573067212,"data":"  cuda:0 Tesla T4 14.6 GB sm_75\n"}
,{"stream_name":"stdout","time":14.573091434,"data":"  cuda:1 Tesla T4 14.6 GB sm_75\n"}
,{"stream_name":"stdout","time":14.573098061,"data":"cpu count: 4\n"}
,{"stream_name":"stdout","time":14.573103219,"data":"RAM GB: 31.3\n"}
,{"stream_name":"stdout","time":14.573109055,"data":"free on /kaggle/working: 19.5 GB\n"}
,{"stream_name":"stdout","time":14.573114419,"data":"free on /kaggle/temp: 1026.8 GB\n"}
,{"stream_name":"stdout","time":14.573119594,"data":"proj package ready\n"}
,{"stream_name":"stdout","time":14.596142379,"data":"global batch = 2048 x 2 x 1 = 4096\n"}
,{"stream_name":"stdout","time":14.596167471,"data":"rounds = 50 x 1 epoch -\u003e 50 passes over train\n"}
,{"stream_name":"stdout","time":14.59617528,"data":"DAGSNet input = (B, 6, 66/6) — raw features, no extractor\n"}
,{"stream_name":"stdout","time":14.59618197,"data":"session budget = 2.0 h (quota-limited)\n"}
,{"stream_name":"stdout","time":14.596187315,"data":"precision      = fp16 AMP + GradScaler   torch.compile = True\n"}
,{"stream_name":"stderr","time":16.999692289,"data":"\u001b[34m\u001b[1mwandb\u001b[0m: \u001b[33mWARNING\u001b[0m If you're specifying your api key in code, ensure this code is not shared publicly.\n"}
,{"stream_name":"stderr","time":16.999731158,"data":"\u001b[34m\u001b[1mwandb\u001b[0m: \u001b[33mWARNING\u001b[0m Consider setting the WANDB_API_KEY environment variable, or running `wandb login` from the command line.\n"}
,{"stream_name":"stderr","time":16.999739565,"data":"\n"}
,{"stream_name":"stderr","time":16.999745254,"data":"\u001b[34m\u001b[1mwandb\u001b[0m: \u001b[33mWARNING\u001b[0m If you're specifying your api key in code, ensure this code is not shared publicly.\n"}
,{"stream_name":"stderr","time":16.99975214,"data":"\u001b[34m\u001b[1mwandb\u001b[0m: \u001b[33mWARNING\u001b[0m Consider setting the WANDB_API_KEY environment variable, or running `wandb login` from the command line.\n"}
,{"stream_name":"stderr","time":17.001119165,"data":"\u001b[34m\u001b[1mwandb\u001b[0m: [wandb.login()] Using explicit session credentials for https://api.wandb.ai.\n"}
,{"stream_name":"stderr","time":17.001143456,"data":"\n"}
,{"stream_name":"stderr","time":17.001148346,"data":"\u001b[34m\u001b[1mwandb\u001b[0m: [wandb.login()] Using explicit session credentials for https://api.wandb.ai.\n"}
,{"stream_name":"stderr","time":17.002181217,"data":"\u001b[34m\u001b[1mwandb\u001b[0m: No netrc file found, creating one.\n"}
,{"stream_name":"stderr","time":17.002201667,"data":"\n"}
,{"stream_name":"stderr","time":17.002206915,"data":"\u001b[34m\u001b[1mwandb\u001b[0m: No netrc file found, creating one.\n"}
,{"stream_name":"stderr","time":17.003074414,"data":"\u001b[34m\u001b[1mwandb\u001b[0m: Appending key for api.wandb.ai to your netrc file: /root/.netrc\n"}
,{"stream_name":"stderr","time":17.003095082,"data":"\n"}
,{"stream_name":"stderr","time":17.003099494,"data":"\u001b[34m\u001b[1mwandb\u001b[0m: Appending key for api.wandb.ai to your netrc file: /root/.netrc\n"}
,{"stream_name":"stderr","time":17.075277214,"data":"\u001b[34m\u001b[1mwandb\u001b[0m: Currently logged in as: \u001b[33mminhtriet\u001b[0m (\u001b[33m21522798-uit\u001b[0m) to \u001b[32mhttps://api.wandb.ai\u001b[0m. Use \u001b[1m`wandb login --relogin`\u001b[0m to force relogin\n"}
,{"stream_name":"stderr","time":17.075316953,"data":"\n"}
,{"stream_name":"stderr","time":17.075323564,"data":"\u001b[34m\u001b[1mwandb\u001b[0m: Currently logged in as: \u001b[33mminhtriet\u001b[0m (\u001b[33m21522798-uit\u001b[0m) to \u001b[32mhttps://api.wandb.ai\u001b[0m. Use \u001b[1m`wandb login --relogin`\u001b[0m to force relogin\n"}
,{"stream_name":"stdout","time":17.276036129,"data":"W\u0026B authenticated; run will be opened by rank 0 as 21522798-uit/edl-cmso/edl-cmso-v4-dagsnet-r46\n"}
,{"stream_name":"stdout","time":17.276080823,"data":"-- /kaggle/input --\n"}
,{"stream_name":"stdout","time":17.276085574,"data":"input/\n"}
,{"stream_name":"stdout","time":17.276088646,"data":"  notebooks/\n"}
,{"stream_name":"stdout","time":17.27609152,"data":"    odixe0502/\n"}
,{"stream_name":"stdout","time":17.276094407,"data":"      edl-cmso-v4-dagsnet/   [4 files]\n"}
,{"stream_name":"stdout","time":17.27609722,"data":"  datasets/\n"}
,{"stream_name":"stdout","time":17.276099882,"data":"    odixe0502/\n"}
,{"stream_name":"stdout","time":17.276102586,"data":"      veremi-nextgen2026-centralized/\n"}
,{"stream_name":"stdout","time":17.518359225,"data":"\n"}
,{"stream_name":"stdout","time":17.518407496000002,"data":"dataset root: /kaggle/input/datasets/odixe0502/veremi-nextgen2026-centralized/upload\n"}
,{"stream_name":"stdout","time":17.518413976,"data":"   README.md  (0.0 MiB)\n"}
,{"stream_name":"stdout","time":17.518418728,"data":"   feature_schema.json  (0.0 MiB)\n"}
,{"stream_name":"stdout","time":17.518423149,"data":"   label_mapping.json  (0.0 MiB)\n"}
,{"stream_name":"stdout","time":17.518427656,"data":"   load_test.py  (0.0 MiB)\n"}
,{"stream_name":"stdout","time":17.518432059,"data":"   manifest.json  (0.1 MiB)\n"}
,{"stream_name":"stdout","time":17.518436488,"data":"   scaler.json  (0.0 MiB)\n"}
,{"stream_name":"stdout","time":17.518440699,"data":"   statistics.json  (0.0 MiB)\n"}
,{"stream_name":"stdout","time":17.518445682,"data":"   statistics.md  (0.0 MiB)\n"}
,{"stream_name":"stdout","time":17.518450011,"data":"   test  (8 files)\n"}
,{"stream_name":"stdout","time":17.51845445,"data":"   train  (30 files)\n"}
,{"stream_name":"stdout","time":17.518459142,"data":"\n"}
,{"stream_name":"stdout","time":17.518463699,"data":"-- resume probe --\n"}
,{"stream_name":"stdout","time":17.518483194,"data":"  local last.pt      : no\n"}
,{"stream_name":"stdout","time":17.518488426,"data":"  attached last.pt   : /kaggle/input/notebooks/odixe0502/edl-cmso-v4-dagsnet/runs/edl_cmso_v4_dagsnet/checkpoints/last.pt\n"}
,{"stream_name":"stdout","time":17.518493113,"data":"  local history.csv  : absent\n"}
,{"stream_name":"stdout","time":17.518497888,"data":"  CMSO / extractor   : not applicable — build 4 has neither\n"}
,{"stream_name":"stdout","time":18.621394637,"data":"train shards: 15   test shards: 4\n"}
,{"stream_name":"stdout","time":18.621432176,"data":"\n"}
,{"stream_name":"stdout","time":18.621437485,"data":"columns: 87   features (f_*): 66   dropped: 21\n"}
,{"stream_name":"stdout","time":18.621441726,"data":"dropped as identifiers / labels / raw context / partition keys:\n"}
,{"stream_name":"stdout","time":18.621447478,"data":"   ['receiver_id', 'sender_id', 'sender_alias', 'message_id', 'rcv_time_ns', 'send_time_ns', 'orig_split', 'source_run', 't_rel_s', 'label', 'rcv_pos_x', 'rcv_pos_y', 'snd_pos_x', 'snd_pos_y', 'rcv_hed', 'snd_hed', 'rcv_profile', 'snd_profile', 'snd_dist_road_edge', 'attack_type', 'scenario']\n"}
,{"stream_name":"stdout","time":18.621452697,"data":"\n"}
,{"stream_name":"stdout","time":18.621456557,"data":"feature_schema.json agrees with the f_* rule.\n"}
,{"stream_name":"stdout","time":18.621460671,"data":"groups: {'geometry': 20, 'position': 4, 'profile': 6, 'rate': 5, 'raw': 15, 'session': 16}\n"}
,{"stream_name":"stdout","time":18.621469213,"data":"zero-imputed session features: 13\n"}
,{"stream_name":"stdout","time":18.621472792,"data":"label_mapping.json: all three views agree on the class axis.\n"}
,{"stream_name":"stdout","time":18.621475646,"data":"\n"}
,{"stream_name":"stdout","time":18.621478279,"data":"16 classes:\n"}
,{"stream_name":"stdout","time":18.621481004,"data":"   0  benign\n"}
,{"stream_name":"stdout","time":18.621483588,"data":"   1  accelerationMultiplication\n"}
,{"stream_name":"stdout","time":18.621486219,"data":"   2  constantPositionOffset\n"}
,{"stream_name":"stdout","time":18.621488994,"data":"   3  constantSpeedOffset\n"}
,{"stream_name":"stdout","time":18.621491572,"data":"   4  dataReplay\n"}
,{"stream_name":"stdout","time":18.621494164,"data":"   5  dosAttack\n"}
,{"stream_name":"stdout","time":18.621496732,"data":"   6  feignedBraking\n"}
,{"stream_name":"stdout","time":18.621499404,"data":"   7  positionMirroring\n"}
,{"stream_name":"stdout","time":18.621502009,"data":"   8  randomPositionOffset\n"}
,{"stream_name":"stdout","time":18.621504597,"data":"   9  randomSpeedOffset\n"}
,{"stream_name":"stdout","time":18.621507175,"data":"  10  reversedHeading\n"}
,{"stream_name":"stdout","time":18.621509807,"data":"  11  suddenConstantSpeed\n"}
,{"stream_name":"stdout","time":18.621512405,"data":"  12  suddenStop\n"}
,{"stream_name":"stdout","time":18.621515044,"data":"  13  timeDelayAttack\n"}
,{"stream_name":"stdout","time":18.621517606,"data":"  14  trafficCongestionSybil\n"}
,{"stream_name":"stdout","time":18.621520194,"data":"  15  zeroSpeedReport\n"}
,{"stream_name":"stdout","time":18.621522787,"data":"\n"}
,{"stream_name":"stdout","time":18.62152564,"data":"scaler.json loaded: fitted on train, applied to test only (deviation 5).\n"}
,{"stream_name":"stdout","time":19.007440377,"data":"\n"}
,{"stream_name":"stdout","time":19.007516881,"data":"row counts from parquet footers in 0.3s: train 43,045,415   test 10,761,343\n"}
,{"stream_name":"stdout","time":26.605748941999998,"data":"    part-00000.parquet: 2,699,628/43,045,415  (8s)\n"}
,{"stream_name":"stdout","time":35.191317104,"data":"    part-00001.parquet: 6,005,977/43,045,415  (16s)\n"}
,{"stream_name":"stdout","time":42.22941117,"data":"    part-00002.parquet: 8,690,325/43,045,415  (23s)\n"}
,{"stream_name":"stdout","time":50.545765546,"data":"    part-00003.parquet: 11,867,417/43,045,415  (32s)\n"}
,{"stream_name":"stdout","time":59.927548992,"data":"    part-00004.parquet: 14,762,247/43,045,415  (41s)\n"}
,{"stream_name":"stdout","time":68.186256273,"data":"    part-00005.parquet: 17,711,932/43,045,415  (49s)\n"}
,{"stream_name":"stdout","time":75.671638553,"data":"    part-00006.parquet: 20,529,204/43,045,415  (57s)\n"}
,{"stream_name":"stdout","time":83.957260606,"data":"    part-00007.parquet: 23,678,200/43,045,415  (65s)\n"}
,{"stream_name":"stdout","time":92.534748432,"data":"    part-00008.parquet: 26,868,228/43,045,415  (74s)\n"}
,{"stream_name":"stdout","time":101.190592037,"data":"    part-00009.parquet: 30,061,006/43,045,415  (82s)\n"}
,{"stream_name":"stdout","time":109.325973376,"data":"    part-00010.parquet: 32,930,296/43,045,415  (91s)\n"}
,{"stream_name":"stdout","time":117.874359217,"data":"    part-00011.parquet: 35,998,013/43,045,415  (99s)\n"}
,{"stream_name":"stdout","time":126.801201944,"data":"    part-00012.parquet: 39,312,538/43,045,415  (108s)\n"}
,{"stream_name":"stdout","time":135.581285635,"data":"    part-00013.parquet: 42,563,468/43,045,415  (117s)\n"}
,{"stream_name":"stdout","time":146.836324251,"data":"    part-00014.parquet: 43,045,415/43,045,415  (118s)\n"}
,{"stream_name":"stdout","time":147.040707885,"data":"\n"}
,{"stream_name":"stdout","time":147.040750325,"data":"========================================================================\n"}
,{"stream_name":"stdout","time":147.040759,"data":"TRAIN (already standardised — untouched): 43,045,415 rows x 66 features\n"}
,{"stream_name":"stdout","time":147.040766728,"data":"========================================================================\n"}
,{"stream_name":"stdout","time":147.040772507,"data":"                     class   count     pct\n"}
,{"stream_name":"stdout","time":147.040777846,"data":"                    benign 9564547 22.2197\n"}
,{"stream_name":"stdout","time":147.040782866,"data":"accelerationMultiplication  629963  1.4635\n"}
,{"stream_name":"stdout","time":147.040787805,"data":"    constantPositionOffset 1769893  4.1117\n"}
,{"stream_name":"stdout","time":147.040798676,"data":"       constantSpeedOffset 1732706  4.0253\n"}
,{"stream_name":"stdout","time":147.040803024,"data":"                dataReplay 1901664  4.4178\n"}
,{"stream_name":"stdout","time":147.040806483,"data":"                 dosAttack 6296361 14.6273\n"}
,{"stream_name":"stdout","time":147.040809913,"data":"            feignedBraking  474418  1.1021\n"}
,{"stream_name":"stdout","time":147.040813317,"data":"         positionMirroring 1868199  4.3401\n"}
,{"stream_name":"stdout","time":147.040816688,"data":"      randomPositionOffset 1881029  4.3699\n"}
,{"stream_name":"stdout","time":147.040820233,"data":"         randomSpeedOffset 2168752  5.0383\n"}
,{"stream_name":"stdout","time":147.040823632,"data":"           reversedHeading 1079992  2.5090\n"}
,{"stream_name":"stdout","time":147.040827475,"data":"       suddenConstantSpeed  231028  0.5367\n"}
,{"stream_name":"stdout","time":147.040831489,"data":"                suddenStop  845778  1.9649\n"}
,{"stream_name":"stdout","time":147.040851211,"data":"           timeDelayAttack 1962298  4.5587\n"}
,{"stream_name":"stdout","time":147.040857248,"data":"    trafficCongestionSybil 9573355 22.2401\n"}
,{"stream_name":"stdout","time":147.040863088,"data":"           zeroSpeedReport 1065432  2.4751\n"}
,{"stream_name":"stdout","time":147.040885808,"data":"imbalance ratio: 41.4 : 1\n"}
,{"stream_name":"stdout","time":147.040890155,"data":"empty classes  : none\n"}
,{"stream_name":"stdout","time":147.040894154,"data":"NaN cells: 0   Inf cells: 0\n"}
,{"stream_name":"stdout","time":147.040898178,"data":"feature min -535.515  max 570.435  mean(|mean|) 0.0000\n"}
,{"stream_name":"stdout","time":147.040902223,"data":"one pass: decode + audit + write in 128.0s\n"}
,{"stream_name":"stdout","time":156.93005659,"data":"    part-00000.parquet: 3,391,090/10,761,343  (10s)\n"}
,{"stream_name":"stdout","time":166.600397043,"data":"    part-00001.parquet: 6,755,493/10,761,343  (20s)\n"}
,{"stream_name":"stdout","time":176.151334046,"data":"    part-00002.parquet: 10,217,967/10,761,343  (29s)\n"}
,{"stream_name":"stdout","time":184.846718013,"data":"    part-00003.parquet: 10,761,343/10,761,343  (31s)\n"}
,{"stream_name":"stdout","time":184.911862121,"data":"\n"}
,{"stream_name":"stdout","time":184.911902283,"data":"========================================================================\n"}
,{"stream_name":"stdout","time":184.911909171,"data":"TEST  (scaler.json applied at load): 10,761,343 rows x 66 features\n"}
,{"stream_name":"stdout","time":184.911915063,"data":"========================================================================\n"}
,{"stream_name":"stdout","time":184.911921347,"data":"                     class   count     pct\n"}
,{"stream_name":"stdout","time":184.911927356,"data":"                    benign 2391136 22.2197\n"}
,{"stream_name":"stdout","time":184.911933317,"data":"accelerationMultiplication  157490  1.4635\n"}
,{"stream_name":"stdout","time":184.911939046,"data":"    constantPositionOffset  442475  4.1117\n"}
,{"stream_name":"stdout","time":184.911944129,"data":"       constantSpeedOffset  433177  4.0253\n"}
,{"stream_name":"stdout","time":184.911949197,"data":"                dataReplay  475410  4.4178\n"}
,{"stream_name":"stdout","time":184.91195424,"data":"                 dosAttack 1574090 14.6273\n"}
,{"stream_name":"stdout","time":184.911959105,"data":"            feignedBraking  118605  1.1021\n"}
,{"stream_name":"stdout","time":184.911964107,"data":"         positionMirroring  467049  4.3401\n"}
,{"stream_name":"stdout","time":184.91196905,"data":"      randomPositionOffset  470279  4.3701\n"}
,{"stream_name":"stdout","time":184.911973951,"data":"         randomSpeedOffset  542163  5.0381\n"}
,{"stream_name":"stdout","time":184.911978996,"data":"           reversedHeading  269999  2.5090\n"}
,{"stream_name":"stdout","time":184.911990683,"data":"       suddenConstantSpeed   57757  0.5367\n"}
,{"stream_name":"stdout","time":184.91199461,"data":"                suddenStop  211445  1.9649\n"}
,{"stream_name":"stdout","time":184.911998519,"data":"           timeDelayAttack  490574  4.5587\n"}
,{"stream_name":"stdout","time":184.912018631,"data":"    trafficCongestionSybil 2393335 22.2401\n"}
,{"stream_name":"stdout","time":184.91202474,"data":"           zeroSpeedReport  266359  2.4751\n"}
,{"stream_name":"stdout","time":184.91203034,"data":"imbalance ratio: 41.4 : 1\n"}
,{"stream_name":"stdout","time":184.912036135,"data":"empty classes  : none\n"}
,{"stream_name":"stdout","time":184.912041797,"data":"NaN cells: 0   Inf cells: 0\n"}
,{"stream_name":"stdout","time":184.912046828,"data":"feature min -204.259  max 570.435  mean(|mean|) 0.0413\n"}
,{"stream_name":"stdout","time":184.912052329,"data":"one pass: decode + audit + write in 37.8s\n"}
,{"stream_name":"stdout","time":184.912057325,"data":"\n"}
,{"stream_name":"stdout","time":184.91207851,"data":"== train/test agreement ==\n"}
,{"stream_name":"stdout","time":184.912082647,"data":"cols only in train  : none\n"}
,{"stream_name":"stdout","time":184.912086495,"data":"cols only in test   : none\n"}
,{"stream_name":"stdout","time":184.912090354,"data":"labels only in test : none\n"}
,{"stream_name":"stdout","time":184.912096305,"data":"train:test ratio    : 0.8000 : 0.2000\n"}
,{"stream_name":"stdout","time":184.937840839,"data":"frozen meta.json -\u003e /kaggle/temp/veremi_cache/meta.json\n"}
,{"stream_name":"stdout","time":184.937879092,"data":"train X 5.29 GB   test X 1.32 GB\n"}
,{"stream_name":"stdout","time":184.937886462,"data":"free on /kaggle/temp: 1020.1 GB\n"}
,{"stream_name":"stdout","time":184.937895687,"data":"\n"}
,{"stream_name":"stdout","time":184.937899236,"data":"free on /kaggle/working: 19.5 GB (50 checkpoints + 50 y_pred arrays must fit)\n"}
,{"stream_name":"stdout","time":184.975270333,"data":"Writing /kaggle/working/proj/model.py\n"}
,{"stream_name":"stdout","time":185.022427182,"data":"Writing /kaggle/working/proj/metrics.py\n"}
,{"stream_name":"stdout","time":185.046536186,"data":"Writing /kaggle/working/proj/ckpt.py\n"}
,{"stream_name":"stdout","time":185.078393178,"data":"Writing /kaggle/working/proj/train_worker.py\n"}
,{"stream_name":"stdout","time":185.138495512,"data":"prep took 2.8 min; 1.95 h of session budget left for training\n"}
,{"stream_name":"stdout","time":185.138536425,"data":"10,509 steps/epoch/rank x 2 ranks x 50 rounds\n"}
,{"stream_name":"stdout","time":185.138540681,"data":"inputs: 66 -\u003e DAGSNet input (B, 6, 11)   classes: 16\n"}
,{"stream_name":"stdout","time":185.138544493,"data":"free on /kaggle/working: 19.5 GB (50 ckpts + 50 y_pred must fit)\n"}
,{"stream_name":"stderr","time":191.243366228,"data":"[W904 02:33:48.373962145 Utils.hpp:137] Warning: Environment variable NCCL_ASYNC_ERROR_HANDLING is deprecated; use TORCH_NCCL_ASYNC_ERROR_HANDLING instead (function operator())\n"}
,{"stream_name":"stderr","time":191.247404387,"data":"[W904 02:33:48.378432445 Utils.hpp:137] Warning: Environment variable NCCL_ASYNC_ERROR_HANDLING is deprecated; use TORCH_NCCL_ASYNC_ERROR_HANDLING instead (function operator())\n"}
,{"stream_name":"stderr","time":191.255848856,"data":"/kaggle/working/proj/train_worker.py:36: UserWarning: The given NumPy array is not writable, and PyTorch does not support non-writable tensors. This means writing to this tensor will result in undefined behavior. You may want to copy the array to protect its data or make it writable before converting it to a tensor. This type of warning will be suppressed for the rest of this program. (Triggered internally at /pytorch/torch/csrc/utils/tensor_numpy.cpp:213.)\n"}
,{"stream_name":"stderr","time":191.255887095,"data":"  chunks_x.append(torch.from_numpy(np.asarray(X[i:j])).to(device))\n"}
,{"stream_name":"stderr","time":191.255894434,"data":"/kaggle/working/proj/train_worker.py:36: UserWarning: The given NumPy array is not writable, and PyTorch does not support non-writable tensors. This means writing to this tensor will result in undefined behavior. You may want to copy the array to protect its data or make it writable before converting it to a tensor. This type of warning will be suppressed for the rest of this program. (Triggered internally at /pytorch/torch/csrc/utils/tensor_numpy.cpp:213.)\n"}
,{"stream_name":"stderr","time":191.255901694,"data":"  chunks_x.append(torch.from_numpy(np.asarray(X[i:j])).to(device))\n"}
,{"stream_name":"stderr","time":191.447617022,"data":"[W904 02:33:48.373962145 Utils.hpp:137] Warning: Environment variable NCCL_ASYNC_ERROR_HANDLING is deprecated; use TORCH_NCCL_ASYNC_ERROR_HANDLING instead (function operator())\n"}
,{"stream_name":"stderr","time":191.447730938,"data":"[W904 02:33:48.378432445 Utils.hpp:137] Warning: Environment variable NCCL_ASYNC_ERROR_HANDLING is deprecated; use TORCH_NCCL_ASYNC_ERROR_HANDLING instead (function operator())\n"}
,{"stream_name":"stderr","time":191.447768218,"data":"/kaggle/working/proj/train_worker.py:36: UserWarning: The given NumPy array is not writable, and PyTorch does not support non-writable tensors. This means writing to this tensor will result in undefined behavior. You may want to copy the array to protect its data or make it writable before converting it to a tensor. This type of warning will be suppressed for the rest of this program. (Triggered internally at /pytorch/torch/csrc/utils/tensor_numpy.cpp:213.)\n"}
,{"stream_name":"stderr","time":191.44777835,"data":"  chunks_x.append(torch.from_numpy(np.asarray(X[i:j])).to(device))\n"}
,{"stream_name":"stderr","time":191.447783662,"data":"/kaggle/working/proj/train_worker.py:36: UserWarning: The given NumPy array is not writable, and PyTorch does not support non-writable tensors. This means writing to this tensor will result in undefined behavior. You may want to copy the array to protect its data or make it writable before converting it to a tensor. This type of warning will be suppressed for the rest of this program. (Triggered internally at /pytorch/torch/csrc/utils/tensor_numpy.cpp:213.)\n"}
,{"stream_name":"stderr","time":191.44779031,"data":"  chunks_x.append(torch.from_numpy(np.asarray(X[i:j])).to(device))\n"}
,{"stream_name":"stderr","time":191.447795532,"data":"\n"}
,{"stream_name":"stderr","time":191.447800372,"data":"[W904 02:33:48.373962145 Utils.hpp:137] Warning: Environment variable NCCL_ASYNC_ERROR_HANDLING is deprecated; use TORCH_NCCL_ASYNC_ERROR_HANDLING instead (function operator())\n"}
,{"stream_name":"stderr","time":191.447805515,"data":"[W904 02:33:48.378432445 Utils.hpp:137] Warning: Environment variable NCCL_ASYNC_ERROR_HANDLING is deprecated; use TORCH_NCCL_ASYNC_ERROR_HANDLING instead (function operator())\n"}
,{"stream_name":"stderr","time":191.447813906,"data":"/kaggle/working/proj/train_worker.py:36: UserWarning: The given NumPy array is not writable, and PyTorch does not support non-writable tensors. This means writing to this tensor will result in undefined behavior. You may want to copy the array to protect its data or make it writable before converting it to a tensor. This type of warning will be suppressed for the rest of this program. (Triggered internally at /pytorch/torch/csrc/utils/tensor_numpy.cpp:213.)\n"}
,{"stream_name":"stderr","time":191.447820562,"data":"  chunks_x.append(torch.from_numpy(np.asarray(X[i:j])).to(device))\n"}
,{"stream_name":"stderr","time":191.447825675,"data":"/kaggle/working/proj/train_worker.py:36: UserWarning: The given NumPy array is not writable, and PyTorch does not support non-writable tensors. This means writing to this tensor will result in undefined behavior. You may want to copy the array to protect its data or make it writable before converting it to a tensor. This type of warning will be suppressed for the rest of this program. (Triggered internally at /pytorch/torch/csrc/utils/tensor_numpy.cpp:213.)\n"}
,{"stream_name":"stderr","time":191.447831866,"data":"  chunks_x.append(torch.from_numpy(np.asarray(X[i:j])).to(device))\n"}
,{"stream_name":"stdout","time":192.547243706,"data":"[rank0] shard (21522707, 66) fp16 = 2.65 GB resident\n"}
,{"stream_name":"stdout","time":192.587431098,"data":"[rank0] params: 395,024   DAGSNet only — input (B, 6, 11), no extractor, no CMSO\n"}
,{"stream_name":"stdout","time":192.749845639,"data":"[rank0] shard (21522707, 66) fp16 = 2.65 GB resident\n"}
,{"stream_name":"stdout","time":192.74988081,"data":"[rank0] params: 395,024   DAGSNet only — input (B, 6, 11), no extractor, no CMSO\n"}
,{"stream_name":"stderr","time":199.237315127,"data":"[rank1]:[W904 02:33:56.368212112 Utils.hpp:112] Warning: Environment variable NCCL_ASYNC_ERROR_HANDLING is deprecated; use TORCH_NCCL_ASYNC_ERROR_HANDLING instead (function operator())\n"}
,{"stream_name":"stderr","time":199.23738077,"data":"[rank0]:[W904 02:33:56.368229730 Utils.hpp:112] Warning: Environment variable NCCL_ASYNC_ERROR_HANDLING is deprecated; use TORCH_NCCL_ASYNC_ERROR_HANDLING instead (function operator())\n"}
,{"stream_name":"stderr","time":199.439981909,"data":"[rank1]:[W904 02:33:56.368212112 Utils.hpp:112] Warning: Environment variable NCCL_ASYNC_ERROR_HANDLING is deprecated; use TORCH_NCCL_ASYNC_ERROR_HANDLING instead (function operator())\n"}
,{"stream_name":"stderr","time":199.440014669,"data":"[rank0]:[W904 02:33:56.368229730 Utils.hpp:112] Warning: Environment variable NCCL_ASYNC_ERROR_HANDLING is deprecated; use TORCH_NCCL_ASYNC_ERROR_HANDLING instead (function operator())\n"}
,{"stream_name":"stderr","time":199.440021078,"data":"\n"}
,{"stream_name":"stderr","time":199.440025424,"data":"[rank1]:[W904 02:33:56.368212112 Utils.hpp:112] Warning: Environment variable NCCL_ASYNC_ERROR_HANDLING is deprecated; use TORCH_NCCL_ASYNC_ERROR_HANDLING instead (function operator())\n"}
,{"stream_name":"stderr","time":199.440030613,"data":"[rank0]:[W904 02:33:56.368229730 Utils.hpp:112] Warning: Environment variable NCCL_ASYNC_ERROR_HANDLING is deprecated; use TORCH_NCCL_ASYNC_ERROR_HANDLING instead (function operator())\n"}
,{"stream_name":"stderr","time":203.076318716,"data":"[rank0]:W0904 02:34:00.180000 61 torch/_logging/_internal.py:1204] [0/0] Profiler function \u003cclass 'torch.autograd.profiler.record_function'\u003e will be ignored\n"}
,{"stream_name":"stderr","time":203.07680414,"data":"[rank1]:W0904 02:34:00.181000 62 torch/_logging/_internal.py:1204] [0/0] Profiler function \u003cclass 'torch.autograd.profiler.record_function'\u003e will be ignored\n"}
,{"stream_name":"stderr","time":203.280119494,"data":"[rank0]:W0904 02:34:00.180000 61 torch/_logging/_internal.py:1204] [0/0] Profiler function \u003cclass 'torch.autograd.profiler.record_function'\u003e will be ignored\n"}
,{"stream_name":"stderr","time":203.280206634,"data":"[rank1]:W0904 02:34:00.181000 62 torch/_logging/_internal.py:1204] [0/0] Profiler function \u003cclass 'torch.autograd.profiler.record_function'\u003e will be ignored\n"}
,{"stream_name":"stderr","time":203.280214144,"data":"\n"}
,{"stream_name":"stderr","time":203.280218441,"data":"[rank0]:W0904 02:34:00.180000 61 torch/_logging/_internal.py:1204] [0/0] Profiler function \u003cclass 'torch.autograd.profiler.record_function'\u003e will be ignored\n"}
,{"stream_name":"stderr","time":203.280223425,"data":"[rank1]:W0904 02:34:00.181000 62 torch/_logging/_internal.py:1204] [0/0] Profiler function \u003cclass 'torch.autograd.profiler.record_function'\u003e will be ignored\n"}
,{"stream_name":"stderr","time":216.418478405,"data":"[rank1]:W0904 02:34:13.523000 62 torch/_inductor/utils.py:1679] [4/0] Not enough SMs to use max_autotune_gemm mode\n"}
,{"stream_name":"stderr","time":216.420281216,"data":"[rank0]:W0904 02:34:13.525000 61 torch/_inductor/utils.py:1679] [4/0] Not enough SMs to use max_autotune_gemm mode\n"}
,{"stream_name":"stderr","time":216.633600643,"data":"[rank1]:W0904 02:34:13.523000 62 torch/_inductor/utils.py:1679] [4/0] Not enough SMs to use max_autotune_gemm mode\n"}
,{"stream_name":"stderr","time":216.633629875,"data":"[rank0]:W0904 02:34:13.525000 61 torch/_inductor/utils.py:1679] [4/0] Not enough SMs to use max_autotune_gemm mode\n"}
,{"stream_name":"stderr","time":216.633659811,"data":"\n"}
,{"stream_name":"stderr","time":216.633690988,"data":"[rank1]:W0904 02:34:13.523000 62 torch/_inductor/utils.py:1679] [4/0] Not enough SMs to use max_autotune_gemm mode\n"}
,{"stream_name":"stderr","time":216.633697843,"data":"[rank0]:W0904 02:34:13.525000 61 torch/_inductor/utils.py:1679] [4/0] Not enough SMs to use max_autotune_gemm mode\n"}
,{"stream_name":"stdout","time":279.604358069,"data":"[rank0] torch.compile active (trial fwd+bwd passed)\n"}
,{"stream_name":"stdout","time":279.697498014,"data":"[resume] importing checkpoints from /kaggle/input/notebooks/odixe0502/edl-cmso-v4-dagsnet/runs/edl_cmso_v4_dagsnet/checkpoints\n"}
,{"stream_name":"stdout","time":279.816139046,"data":"[rank0] torch.compile active (trial fwd+bwd passed)\n"}
,{"stream_name":"stdout","time":279.816179222,"data":"[resume] importing checkpoints from /kaggle/input/notebooks/odixe0502/edl-cmso-v4-dagsnet/runs/edl_cmso_v4_dagsnet/checkpoints\n"}
,{"stream_name":"stderr","time":291.286849747,"data":"/usr/local/lib/python3.12/dist-packages/torch/distributed/c10d_logger.py:83: UserWarning: barrier(): using the device under current context. You can specify `device_id` in `init_process_group` to mute this warning.\n"}
,{"stream_name":"stderr","time":291.286887856,"data":"  return func(*args, **kwargs)\n"}
,{"stream_name":"stdout","time":291.334036868,"data":"[resume] loaded round 45 -\u003e continuing at round 46\n"}
,{"stream_name":"stdout","time":291.334076208,"data":"[resume] loaded round 45 -\u003e continuing at round 46\n"}
,{"stream_name":"stderr","time":291.487494226,"data":"/usr/local/lib/python3.12/dist-packages/torch/distributed/c10d_logger.py:83: UserWarning: barrier(): using the device under current context. You can specify `device_id` in `init_process_group` to mute this warning.\n"}
,{"stream_name":"stderr","time":291.487532181,"data":"  return func(*args, **kwargs)\n"}
,{"stream_name":"stderr","time":291.487539282,"data":"\n"}
,{"stream_name":"stderr","time":291.487545683,"data":"/usr/local/lib/python3.12/dist-packages/torch/distributed/c10d_logger.py:83: UserWarning: barrier(): using the device under current context. You can specify `device_id` in `init_process_group` to mute this warning.\n"}
,{"stream_name":"stderr","time":291.487551944,"data":"  return func(*args, **kwargs)\n"}
,{"stream_name":"stdout","time":291.537732193,"data":"[resume] loaded round 45 -\u003e continuing at round 46\n"}
,{"stream_name":"stdout","time":291.537801859,"data":"[resume] loaded round 45 -\u003e continuing at round 46\n"}
,{"stream_name":"stderr","time":292.877404698,"data":"wandb: [wandb.login()] Loaded credentials for https://api.wandb.ai from /root/.netrc.\n"}
,{"stream_name":"stderr","time":292.902890031,"data":"wandb: Currently logged in as: minhtriet (21522798-uit) to https://api.wandb.ai. Use `wandb login --relogin` to force relogin\n"}
,{"stream_name":"stderr","time":293.079975228,"data":"wandb: [wandb.login()] Loaded credentials for https://api.wandb.ai from /root/.netrc.\n"}
,{"stream_name":"stderr","time":293.080004332,"data":"wandb: Currently logged in as: minhtriet (21522798-uit) to https://api.wandb.ai. Use `wandb login --relogin` to force relogin\n"}
,{"stream_name":"stderr","time":293.080010761,"data":"\n"}
,{"stream_name":"stderr","time":293.080015879,"data":"wandb: [wandb.login()] Loaded credentials for https://api.wandb.ai from /root/.netrc.\n"}
,{"stream_name":"stderr","time":293.080021133,"data":"wandb: Currently logged in as: minhtriet (21522798-uit) to https://api.wandb.ai. Use `wandb login --relogin` to force relogin\n"}
,{"stream_name":"stderr","time":294.779989566,"data":"wandb: Tracking run with wandb version 0.26.1\n"}
,{"stream_name":"stderr","time":294.780513416,"data":"wandb: Run data is saved locally in /kaggle/working/runs/edl_cmso_v4_dagsnet/wandb/run-20260904_023530-edl-cmso-v4-dagsnet-r46\n"}
,{"stream_name":"stderr","time":294.780536925,"data":"wandb: Run `wandb offline` to turn off syncing.\n"}
,{"stream_name":"stderr","time":294.780544572,"data":"wandb: Syncing run edl_cmso_v4_dagsnet\n"}
,{"stream_name":"stderr","time":294.780565943,"data":"wandb: ⭐️ View project at https://wandb.ai/21522798-uit/edl-cmso\n"}
,{"stream_name":"stderr","time":294.78144051,"data":"wandb: 🚀 View run at https://wandb.ai/21522798-uit/edl-cmso/runs/edl-cmso-v4-dagsnet-r46\n"}
,{"stream_name":"stderr","time":294.983080256,"data":"wandb: Tracking run with wandb version 0.26.1\n"}
,{"stream_name":"stderr","time":294.983114009,"data":"wandb: Run data is saved locally in /kaggle/working/runs/edl_cmso_v4_dagsnet/wandb/run-20260904_023530-edl-cmso-v4-dagsnet-r46\n"}
,{"stream_name":"stderr","time":294.983120087,"data":"wandb: Run `wandb offline` to turn off syncing.\n"}
,{"stream_name":"stderr","time":294.983124522,"data":"wandb: Syncing run edl_cmso_v4_dagsnet\n"}
,{"stream_name":"stderr","time":294.9831289,"data":"wandb: ⭐️ View project at https://wandb.ai/21522798-uit/edl-cmso\n"}
,{"stream_name":"stderr","time":294.983133995,"data":"wandb: 🚀 View run at https://wandb.ai/21522798-uit/edl-cmso/runs/edl-cmso-v4-dagsnet-r46\n"}
,{"stream_name":"stderr","time":294.983138732,"data":"\n"}
,{"stream_name":"stderr","time":294.983142679,"data":"wandb: Tracking run with wandb version 0.26.1\n"}
,{"stream_name":"stderr","time":294.983147035,"data":"wandb: Run data is saved locally in /kaggle/working/runs/edl_cmso_v4_dagsnet/wandb/run-20260904_023530-edl-cmso-v4-dagsnet-r46\n"}
,{"stream_name":"stderr","time":294.983151532,"data":"wandb: Run `wandb offline` to turn off syncing.\n"}
,{"stream_name":"stderr","time":294.983155675,"data":"wandb: Syncing run edl_cmso_v4_dagsnet\n"}
,{"stream_name":"stderr","time":294.983159657,"data":"wandb: ⭐️ View project at https://wandb.ai/21522798-uit/edl-cmso\n"}
,{"stream_name":"stderr","time":294.983163901,"data":"wandb: 🚀 View run at https://wandb.ai/21522798-uit/edl-cmso/runs/edl-cmso-v4-dagsnet-r46\n"}
,{"stream_name":"stdout","time":296.417235303,"data":"[rank0] W\u0026B run: https://wandb.ai/21522798-uit/edl-cmso/runs/edl-cmso-v4-dagsnet-r46\n"}
,{"stream_name":"stdout","time":296.418187154,"data":"[rank0] 10,509 steps/epoch/rank  (global batch 4096)\n"}
,{"stream_name":"stdout","time":296.621379945,"data":"[rank0] W\u0026B run: https://wandb.ai/21522798-uit/edl-cmso/runs/edl-cmso-v4-dagsnet-r46\n"}
,{"stream_name":"stdout","time":296.62142089,"data":"[rank0] 10,509 steps/epoch/rank  (global batch 4096)\n"}
,{"stream_name":"stdout","time":296.959749683,"data":"[rank0] test (10761343, 66) fp16 = 1.32 GB resident\n"}
,{"stream_name":"stdout","time":297.162526458,"data":"[rank0] test (10761343, 66) fp16 = 1.32 GB resident\n"}
,{"stream_name":"stderr","time":305.367570659,"data":"/kaggle/working/proj/train_worker.py:238: UserWarning: Converting a tensor with requires_grad=True to a scalar may lead to unexpected behavior.\n"}
,{"stream_name":"stderr","time":305.367974688,"data":"Consider using tensor.detach() first. (Triggered internally at /pytorch/torch/csrc/autograd/generated/python_variable_methods.cpp:836.)\n"}
,{"stream_name":"stderr","time":305.368912341,"data":"  \"loss\": round(float(loss) * cfg[\"grad_accum\"], 5),\n"}
,{"stream_name":"stdout","time":305.369529619,"data":"  {\"round\": 46, \"step\": 250, \"of\": 10509, \"global_step\": 483664, \"loss\": 0.06244, \"grad_norm\": 0.13802, \"skipped_in_window\": 0, \"skip_pct\": 0.0, \"max_abs_weight\": 15.56, \"scaler_scale\": 262144.0, \"lr\": 1.6352568480485276e-05, \"elapsed_s\": 8.4}\n"}
,{"stream_name":"stderr","time":305.571253941,"data":"/kaggle/working/proj/train_worker.py:238: UserWarning: Converting a tensor with requires_grad=True to a scalar may lead to unexpected behavior.\n"}
,{"stream_name":"stderr","time":305.571293406,"data":"Consider using tensor.detach() first. (Triggered internally at /pytorch/torch/csrc/autograd/generated/python_variable_methods.cpp:836.)\n"}
,{"stream_name":"stderr","time":305.57132237,"data":"  \"loss\": round(float(loss) * cfg[\"grad_accum\"], 5),\n"}
,{"stream_name":"stderr","time":305.571328728,"data":"\n"}
,{"stream_name":"stderr","time":305.571333041,"data":"/kaggle/working/proj/train_worker.py:238: UserWarning: Converting a tensor with requires_grad=True to a scalar may lead to unexpected behavior.\n"}
,{"stream_name":"stderr","time":305.571337845,"data":"Consider using tensor.detach() first. (Triggered internally at /pytorch/torch/csrc/autograd/generated/python_variable_methods.cpp:836.)\n"}
,{"stream_name":"stderr","time":305.571342658,"data":"  \"loss\": round(float(loss) * cfg[\"grad_accum\"], 5),\n"}
,{"stream_name":"stdout","time":305.572611064,"data":"  {\"round\": 46, \"step\": 250, \"of\": 10509, \"global_step\": 483664, \"loss\": 0.06244, \"grad_norm\": 0.13802, \"skipped_in_window\": 0, \"skip_pct\": 0.0, \"max_abs_weight\": 15.56, \"scaler_scale\": 262144.0, \"lr\": 1.6352568480485276e-05, \"elapsed_s\": 8.4}\n"}
,{"stream_name":"stdout","time":313.213822346,"data":"  {\"round\": 46, \"step\": 500, \"of\": 10509, \"global_step\": 483914, \"loss\": 0.05271, \"grad_norm\": 0.15386, \"skipped_in_window\": 0, \"skip_pct\": 0.0, \"max_abs_weight\": 15.56, \"scaler_scale\": 262144.0, \"lr\": 1.6352568480485276e-05, \"elapsed_s\": 16.3}\n"}
,{"stream_name":"stdout","time":313.430170837,"data":"  {\"round\": 46, \"step\": 500, \"of\": 10509, \"global_step\": 483914, \"loss\": 0.05271, \"grad_norm\": 0.15386, \"skipped_in_window\": 0, \"skip_pct\": 0.0, \"max_abs_weight\": 15.56, \"scaler_scale\": 262144.0, \"lr\": 1.6352568480485276e-05, \"elapsed_s\": 16.3}\n"}
,{"stream_name":"stdout","time":320.977992518,"data":"  {\"round\": 46, \"step\": 750, \"of\": 10509, \"global_step\": 484164, \"loss\": 0.0433, \"grad_norm\": 0.14475, \"skipped_in_window\": 0, \"skip_pct\": 0.0, \"max_abs_weight\": 15.5601, \"scaler_scale\": 262144.0, \"lr\": 1.6352568480485276e-05, \"elapsed_s\": 24.0}\n"}
,{"stream_name":"stdout","time":321.184884295,"data":"  {\"round\": 46, \"step\": 750, \"of\": 10509, \"global_step\": 484164, \"loss\": 0.0433, \"grad_norm\": 0.14475, \"skipped_in_window\": 0, \"skip_pct\": 0.0, \"max_abs_weight\": 15.5601, \"scaler_scale\": 262144.0, \"lr\": 1.6352568480485276e-05, \"elapsed_s\": 24.0}\n"}
,{"stream_name":"stdout","time":328.606078307,"data":"  {\"round\": 46, \"step\": 1000, \"of\": 10509, \"global_step\": 484414, \"loss\": 0.04283, \"grad_norm\": 0.1532, \"skipped_in_window\": 0, \"skip_pct\": 0.0, \"max_abs_weight\": 15.5601, \"scaler_scale\": 262144.0, \"lr\": 1.6352568480485276e-05, \"elapsed_s\": 31.6}\n"}
,{"stream_name":"stdout","time":328.8091906,"data":"  {\"round\": 46, \"step\": 1000, \"of\": 10509, \"global_step\": 484414, \"loss\": 0.04283, \"grad_norm\": 0.1532, \"skipped_in_window\": 0, \"skip_pct\": 0.0, \"max_abs_weight\": 15.5601, \"scaler_scale\": 262144.0, \"lr\": 1.6352568480485276e-05, \"elapsed_s\": 31.6}\n"}
,{"stream_name":"stdout","time":336.168183809,"data":"  {\"round\": 46, \"step\": 1250, \"of\": 10509, \"global_step\": 484664, \"loss\": 0.04396, \"grad_norm\": 0.13711, \"skipped_in_window\": 0, \"skip_pct\": 0.0, \"max_abs_weight\": 15.5604, \"scaler_scale\": 262144.0, \"lr\": 1.6352568480485276e-05, \"elapsed_s\": 39.2}\n"}
,{"stream_name":"stdout","time":336.371465175,"data":"  {\"round\": 46, \"step\": 1250, \"of\": 10509, \"global_step\": 484664, \"loss\": 0.04396, \"grad_norm\": 0.13711, \"skipped_in_window\": 0, \"skip_pct\": 0.0, \"max_abs_weight\": 15.5604, \"scaler_scale\": 262144.0, \"lr\": 1.6352568480485276e-05, \"elapsed_s\": 39.2}\n"}
,{"stream_name":"stdout","time":343.863529777,"data":"  {\"round\": 46, \"step\": 1500, \"of\": 10509, \"global_step\": 484914, \"loss\": 0.04425, \"grad_norm\": 0.27351, \"skipped_in_window\": 0, \"skip_pct\": 0.0, \"max_abs_weight\": 15.5602, \"scaler_scale\": 262144.0, \"lr\": 1.6352568480485276e-05, \"elapsed_s\": 46.9}\n"}
,{"stream_name":"stdout","time":344.078774807,"data":"  {\"round\": 46, \"step\": 1500, \"of\": 10509, \"global_step\": 484914, \"loss\": 0.04425, \"grad_norm\": 0.27351, \"skipped_in_window\": 0, \"skip_pct\": 0.0, \"max_abs_weight\": 15.5602, \"scaler_scale\": 262144.0, \"lr\": 1.6352568480485276e-05, \"elapsed_s\": 46.9}\n"}
,{"stream_name":"stdout","time":351.507299444,"data":"  {\"round\": 46, \"step\": 1750, \"of\": 10509, \"global_step\": 485164, \"loss\": 0.0573, \"grad_norm\": 0.21561, \"skipped_in_window\": 0, \"skip_pct\": 0.0, \"max_abs_weight\": 15.5598, \"scaler_scale\": 262144.0, \"lr\": 1.6352568480485276e-05, \"elapsed_s\": 54.5}\n"}
,{"stream_name":"stdout","time":351.710221262,"data":"  {\"round\": 46, \"step\": 1750, \"of\": 10509, \"global_step\": 485164, \"loss\": 0.0573, \"grad_norm\": 0.21561, \"skipped_in_window\": 0, \"skip_pct\": 0.0, \"max_abs_weight\": 15.5598, \"scaler_scale\": 262144.0, \"lr\": 1.6352568480485276e-05, \"elapsed_s\": 54.5}\n"}
,{"stream_name":"stdout","time":359.190511701,"data":"  {\"round\": 46, \"step\": 2000, \"of\": 10509, \"global_step\": 485414, \"loss\": 0.07102, \"grad_norm\": 0.19526, \"skipped_in_window\": 1, \"skip_pct\": 0.4, \"max_abs_weight\": 15.5598, \"scaler_scale\": 262144.0, \"lr\": 1.6352568480485276e-05, \"elapsed_s\": 62.2}\n"}
,{"stream_name":"stdout","time":359.393553494,"data":"  {\"round\": 46, \"step\": 2000, \"of\": 10509, \"global_step\": 485414, \"loss\": 0.07102, \"grad_norm\": 0.19526, \"skipped_in_window\": 1, \"skip_pct\": 0.4, \"max_abs_weight\": 15.5598, \"scaler_scale\": 262144.0, \"lr\": 1.6352568480485276e-05, \"elapsed_s\": 62.2}\n"}
,{"stream_name":"stdout","time":366.899503132,"data":"  {\"round\": 46, \"step\": 2250, \"of\": 10509, \"global_step\": 485664, \"loss\": 0.05325, \"grad_norm\": 0.16002, \"skipped_in_window\": 0, \"skip_pct\": 0.0, \"max_abs_weight\": 15.5604, \"scaler_scale\": 262144.0, \"lr\": 1.6352568480485276e-05, \"elapsed_s\": 69.9}\n"}
,{"stream_name":"stdout","time":367.102353145,"data":"  {\"round\": 46, \"step\": 2250, \"of\": 10509, \"global_step\": 485664, \"loss\": 0.05325, \"grad_norm\": 0.16002, \"skipped_in_window\": 0, \"skip_pct\": 0.0, \"max_abs_weight\": 15.5604, \"scaler_scale\": 262144.0, \"lr\": 1.6352568480485276e-05, \"elapsed_s\": 69.9}\n"}
,{"stream_name":"stdout","time":374.457334544,"data":"  {\"round\": 46, \"step\": 2500, \"of\": 10509, \"global_step\": 485914, \"loss\": 0.05382, \"grad_norm\": 0.12675, \"skipped_in_window\": 0, \"skip_pct\": 0.0, \"max_abs_weight\": 15.5599, \"scaler_scale\": 262144.0, \"lr\": 1.6352568480485276e-05, \"elapsed_s\": 77.5}\n"}
,{"stream_name":"stdout","time":374.67080674,"data":"  {\"round\": 46, \"step\": 2500, \"of\": 10509, \"global_step\": 485914, \"loss\": 0.05382, \"grad_norm\": 0.12675, \"skipped_in_window\": 0, \"skip_pct\": 0.0, \"max_abs_weight\": 15.5599, \"scaler_scale\": 262144.0, \"lr\": 1.6352568480485276e-05, \"elapsed_s\": 77.5}\n"}
,{"stream_name":"stdout","time":382.076509697,"data":"  {\"round\": 46, \"step\": 2750, \"of\": 10509, \"global_step\": 486164, \"loss\": 0.04073, \"grad_norm\": 0.11887, \"skipped_in_window\": 0, \"skip_pct\": 0.0, \"max_abs_weight\": 15.56, \"scaler_scale\": 262144.0, \"lr\": 1.6352568480485276e-05, \"elapsed_s\": 85.1}\n"}
,{"stream_name":"stdout","time":382.279284167,"data":"  {\"round\": 46, \"step\": 2750, \"of\": 10509, \"global_step\": 486164, \"loss\": 0.04073, \"grad_norm\": 0.11887, \"skipped_in_window\": 0, \"skip_pct\": 0.0, \"max_abs_weight\": 15.56, \"scaler_scale\": 262144.0, \"lr\": 1.6352568480485276e-05, \"elapsed_s\": 85.1}\n"}
,{"stream_name":"stdout","time":389.573625319,"data":"  {\"round\": 46, \"step\": 3000, \"of\": 10509, \"global_step\": 486414, \"loss\": 0.05632, \"grad_norm\": 0.17167, \"skipped_in_window\": 0, \"skip_pct\": 0.0, \"max_abs_weight\": 15.5601, \"scaler_scale\": 262144.0, \"lr\": 1.6352568480485276e-05, \"elapsed_s\": 92.6}\n"}
,{"stream_name":"stdout","time":389.77699859,"data":"  {\"round\": 46, \"step\": 3000, \"of\": 10509, \"global_step\": 486414, \"loss\": 0.05632, \"grad_norm\": 0.17167, \"skipped_in_window\": 0, \"skip_pct\": 0.0, \"max_abs_weight\": 15.5601, \"scaler_scale\": 262144.0, \"lr\": 1.6352568480485276e-05, \"elapsed_s\": 92.6}\n"}
,{"stream_name":"stdout","time":397.149280899,"data":"  {\"round\": 46, \"step\": 3250, \"of\": 10509, \"global_step\": 486664, \"loss\": 0.04485, \"grad_norm\": 0.15364, \"skipped_in_window\": 0, \"skip_pct\": 0.0, \"max_abs_weight\": 15.5601, \"scaler_scale\": 262144.0, \"lr\": 1.6352568480485276e-05, \"elapsed_s\": 100.2}\n"}
,{"stream_name":"stdout","time":397.352398623,"data":"  {\"round\": 46, \"step\": 3250, \"of\": 10509, \"global_step\": 486664, \"loss\": 0.04485, \"grad_norm\": 0.15364, \"skipped_in_window\": 0, \"skip_pct\": 0.0, \"max_abs_weight\": 15.5601, \"scaler_scale\": 262144.0, \"lr\": 1.6352568480485276e-05, \"elapsed_s\": 100.2}\n"}
,{"stream_name":"stdout","time":404.685887911,"data":"  {\"round\": 46, \"step\": 3500, \"of\": 10509, \"global_step\": 486914, \"loss\": 0.04448, \"grad_norm\": 0.12073, \"skipped_in_window\": 0, \"skip_pct\": 0.0, \"max_abs_weight\": 15.5603, \"scaler_scale\": 262144.0, \"lr\": 1.6352568480485276e-05, \"elapsed_s\": 107.7}\n"}
,{"stream_name":"stdout","time":404.903118199,"data":"  {\"round\": 46, \"step\": 3500, \"of\": 10509, \"global_step\": 486914, \"loss\": 0.04448, \"grad_norm\": 0.12073, \"skipped_in_window\": 0, \"skip_pct\": 0.0, \"max_abs_weight\": 15.5603, \"scaler_scale\": 262144.0, \"lr\": 1.6352568480485276e-05, \"elapsed_s\": 107.7}\n"}
,{"stream_name":"stdout","time":412.031990608,"data":"  {\"round\": 46, \"step\": 3750, \"of\": 10509, \"global_step\": 487164, \"loss\": 0.0441, \"grad_norm\": 0.15817, \"skipped_in_window\": 0, \"skip_pct\": 0.0, \"max_abs_weight\": 15.5602, \"scaler_scale\": 262144.0, \"lr\": 1.6352568480485276e-05, \"elapsed_s\": 115.1}\n"}
,{"stream_name":"stdout","time":412.235240812,"data":"  {\"round\": 46, \"step\": 3750, \"of\": 10509, \"global_step\": 487164, \"loss\": 0.0441, \"grad_norm\": 0.15817, \"skipped_in_window\": 0, \"skip_pct\": 0.0, \"max_abs_weight\": 15.5602, \"scaler_scale\": 262144.0, \"lr\": 1.6352568480485276e-05, \"elapsed_s\": 115.1}\n"}
,{"stream_name":"stdout","time":419.364240337,"data":"  {\"round\": 46, \"step\": 4000, \"of\": 10509, \"global_step\": 487414, \"loss\": 0.0444, \"grad_norm\": 0.13487, \"skipped_in_window\": 0, \"skip_pct\": 0.0, \"max_abs_weight\": 15.5598, \"scaler_scale\": 524288.0, \"lr\": 1.6352568480485276e-05, \"elapsed_s\": 122.4}\n"}
,{"stream_name":"stdout","time":419.56747856,"data":"  {\"round\": 46, \"step\": 4000, \"of\": 10509, \"global_step\": 487414, \"loss\": 0.0444, \"grad_norm\": 0.13487, \"skipped_in_window\": 0, \"skip_pct\": 0.0, \"max_abs_weight\": 15.5598, \"scaler_scale\": 524288.0, \"lr\": 1.6352568480485276e-05, \"elapsed_s\": 122.4}\n"}
,{"stream_name":"stdout","time":426.801362001,"data":"  {\"round\": 46, \"step\": 4250, \"of\": 10509, \"global_step\": 487664, \"loss\": 0.0424, \"grad_norm\": 0.15608, \"skipped_in_window\": 1, \"skip_pct\": 0.4, \"max_abs_weight\": 15.5603, \"scaler_scale\": 262144.0, \"lr\": 1.6352568480485276e-05, \"elapsed_s\": 129.8}\n"}
,{"stream_name":"stdout","time":427.004502562,"data":"  {\"round\": 46, \"step\": 4250, \"of\": 10509, \"global_step\": 487664, \"loss\": 0.0424, \"grad_norm\": 0.15608, \"skipped_in_window\": 1, \"skip_pct\": 0.4, \"max_abs_weight\": 15.5603, \"scaler_scale\": 262144.0, \"lr\": 1.6352568480485276e-05, \"elapsed_s\": 129.8}\n"}
,{"stream_name":"stdout","time":434.247385207,"data":"  {\"round\": 46, \"step\": 4500, \"of\": 10509, \"global_step\": 487914, \"loss\": 0.04399, \"grad_norm\": 0.27043, \"skipped_in_window\": 0, \"skip_pct\": 0.0, \"max_abs_weight\": 15.5602, \"scaler_scale\": 262144.0, \"lr\": 1.6352568480485276e-05, \"elapsed_s\": 137.3}\n"}
,{"stream_name":"stdout","time":434.450024318,"data":"  {\"round\": 46, \"step\": 4500, \"of\": 10509, \"global_step\": 487914, \"loss\": 0.04399, \"grad_norm\": 0.27043, \"skipped_in_window\": 0, \"skip_pct\": 0.0, \"max_abs_weight\": 15.5602, \"scaler_scale\": 262144.0, \"lr\": 1.6352568480485276e-05, \"elapsed_s\": 137.3}\n"}
,{"stream_name":"stdout","time":441.576940143,"data":"  {\"round\": 46, \"step\": 4750, \"of\": 10509, \"global_step\": 488164, \"loss\": 0.0398, \"grad_norm\": 0.16195, \"skipped_in_window\": 0, \"skip_pct\": 0.0, \"max_abs_weight\": 15.5604, \"scaler_scale\": 262144.0, \"lr\": 1.6352568480485276e-05, \"elapsed_s\": 144.6}\n"}
,{"stream_name":"stdout","time":441.792086873,"data":"  {\"round\": 46, \"step\": 4750, \"of\": 10509, \"global_step\": 488164, \"loss\": 0.0398, \"grad_norm\": 0.16195, \"skipped_in_window\": 0, \"skip_pct\": 0.0, \"max_abs_weight\": 15.5604, \"scaler_scale\": 262144.0, \"lr\": 1.6352568480485276e-05, \"elapsed_s\": 144.6}\n"}
,{"stream_name":"stdout","time":449.041798682,"data":"  {\"round\": 46, \"step\": 5000, \"of\": 10509, \"global_step\": 488414, \"loss\": 0.05271, \"grad_norm\": 0.16872, \"skipped_in_window\": 0, \"skip_pct\": 0.0, \"max_abs_weight\": 15.5603, \"scaler_scale\": 262144.0, \"lr\": 1.6352568480485276e-05, \"elapsed_s\": 152.1}\n"}
,{"stream_name":"stdout","time":449.244851866,"data":"  {\"round\": 46, \"step\": 5000, \"of\": 10509, \"global_step\": 488414, \"loss\": 0.05271, \"grad_norm\": 0.16872, \"skipped_in_window\": 0, \"skip_pct\": 0.0, \"max_abs_weight\": 15.5603, \"scaler_scale\": 262144.0, \"lr\": 1.6352568480485276e-05, \"elapsed_s\": 152.1}\n"}
,{"stream_name":"stdout","time":456.443024715,"data":"  {\"round\": 46, \"step\": 5250, \"of\": 10509, \"global_step\": 488664, \"loss\": 0.04684, \"grad_norm\": 0.14298, \"skipped_in_window\": 0, \"skip_pct\": 0.0, \"max_abs_weight\": 15.5601, \"scaler_scale\": 262144.0, \"lr\": 1.6352568480485276e-05, \"elapsed_s\": 159.5}\n"}
,{"stream_name":"stdout","time":456.646108297,"data":"  {\"round\": 46, \"step\": 5250, \"of\": 10509, \"global_step\": 488664, \"loss\": 0.04684, \"grad_norm\": 0.14298, \"skipped_in_window\": 0, \"skip_pct\": 0.0, \"max_abs_weight\": 15.5601, \"scaler_scale\": 262144.0, \"lr\": 1.6352568480485276e-05, \"elapsed_s\": 159.5}\n"}
,{"stream_name":"stdout","time":463.39434882,"data":"  {\"round\": 46, \"step\": 5500, \"of\": 10509, \"global_step\": 488914, \"loss\": 0.04454, \"grad_norm\": 0.15669, \"skipped_in_window\": 0, \"skip_pct\": 0.0, \"max_abs_weight\": 15.5603, \"scaler_scale\": 262144.0, \"lr\": 1.6352568480485276e-05, \"elapsed_s\": 166.4}\n"}
,{"stream_name":"stdout","time":463.597016349,"data":"  {\"round\": 46, \"step\": 5500, \"of\": 10509, \"global_step\": 488914, \"loss\": 0.04454, \"grad_norm\": 0.15669, \"skipped_in_window\": 0, \"skip_pct\": 0.0, \"max_abs_weight\": 15.5603, \"scaler_scale\": 262144.0, \"lr\": 1.6352568480485276e-05, \"elapsed_s\": 166.4}\n"}
,{"stream_name":"stdout","time":470.231116439,"data":"  {\"round\": 46, \"step\": 5750, \"of\": 10509, \"global_step\": 489164, \"loss\": 0.04686, \"grad_norm\": 0.15308, \"skipped_in_window\": 0, \"skip_pct\": 0.0, \"max_abs_weight\": 15.5601, \"scaler_scale\": 262144.0, \"lr\": 1.6352568480485276e-05, \"elapsed_s\": 173.3}\n"}
,{"stream_name":"stdout","time":470.433859852,"data":"  {\"round\": 46, \"step\": 5750, \"of\": 10509, \"global_step\": 489164, \"loss\": 0.04686, \"grad_norm\": 0.15308, \"skipped_in_window\": 0, \"skip_pct\": 0.0, \"max_abs_weight\": 15.5601, \"scaler_scale\": 262144.0, \"lr\": 1.6352568480485276e-05, \"elapsed_s\": 173.3}\n"}
,{"stream_name":"stdout","time":477.227422516,"data":"  {\"round\": 46, \"step\": 6000, \"of\": 10509, \"global_step\": 489414, \"loss\": 0.05282, \"grad_norm\": 0.21097, \"skipped_in_window\": 0, \"skip_pct\": 0.0, \"max_abs_weight\": 15.5606, \"scaler_scale\": 262144.0, \"lr\": 1.6352568480485276e-05, \"elapsed_s\": 180.3}\n"}
,{"stream_name":"stdout","time":477.441649889,"data":"  {\"round\": 46, \"step\": 6000, \"of\": 10509, \"global_step\": 489414, \"loss\": 0.05282, \"grad_norm\": 0.21097, \"skipped_in_window\": 0, \"skip_pct\": 0.0, \"max_abs_weight\": 15.5606, \"scaler_scale\": 262144.0, \"lr\": 1.6352568480485276e-05, \"elapsed_s\": 180.3}\n"}
,{"stream_name":"stdout","time":484.25910281,"data":"  {\"round\": 46, \"step\": 6250, \"of\": 10509, \"global_step\": 489664, \"loss\": 0.05127, \"grad_norm\": 0.13654, \"skipped_in_window\": 0, \"skip_pct\": 0.0, \"max_abs_weight\": 15.5607, \"scaler_scale\": 524288.0, \"lr\": 1.6352568480485276e-05, \"elapsed_s\": 187.3}\n"}
,{"stream_name":"stdout","time":484.461709873,"data":"  {\"round\": 46, \"step\": 6250, \"of\": 10509, \"global_step\": 489664, \"loss\": 0.05127, \"grad_norm\": 0.13654, \"skipped_in_window\": 0, \"skip_pct\": 0.0, \"max_abs_weight\": 15.5607, \"scaler_scale\": 524288.0, \"lr\": 1.6352568480485276e-05, \"elapsed_s\": 187.3}\n"}
,{"stream_name":"stdout","time":491.285171183,"data":"  {\"round\": 46, \"step\": 6500, \"of\": 10509, \"global_step\": 489914, \"loss\": 0.04182, \"grad_norm\": 0.15528, \"skipped_in_window\": 1, \"skip_pct\": 0.4, \"max_abs_weight\": 15.5608, \"scaler_scale\": 262144.0, \"lr\": 1.6352568480485276e-05, \"elapsed_s\": 194.3}\n"}
,{"stream_name":"stdout","time":491.487535224,"data":"  {\"round\": 46, \"step\": 6500, \"of\": 10509, \"global_step\": 489914, \"loss\": 0.04182, \"grad_norm\": 0.15528, \"skipped_in_window\": 1, \"skip_pct\": 0.4, \"max_abs_weight\": 15.5608, \"scaler_scale\": 262144.0, \"lr\": 1.6352568480485276e-05, \"elapsed_s\": 194.3}\n"}
,{"stream_name":"stdout","time":498.293084763,"data":"  {\"round\": 46, \"step\": 6750, \"of\": 10509, \"global_step\": 490164, \"loss\": 0.04589, \"grad_norm\": 0.14383, \"skipped_in_window\": 0, \"skip_pct\": 0.0, \"max_abs_weight\": 15.5608, \"scaler_scale\": 262144.0, \"lr\": 1.6352568480485276e-05, \"elapsed_s\": 201.3}\n"}
,{"stream_name":"stdout","time":498.495642333,"data":"  {\"round\": 46, \"step\": 6750, \"of\": 10509, \"global_step\": 490164, \"loss\": 0.04589, \"grad_norm\": 0.14383, \"skipped_in_window\": 0, \"skip_pct\": 0.0, \"max_abs_weight\": 15.5608, \"scaler_scale\": 262144.0, \"lr\": 1.6352568480485276e-05, \"elapsed_s\": 201.3}\n"}
,{"stream_name":"stdout","time":505.274882541,"data":"  {\"round\": 46, \"step\": 7000, \"of\": 10509, \"global_step\": 490414, \"loss\": 0.05483, \"grad_norm\": 0.11978, \"skipped_in_window\": 0, \"skip_pct\": 0.0, \"max_abs_weight\": 15.5606, \"scaler_scale\": 262144.0, \"lr\": 1.6352568480485276e-05, \"elapsed_s\": 208.3}\n"}
,{"stream_name":"stdout","time":505.478498046,"data":"  {\"round\": 46, \"step\": 7000, \"of\": 10509, \"global_step\": 490414, \"loss\": 0.05483, \"grad_norm\": 0.11978, \"skipped_in_window\": 0, \"skip_pct\": 0.0, \"max_abs_weight\": 15.5606, \"scaler_scale\": 262144.0, \"lr\": 1.6352568480485276e-05, \"elapsed_s\": 208.3}\n"}
,{"stream_name":"stdout","time":512.445554095,"data":"  {\"round\": 46, \"step\": 7250, \"of\": 10509, \"global_step\": 490664, \"loss\": 0.04008, \"grad_norm\": 0.1403, \"skipped_in_window\": 0, \"skip_pct\": 0.0, \"max_abs_weight\": 15.5604, \"scaler_scale\": 262144.0, \"lr\": 1.6352568480485276e-05, \"elapsed_s\": 215.5}\n"}
,{"stream_name":"stdout","time":512.662618782,"data":"  {\"round\": 46, \"step\": 7250, \"of\": 10509, \"global_step\": 490664, \"loss\": 0.04008, \"grad_norm\": 0.1403, \"skipped_in_window\": 0, \"skip_pct\": 0.0, \"max_abs_weight\": 15.5604, \"scaler_scale\": 262144.0, \"lr\": 1.6352568480485276e-05, \"elapsed_s\": 215.5}\n"}
,{"stream_name":"stdout","time":519.421607673,"data":"  {\"round\": 46, \"step\": 7500, \"of\": 10509, \"global_step\": 490914, \"loss\": 0.04379, \"grad_norm\": 0.15036, \"skipped_in_window\": 0, \"skip_pct\": 0.0, \"max_abs_weight\": 15.5604, \"scaler_scale\": 262144.0, \"lr\": 1.6352568480485276e-05, \"elapsed_s\": 222.5}\n"}
,{"stream_name":"stdout","time":519.624603116,"data":"  {\"round\": 46, \"step\": 7500, \"of\": 10509, \"global_step\": 490914, \"loss\": 0.04379, \"grad_norm\": 0.15036, \"skipped_in_window\": 0, \"skip_pct\": 0.0, \"max_abs_weight\": 15.5604, \"scaler_scale\": 262144.0, \"lr\": 1.6352568480485276e-05, \"elapsed_s\": 222.5}\n"}
,{"stream_name":"stdout","time":526.421543638,"data":"  {\"round\": 46, \"step\": 7750, \"of\": 10509, \"global_step\": 491164, \"loss\": 0.04368, \"grad_norm\": 0.16049, \"skipped_in_window\": 0, \"skip_pct\": 0.0, \"max_abs_weight\": 15.5604, \"scaler_scale\": 262144.0, \"lr\": 1.6352568480485276e-05, \"elapsed_s\": 229.5}\n"}
,{"stream_name":"stdout","time":526.624394439,"data":"  {\"round\": 46, \"step\": 7750, \"of\": 10509, \"global_step\": 491164, \"loss\": 0.04368, \"grad_norm\": 0.16049, \"skipped_in_window\": 0, \"skip_pct\": 0.0, \"max_abs_weight\": 15.5604, \"scaler_scale\": 262144.0, \"lr\": 1.6352568480485276e-05, \"elapsed_s\": 229.5}\n"}
,{"stream_name":"stdout","time":533.382067974,"data":"  {\"round\": 46, \"step\": 8000, \"of\": 10509, \"global_step\": 491414, \"loss\": 0.04613, \"grad_norm\": 0.17419, \"skipped_in_window\": 0, \"skip_pct\": 0.0, \"max_abs_weight\": 15.5603, \"scaler_scale\": 262144.0, \"lr\": 1.6352568480485276e-05, \"elapsed_s\": 236.4}\n"}
,{"stream_name":"stdout","time":533.584937757,"data":"  {\"round\": 46, \"step\": 8000, \"of\": 10509, \"global_step\": 491414, \"loss\": 0.04613, \"grad_norm\": 0.17419, \"skipped_in_window\": 0, \"skip_pct\": 0.0, \"max_abs_weight\": 15.5603, \"scaler_scale\": 262144.0, \"lr\": 1.6352568480485276e-05, \"elapsed_s\": 236.4}\n"}
,{"stream_name":"stdout","time":540.495325175,"data":"  {\"round\": 46, \"step\": 8250, \"of\": 10509, \"global_step\": 491664, \"loss\": 0.04047, \"grad_norm\": 0.11698, \"skipped_in_window\": 0, \"skip_pct\": 0.0, \"max_abs_weight\": 15.5603, \"scaler_scale\": 262144.0, \"lr\": 1.6352568480485276e-05, \"elapsed_s\": 243.5}\n"}
,{"stream_name":"stdout","time":540.698038172,"data":"  {\"round\": 46, \"step\": 8250, \"of\": 10509, \"global_step\": 491664, \"loss\": 0.04047, \"grad_norm\": 0.11698, \"skipped_in_window\": 0, \"skip_pct\": 0.0, \"max_abs_weight\": 15.5603, \"scaler_scale\": 262144.0, \"lr\": 1.6352568480485276e-05, \"elapsed_s\": 243.5}\n"}
,{"stream_name":"stdout","time":547.568957312,"data":"  {\"round\": 46, \"step\": 8500, \"of\": 10509, \"global_step\": 491914, \"loss\": 0.04152, \"grad_norm\": 0.13744, \"skipped_in_window\": 1, \"skip_pct\": 0.4, \"max_abs_weight\": 15.5605, \"scaler_scale\": 262144.0, \"lr\": 1.6352568480485276e-05, \"elapsed_s\": 250.6}\n"}
,{"stream_name":"stdout","time":547.786210992,"data":"  {\"round\": 46, \"step\": 8500, \"of\": 10509, \"global_step\": 491914, \"loss\": 0.04152, \"grad_norm\": 0.13744, \"skipped_in_window\": 1, \"skip_pct\": 0.4, \"max_abs_weight\": 15.5605, \"scaler_scale\": 262144.0, \"lr\": 1.6352568480485276e-05, \"elapsed_s\": 250.6}\n"}
,{"stream_name":"stdout","time":554.637520404,"data":"  {\"round\": 46, \"step\": 8750, \"of\": 10509, \"global_step\": 492164, \"loss\": 0.04906, \"grad_norm\": 0.14951, \"skipped_in_window\": 0, \"skip_pct\": 0.0, \"max_abs_weight\": 15.5602, \"scaler_scale\": 262144.0, \"lr\": 1.6352568480485276e-05, \"elapsed_s\": 257.7}\n"}
,{"stream_name":"stdout","time":554.840753836,"data":"  {\"round\": 46, \"step\": 8750, \"of\": 10509, \"global_step\": 492164, \"loss\": 0.04906, \"grad_norm\": 0.14951, \"skipped_in_window\": 0, \"skip_pct\": 0.0, \"max_abs_weight\": 15.5602, \"scaler_scale\": 262144.0, \"lr\": 1.6352568480485276e-05, \"elapsed_s\": 257.7}\n"}
,{"stream_name":"stdout","time":561.692440906,"data":"  {\"round\": 46, \"step\": 9000, \"of\": 10509, \"global_step\": 492414, \"loss\": 0.05074, \"grad_norm\": 0.16942, \"skipped_in_window\": 0, \"skip_pct\": 0.0, \"max_abs_weight\": 15.5604, \"scaler_scale\": 262144.0, \"lr\": 1.6352568480485276e-05, \"elapsed_s\": 264.7}\n"}
,{"stream_name":"stdout","time":561.894464309,"data":"  {\"round\": 46, \"step\": 9000, \"of\": 10509, \"global_step\": 492414, \"loss\": 0.05074, \"grad_norm\": 0.16942, \"skipped_in_window\": 0, \"skip_pct\": 0.0, \"max_abs_weight\": 15.5604, \"scaler_scale\": 262144.0, \"lr\": 1.6352568480485276e-05, \"elapsed_s\": 264.7}\n"}
,{"stream_name":"stdout","time":568.768375346,"data":"  {\"round\": 46, \"step\": 9250, \"of\": 10509, \"global_step\": 492664, \"loss\": 0.05112, \"grad_norm\": 0.15091, \"skipped_in_window\": 0, \"skip_pct\": 0.0, \"max_abs_weight\": 15.5602, \"scaler_scale\": 262144.0, \"lr\": 1.6352568480485276e-05, \"elapsed_s\": 271.8}\n"}
,{"stream_name":"stdout","time":568.971260922,"data":"  {\"round\": 46, \"step\": 9250, \"of\": 10509, \"global_step\": 492664, \"loss\": 0.05112, \"grad_norm\": 0.15091, \"skipped_in_window\": 0, \"skip_pct\": 0.0, \"max_abs_weight\": 15.5602, \"scaler_scale\": 262144.0, \"lr\": 1.6352568480485276e-05, \"elapsed_s\": 271.8}\n"}
,{"stream_name":"stdout","time":575.883575516,"data":"  {\"round\": 46, \"step\": 9500, \"of\": 10509, \"global_step\": 492914, \"loss\": 0.04098, \"grad_norm\": 0.13665, \"skipped_in_window\": 0, \"skip_pct\": 0.0, \"max_abs_weight\": 15.5602, \"scaler_scale\": 262144.0, \"lr\": 1.6352568480485276e-05, \"elapsed_s\": 278.9}\n"}
,{"stream_name":"stdout","time":576.086794957,"data":"  {\"round\": 46, \"step\": 9500, \"of\": 10509, \"global_step\": 492914, \"loss\": 0.04098, \"grad_norm\": 0.13665, \"skipped_in_window\": 0, \"skip_pct\": 0.0, \"max_abs_weight\": 15.5602, \"scaler_scale\": 262144.0, \"lr\": 1.6352568480485276e-05, \"elapsed_s\": 278.9}\n"}
,{"stream_name":"stdout","time":583.006340612,"data":"  {\"round\": 46, \"step\": 9750, \"of\": 10509, \"global_step\": 493164, \"loss\": 0.04375, \"grad_norm\": 0.14628, \"skipped_in_window\": 0, \"skip_pct\": 0.0, \"max_abs_weight\": 15.5603, \"scaler_scale\": 262144.0, \"lr\": 1.6352568480485276e-05, \"elapsed_s\": 286.0}\n"}
,{"stream_name":"stdout","time":583.22306384,"data":"  {\"round\": 46, \"step\": 9750, \"of\": 10509, \"global_step\": 493164, \"loss\": 0.04375, \"grad_norm\": 0.14628, \"skipped_in_window\": 0, \"skip_pct\": 0.0, \"max_abs_weight\": 15.5603, \"scaler_scale\": 262144.0, \"lr\": 1.6352568480485276e-05, \"elapsed_s\": 286.0}\n"}
,{"stream_name":"stdout","time":590.143952143,"data":"  {\"round\": 46, \"step\": 10000, \"of\": 10509, \"global_step\": 493414, \"loss\": 0.0424, \"grad_norm\": 0.11801, \"skipped_in_window\": 0, \"skip_pct\": 0.0, \"max_abs_weight\": 15.5605, \"scaler_scale\": 262144.0, \"lr\": 1.6352568480485276e-05, \"elapsed_s\": 293.2}\n"}
,{"stream_name":"stdout","time":590.346754757,"data":"  {\"round\": 46, \"step\": 10000, \"of\": 10509, \"global_step\": 493414, \"loss\": 0.0424, \"grad_norm\": 0.11801, \"skipped_in_window\": 0, \"skip_pct\": 0.0, \"max_abs_weight\": 15.5605, \"scaler_scale\": 262144.0, \"lr\": 1.6352568480485276e-05, \"elapsed_s\": 293.2}\n"}
,{"stream_name":"stdout","time":597.267056121,"data":"  {\"round\": 46, \"step\": 10250, \"of\": 10509, \"global_step\": 493664, \"loss\": 0.04042, \"grad_norm\": 0.15695, \"skipped_in_window\": 0, \"skip_pct\": 0.0, \"max_abs_weight\": 15.5608, \"scaler_scale\": 262144.0, \"lr\": 1.6352568480485276e-05, \"elapsed_s\": 300.3}\n"}
,{"stream_name":"stdout","time":597.47000746,"data":"  {\"round\": 46, \"step\": 10250, \"of\": 10509, \"global_step\": 493664, \"loss\": 0.04042, \"grad_norm\": 0.15695, \"skipped_in_window\": 0, \"skip_pct\": 0.0, \"max_abs_weight\": 15.5608, \"scaler_scale\": 262144.0, \"lr\": 1.6352568480485276e-05, \"elapsed_s\": 300.3}\n"}
,{"stream_name":"stdout","time":604.389302698,"data":"  {\"round\": 46, \"step\": 10500, \"of\": 10509, \"global_step\": 493914, \"loss\": 0.04836, \"grad_norm\": 0.15123, \"skipped_in_window\": 0, \"skip_pct\": 0.0, \"max_abs_weight\": 15.5609, \"scaler_scale\": 524288.0, \"lr\": 1.6352568480485276e-05, \"elapsed_s\": 307.4}\n"}
,{"stream_name":"stdout","time":604.592087814,"data":"  {\"round\": 46, \"step\": 10500, \"of\": 10509, \"global_step\": 493914, \"loss\": 0.04836, \"grad_norm\": 0.15123, \"skipped_in_window\": 0, \"skip_pct\": 0.0, \"max_abs_weight\": 15.5609, \"scaler_scale\": 524288.0, \"lr\": 1.6352568480485276e-05, \"elapsed_s\": 307.4}\n"}
,{"stream_name":"stdout","time":665.542662963,"data":"[round 046] loss 0.0498  acc 0.8418  F1_mac 0.8347  F1_wtd 0.8387  365.0s  117,931/s  skipped 4  peak 5.62GB\n"}
,{"stream_name":"stderr","time":665.544037347,"data":"/usr/local/lib/python3.12/dist-packages/torch/distributed/c10d_logger.py:83: UserWarning: barrier(): using the device under current context. You can specify `device_id` in `init_process_group` to mute this warning.\n"}
,{"stream_name":"stderr","time":665.544115385,"data":"  return func(*args, **kwargs)\n"}
,{"stream_name":"stdout","time":665.758310262,"data":"[round 046] loss 0.0498  acc 0.8418  F1_mac 0.8347  F1_wtd 0.8387  365.0s  117,931/s  skipped 4  peak 5.62GB\n"}
,{"stream_name":"stderr","time":665.760183743,"data":"/usr/local/lib/python3.12/dist-packages/torch/distributed/c10d_logger.py:83: UserWarning: barrier(): using the device under current context. You can specify `device_id` in `init_process_group` to mute this warning.\n"}
,{"stream_name":"stderr","time":665.7602079,"data":"  return func(*args, **kwargs)\n"}
,{"stream_name":"stderr","time":665.760215387,"data":"\n"}
,{"stream_name":"stderr","time":665.760220958,"data":"/usr/local/lib/python3.12/dist-packages/torch/distributed/c10d_logger.py:83: UserWarning: barrier(): using the device under current context. You can specify `device_id` in `init_process_group` to mute this warning.\n"}
,{"stream_name":"stderr","time":665.760227498,"data":"  return func(*args, **kwargs)\n"}
,{"stream_name":"stdout","time":672.801360721,"data":"  {\"round\": 47, \"step\": 250, \"of\": 10509, \"global_step\": 494173, \"loss\": 0.0438, \"grad_norm\": 0.19343, \"skipped_in_window\": 0, \"skip_pct\": 0.0, \"max_abs_weight\": 15.5607, \"scaler_scale\": 524288.0, \"lr\": 9.22042150446728e-06, \"elapsed_s\": 7.3}\n"}
,{"stream_name":"stdout","time":673.004534156,"data":"  {\"round\": 47, \"step\": 250, \"of\": 10509, \"global_step\": 494173, \"loss\": 0.0438, \"grad_norm\": 0.19343, \"skipped_in_window\": 0, \"skip_pct\": 0.0, \"max_abs_weight\": 15.5607, \"scaler_scale\": 524288.0, \"lr\": 9.22042150446728e-06, \"elapsed_s\": 7.3}\n"}
,{"stream_name":"stdout","time":679.801511323,"data":"  {\"round\": 47, \"step\": 500, \"of\": 10509, \"global_step\": 494423, \"loss\": 0.04681, \"grad_norm\": 0.14549, \"skipped_in_window\": 0, \"skip_pct\": 0.0, \"max_abs_weight\": 15.5608, \"scaler_scale\": 524288.0, \"lr\": 9.22042150446728e-06, \"elapsed_s\": 14.3}\n"}
,{"stream_name":"stdout","time":680.004312854,"data":"  {\"round\": 47, \"step\": 500, \"of\": 10509, \"global_step\": 494423, \"loss\": 0.04681, \"grad_norm\": 0.14549, \"skipped_in_window\": 0, \"skip_pct\": 0.0, \"max_abs_weight\": 15.5608, \"scaler_scale\": 524288.0, \"lr\": 9.22042150446728e-06, \"elapsed_s\": 14.3}\n"}
,{"stream_name":"stdout","time":686.904399341,"data":"  {\"round\": 47, \"step\": 750, \"of\": 10509, \"global_step\": 494673, \"loss\": 0.04493, \"grad_norm\": 0.1525, \"skipped_in_window\": 0, \"skip_pct\": 0.0, \"max_abs_weight\": 15.5609, \"scaler_scale\": 524288.0, \"lr\": 9.22042150446728e-06, \"elapsed_s\": 21.4}\n"}
,{"stream_name":"stdout","time":687.107350757,"data":"  {\"round\": 47, \"step\": 750, \"of\": 10509, \"global_step\": 494673, \"loss\": 0.04493, \"grad_norm\": 0.1525, \"skipped_in_window\": 0, \"skip_pct\": 0.0, \"max_abs_weight\": 15.5609, \"scaler_scale\": 524288.0, \"lr\": 9.22042150446728e-06, \"elapsed_s\": 21.4}\n"}
,{"stream_name":"stdout","time":693.979144784,"data":"  {\"round\": 47, \"step\": 1000, \"of\": 10509, \"global_step\": 494923, \"loss\": 0.05322, \"grad_norm\": 0.15415, \"skipped_in_window\": 1, \"skip_pct\": 0.4, \"max_abs_weight\": 15.5609, \"scaler_scale\": 262144.0, \"lr\": 9.22042150446728e-06, \"elapsed_s\": 28.4}\n"}
,{"stream_name":"stdout","time":694.181617937,"data":"  {\"round\": 47, \"step\": 1000, \"of\": 10509, \"global_step\": 494923, \"loss\": 0.05322, \"grad_norm\": 0.15415, \"skipped_in_window\": 1, \"skip_pct\": 0.4, \"max_abs_weight\": 15.5609, \"scaler_scale\": 262144.0, \"lr\": 9.22042150446728e-06, \"elapsed_s\": 28.4}\n"}
,{"stream_name":"stdout","time":700.94670967,"data":"  {\"round\": 47, \"step\": 1250, \"of\": 10509, \"global_step\": 495173, \"loss\": 0.05173, \"grad_norm\": 0.17282, \"skipped_in_window\": 0, \"skip_pct\": 0.0, \"max_abs_weight\": 15.5607, \"scaler_scale\": 262144.0, \"lr\": 9.22042150446728e-06, \"elapsed_s\": 35.4}\n"}
,{"stream_name":"stdout","time":701.169842386,"data":"  {\"round\": 47, \"step\": 1250, \"of\": 10509, \"global_step\": 495173, \"loss\": 0.05173, \"grad_norm\": 0.17282, \"skipped_in_window\": 0, \"skip_pct\": 0.0, \"max_abs_weight\": 15.5607, \"scaler_scale\": 262144.0, \"lr\": 9.22042150446728e-06, \"elapsed_s\": 35.4}\n"}
,{"stream_name":"stdout","time":707.909622265,"data":"  {\"round\": 47, \"step\": 1500, \"of\": 10509, \"global_step\": 495423, \"loss\": 0.0511, \"grad_norm\": 0.14128, \"skipped_in_window\": 0, \"skip_pct\": 0.0, \"max_abs_weight\": 15.5607, \"scaler_scale\": 262144.0, \"lr\": 9.22042150446728e-06, \"elapsed_s\": 42.4}\n"}
,{"stream_name":"stdout","time":708.112503604,"data":"  {\"round\": 47, \"step\": 1500, \"of\": 10509, \"global_step\": 495423, \"loss\": 0.0511, \"grad_norm\": 0.14128, \"skipped_in_window\": 0, \"skip_pct\": 0.0, \"max_abs_weight\": 15.5607, \"scaler_scale\": 262144.0, \"lr\": 9.22042150446728e-06, \"elapsed_s\": 42.4}\n"}
,{"stream_name":"stdout","time":714.887728165,"data":"  {\"round\": 47, \"step\": 1750, \"of\": 10509, \"global_step\": 495673, \"loss\": 0.04759, \"grad_norm\": 0.14086, \"skipped_in_window\": 0, \"skip_pct\": 0.0, \"max_abs_weight\": 15.5608, \"scaler_scale\": 262144.0, \"lr\": 9.22042150446728e-06, \"elapsed_s\": 49.3}\n"}
,{"stream_name":"stdout","time":715.090658657,"data":"  {\"round\": 47, \"step\": 1750, \"of\": 10509, \"global_step\": 495673, \"loss\": 0.04759, \"grad_norm\": 0.14086, \"skipped_in_window\": 0, \"skip_pct\": 0.0, \"max_abs_weight\": 15.5608, \"scaler_scale\": 262144.0, \"lr\": 9.22042150446728e-06, \"elapsed_s\": 49.3}\n"}
,{"stream_name":"stdout","time":721.873605714,"data":"  {\"round\": 47, \"step\": 2000, \"of\": 10509, \"global_step\": 495923, \"loss\": 0.04572, \"grad_norm\": 0.15333, \"skipped_in_window\": 0, \"skip_pct\": 0.0, \"max_abs_weight\": 15.5609, \"scaler_scale\": 262144.0, \"lr\": 9.22042150446728e-06, \"elapsed_s\": 56.3}\n"}
,{"stream_name":"stdout","time":722.07685203,"data":"  {\"round\": 47, \"step\": 2000, \"of\": 10509, \"global_step\": 495923, \"loss\": 0.04572, \"grad_norm\": 0.15333, \"skipped_in_window\": 0, \"skip_pct\": 0.0, \"max_abs_weight\": 15.5609, \"scaler_scale\": 262144.0, \"lr\": 9.22042150446728e-06, \"elapsed_s\": 56.3}\n"}
,{"stream_name":"stdout","time":728.61896949,"data":"  {\"round\": 47, \"step\": 2250, \"of\": 10509, \"global_step\": 496173, \"loss\": 0.03958, \"grad_norm\": 0.13704, \"skipped_in_window\": 0, \"skip_pct\": 0.0, \"max_abs_weight\": 15.5608, \"scaler_scale\": 262144.0, \"lr\": 9.22042150446728e-06, \"elapsed_s\": 63.1}\n"}
,{"stream_name":"stdout","time":728.821902977,"data":"  {\"round\": 47, \"step\": 2250, \"of\": 10509, \"global_step\": 496173, \"loss\": 0.03958, \"grad_norm\": 0.13704, \"skipped_in_window\": 0, \"skip_pct\": 0.0, \"max_abs_weight\": 15.5608, \"scaler_scale\": 262144.0, \"lr\": 9.22042150446728e-06, \"elapsed_s\": 63.1}\n"}
,{"stream_name":"stdout","time":735.572551244,"data":"  {\"round\": 47, \"step\": 2500, \"of\": 10509, \"global_step\": 496423, \"loss\": 0.04507, \"grad_norm\": 0.16587, \"skipped_in_window\": 0, \"skip_pct\": 0.0, \"max_abs_weight\": 15.5607, \"scaler_scale\": 262144.0, \"lr\": 9.22042150446728e-06, \"elapsed_s\": 70.0}\n"}
,{"stream_name":"stdout","time":735.790212616,"data":"  {\"round\": 47, \"step\": 2500, \"of\": 10509, \"global_step\": 496423, \"loss\": 0.04507, \"grad_norm\": 0.16587, \"skipped_in_window\": 0, \"skip_pct\": 0.0, \"max_abs_weight\": 15.5607, \"scaler_scale\": 262144.0, \"lr\": 9.22042150446728e-06, \"elapsed_s\": 70.0}\n"}
,{"stream_name":"stdout","time":742.465538882,"data":"  {\"round\": 47, \"step\": 2750, \"of\": 10509, \"global_step\": 496673, \"loss\": 0.04456, \"grad_norm\": 0.14386, \"skipped_in_window\": 0, \"skip_pct\": 0.0, \"max_abs_weight\": 15.5606, \"scaler_scale\": 262144.0, \"lr\": 9.22042150446728e-06, \"elapsed_s\": 76.9}\n"}
,{"stream_name":"stdout","time":742.669524275,"data":"  {\"round\": 47, \"step\": 2750, \"of\": 10509, \"global_step\": 496673, \"loss\": 0.04456, \"grad_norm\": 0.14386, \"skipped_in_window\": 0, \"skip_pct\": 0.0, \"max_abs_weight\": 15.5606, \"scaler_scale\": 262144.0, \"lr\": 9.22042150446728e-06, \"elapsed_s\": 76.9}\n"}
,{"stream_name":"stdout","time":749.510886942,"data":"  {\"round\": 47, \"step\": 3000, \"of\": 10509, \"global_step\": 496923, \"loss\": 0.05172, \"grad_norm\": 0.1599, \"skipped_in_window\": 0, \"skip_pct\": 0.0, \"max_abs_weight\": 15.5607, \"scaler_scale\": 524288.0, \"lr\": 9.22042150446728e-06, \"elapsed_s\": 84.0}\n"}
,{"stream_name":"stdout","time":749.713546006,"data":"  {\"round\": 47, \"step\": 3000, \"of\": 10509, \"global_step\": 496923, \"loss\": 0.05172, \"grad_norm\": 0.1599, \"skipped_in_window\": 0, \"skip_pct\": 0.0, \"max_abs_weight\": 15.5607, \"scaler_scale\": 524288.0, \"lr\": 9.22042150446728e-06, \"elapsed_s\": 84.0}\n"}
,{"stream_name":"stdout","time":756.634733703,"data":"  {\"round\": 47, \"step\": 3250, \"of\": 10509, \"global_step\": 497173, \"loss\": 0.03949, \"grad_norm\": 0.14138, \"skipped_in_window\": 1, \"skip_pct\": 0.4, \"max_abs_weight\": 15.5607, \"scaler_scale\": 262144.0, \"lr\": 9.22042150446728e-06, \"elapsed_s\": 91.1}\n"}
,{"stream_name":"stdout","time":756.837470994,"data":"  {\"round\": 47, \"step\": 3250, \"of\": 10509, \"global_step\": 497173, \"loss\": 0.03949, \"grad_norm\": 0.14138, \"skipped_in_window\": 1, \"skip_pct\": 0.4, \"max_abs_weight\": 15.5607, \"scaler_scale\": 262144.0, \"lr\": 9.22042150446728e-06, \"elapsed_s\": 91.1}\n"}
,{"stream_name":"stdout","time":763.757005534,"data":"  {\"round\": 47, \"step\": 3500, \"of\": 10509, \"global_step\": 497423, \"loss\": 0.04554, \"grad_norm\": 0.1573, \"skipped_in_window\": 0, \"skip_pct\": 0.0, \"max_abs_weight\": 15.5606, \"scaler_scale\": 262144.0, \"lr\": 9.22042150446728e-06, \"elapsed_s\": 98.2}\n"}
,{"stream_name":"stdout","time":763.959571993,"data":"  {\"round\": 47, \"step\": 3500, \"of\": 10509, \"global_step\": 497423, \"loss\": 0.04554, \"grad_norm\": 0.1573, \"skipped_in_window\": 0, \"skip_pct\": 0.0, \"max_abs_weight\": 15.5606, \"scaler_scale\": 262144.0, \"lr\": 9.22042150446728e-06, \"elapsed_s\": 98.2}\n"}
,{"stream_name":"stdout","time":770.712392114,"data":"  {\"round\": 47, \"step\": 3750, \"of\": 10509, \"global_step\": 497673, \"loss\": 0.04156, \"grad_norm\": 0.13533, \"skipped_in_window\": 0, \"skip_pct\": 0.0, \"max_abs_weight\": 15.5607, \"scaler_scale\": 262144.0, \"lr\": 9.22042150446728e-06, \"elapsed_s\": 105.2}\n"}
,{"stream_name":"stdout","time":770.928088377,"data":"  {\"round\": 47, \"step\": 3750, \"of\": 10509, \"global_step\": 497673, \"loss\": 0.04156, \"grad_norm\": 0.13533, \"skipped_in_window\": 0, \"skip_pct\": 0.0, \"max_abs_weight\": 15.5607, \"scaler_scale\": 262144.0, \"lr\": 9.22042150446728e-06, \"elapsed_s\": 105.2}\n"}
,{"stream_name":"stdout","time":777.876442606,"data":"  {\"round\": 47, \"step\": 4000, \"of\": 10509, \"global_step\": 497923, \"loss\": 0.05837, \"grad_norm\": 0.18188, \"skipped_in_window\": 0, \"skip_pct\": 0.0, \"max_abs_weight\": 15.5606, \"scaler_scale\": 262144.0, \"lr\": 9.22042150446728e-06, \"elapsed_s\": 112.3}\n"}
,{"stream_name":"stdout","time":778.07862559,"data":"  {\"round\": 47, \"step\": 4000, \"of\": 10509, \"global_step\": 497923, \"loss\": 0.05837, \"grad_norm\": 0.18188, \"skipped_in_window\": 0, \"skip_pct\": 0.0, \"max_abs_weight\": 15.5606, \"scaler_scale\": 262144.0, \"lr\": 9.22042150446728e-06, \"elapsed_s\": 112.3}\n"}
,{"stream_name":"stdout","time":784.973710204,"data":"  {\"round\": 47, \"step\": 4250, \"of\": 10509, \"global_step\": 498173, \"loss\": 0.05583, \"grad_norm\": 0.15335, \"skipped_in_window\": 0, \"skip_pct\": 0.0, \"max_abs_weight\": 15.5606, \"scaler_scale\": 262144.0, \"lr\": 9.22042150446728e-06, \"elapsed_s\": 119.4}\n"}
,{"stream_name":"stdout","time":785.176030477,"data":"  {\"round\": 47, \"step\": 4250, \"of\": 10509, \"global_step\": 498173, \"loss\": 0.05583, \"grad_norm\": 0.15335, \"skipped_in_window\": 0, \"skip_pct\": 0.0, \"max_abs_weight\": 15.5606, \"scaler_scale\": 262144.0, \"lr\": 9.22042150446728e-06, \"elapsed_s\": 119.4}\n"}
,{"stream_name":"stdout","time":792.19112829,"data":"  {\"round\": 47, \"step\": 4500, \"of\": 10509, \"global_step\": 498423, \"loss\": 0.04929, \"grad_norm\": 0.2087, \"skipped_in_window\": 0, \"skip_pct\": 0.0, \"max_abs_weight\": 15.5605, \"scaler_scale\": 262144.0, \"lr\": 9.22042150446728e-06, \"elapsed_s\": 126.6}\n"}
,{"stream_name":"stdout","time":792.39374825,"data":"  {\"round\": 47, \"step\": 4500, \"of\": 10509, \"global_step\": 498423, \"loss\": 0.04929, \"grad_norm\": 0.2087, \"skipped_in_window\": 0, \"skip_pct\": 0.0, \"max_abs_weight\": 15.5605, \"scaler_scale\": 262144.0, \"lr\": 9.22042150446728e-06, \"elapsed_s\": 126.6}\n"}
,{"stream_name":"stdout","time":799.260691398,"data":"  {\"round\": 47, \"step\": 4750, \"of\": 10509, \"global_step\": 498673, \"loss\": 0.05458, \"grad_norm\": 0.133, \"skipped_in_window\": 0, \"skip_pct\": 0.0, \"max_abs_weight\": 15.5604, \"scaler_scale\": 262144.0, \"lr\": 9.22042150446728e-06, \"elapsed_s\": 133.7}\n"}
,{"stream_name":"stdout","time":799.463948802,"data":"  {\"round\": 47, \"step\": 4750, \"of\": 10509, \"global_step\": 498673, \"loss\": 0.05458, \"grad_norm\": 0.133, \"skipped_in_window\": 0, \"skip_pct\": 0.0, \"max_abs_weight\": 15.5604, \"scaler_scale\": 262144.0, \"lr\": 9.22042150446728e-06, \"elapsed_s\": 133.7}\n"}
,{"stream_name":"stdout","time":806.363034777,"data":"  {\"round\": 47, \"step\": 5000, \"of\": 10509, \"global_step\": 498923, \"loss\": 0.04708, \"grad_norm\": 0.13615, \"skipped_in_window\": 0, \"skip_pct\": 0.0, \"max_abs_weight\": 15.5602, \"scaler_scale\": 262144.0, \"lr\": 9.22042150446728e-06, \"elapsed_s\": 140.8}\n"}
,{"stream_name":"stdout","time":806.584469429,"data":"  {\"round\": 47, \"step\": 5000, \"of\": 10509, \"global_step\": 498923, \"loss\": 0.04708, \"grad_norm\": 0.13615, \"skipped_in_window\": 0, \"skip_pct\": 0.0, \"max_abs_weight\": 15.5602, \"scaler_scale\": 262144.0, \"lr\": 9.22042150446728e-06, \"elapsed_s\": 140.8}\n"}
,{"stream_name":"stdout","time":813.461842902,"data":"  {\"round\": 47, \"step\": 5250, \"of\": 10509, \"global_step\": 499173, \"loss\": 0.05128, \"grad_norm\": 0.14778, \"skipped_in_window\": 0, \"skip_pct\": 0.0, \"max_abs_weight\": 15.5604, \"scaler_scale\": 524288.0, \"lr\": 9.22042150446728e-06, \"elapsed_s\": 147.9}\n"}
,{"stream_name":"stdout","time":813.664907649,"data":"  {\"round\": 47, \"step\": 5250, \"of\": 10509, \"global_step\": 499173, \"loss\": 0.05128, \"grad_norm\": 0.14778, \"skipped_in_window\": 0, \"skip_pct\": 0.0, \"max_abs_weight\": 15.5604, \"scaler_scale\": 524288.0, \"lr\": 9.22042150446728e-06, \"elapsed_s\": 147.9}\n"}
,{"stream_name":"stdout","time":820.473474414,"data":"  {\"round\": 47, \"step\": 5500, \"of\": 10509, \"global_step\": 499423, \"loss\": 0.05304, \"grad_norm\": 0.14852, \"skipped_in_window\": 1, \"skip_pct\": 0.4, \"max_abs_weight\": 15.5602, \"scaler_scale\": 262144.0, \"lr\": 9.22042150446728e-06, \"elapsed_s\": 154.9}\n"}
,{"stream_name":"stdout","time":820.675589192,"data":"  {\"round\": 47, \"step\": 5500, \"of\": 10509, \"global_step\": 499423, \"loss\": 0.05304, \"grad_norm\": 0.14852, \"skipped_in_window\": 1, \"skip_pct\": 0.4, \"max_abs_weight\": 15.5602, \"scaler_scale\": 262144.0, \"lr\": 9.22042150446728e-06, \"elapsed_s\": 154.9}\n"}
,{"stream_name":"stdout","time":827.539753962,"data":"  {\"round\": 47, \"step\": 5750, \"of\": 10509, \"global_step\": 499673, \"loss\": 0.05075, \"grad_norm\": 0.18935, \"skipped_in_window\": 0, \"skip_pct\": 0.0, \"max_abs_weight\": 15.5603, \"scaler_scale\": 262144.0, \"lr\": 9.22042150446728e-06, \"elapsed_s\": 162.0}\n"}
,{"stream_name":"stdout","time":827.743114584,"data":"  {\"round\": 47, \"step\": 5750, \"of\": 10509, \"global_step\": 499673, \"loss\": 0.05075, \"grad_norm\": 0.18935, \"skipped_in_window\": 0, \"skip_pct\": 0.0, \"max_abs_weight\": 15.5603, \"scaler_scale\": 262144.0, \"lr\": 9.22042150446728e-06, \"elapsed_s\": 162.0}\n"}
,{"stream_name":"stdout","time":834.579366794,"data":"  {\"round\": 47, \"step\": 6000, \"of\": 10509, \"global_step\": 499923, \"loss\": 0.04489, \"grad_norm\": 0.13591, \"skipped_in_window\": 0, \"skip_pct\": 0.0, \"max_abs_weight\": 15.5603, \"scaler_scale\": 262144.0, \"lr\": 9.22042150446728e-06, \"elapsed_s\": 169.0}\n"}
,{"stream_name":"stdout","time":834.784663931,"data":"  {\"round\": 47, \"step\": 6000, \"of\": 10509, \"global_step\": 499923, \"loss\": 0.04489, \"grad_norm\": 0.13591, \"skipped_in_window\": 0, \"skip_pct\": 0.0, \"max_abs_weight\": 15.5603, \"scaler_scale\": 262144.0, \"lr\": 9.22042150446728e-06, \"elapsed_s\": 169.0}\n"}
,{"stream_name":"stdout","time":841.712715494,"data":"  {\"round\": 47, \"step\": 6250, \"of\": 10509, \"global_step\": 500173, \"loss\": 0.05158, \"grad_norm\": 0.13745, \"skipped_in_window\": 0, \"skip_pct\": 0.0, \"max_abs_weight\": 15.5603, \"scaler_scale\": 262144.0, \"lr\": 9.22042150446728e-06, \"elapsed_s\": 176.2}\n"}
,{"stream_name":"stdout","time":841.931854373,"data":"  {\"round\": 47, \"step\": 6250, \"of\": 10509, \"global_step\": 500173, \"loss\": 0.05158, \"grad_norm\": 0.13745, \"skipped_in_window\": 0, \"skip_pct\": 0.0, \"max_abs_weight\": 15.5603, \"scaler_scale\": 262144.0, \"lr\": 9.22042150446728e-06, \"elapsed_s\": 176.2}\n"}
,{"stream_name":"stdout","time":848.664072759,"data":"  {\"round\": 47, \"step\": 6500, \"of\": 10509, \"global_step\": 500423, \"loss\": 0.04579, \"grad_norm\": 0.11018, \"skipped_in_window\": 0, \"skip_pct\": 0.0, \"max_abs_weight\": 15.5602, \"scaler_scale\": 262144.0, \"lr\": 9.22042150446728e-06, \"elapsed_s\": 183.1}\n"}
,{"stream_name":"stdout","time":848.867848843,"data":"  {\"round\": 47, \"step\": 6500, \"of\": 10509, \"global_step\": 500423, \"loss\": 0.04579, \"grad_norm\": 0.11018, \"skipped_in_window\": 0, \"skip_pct\": 0.0, \"max_abs_weight\": 15.5602, \"scaler_scale\": 262144.0, \"lr\": 9.22042150446728e-06, \"elapsed_s\": 183.1}\n"}
,{"stream_name":"stdout","time":855.776829617,"data":"  {\"round\": 47, \"step\": 6750, \"of\": 10509, \"global_step\": 500673, \"loss\": 0.05365, \"grad_norm\": 0.33558, \"skipped_in_window\": 0, \"skip_pct\": 0.0, \"max_abs_weight\": 15.5604, \"scaler_scale\": 262144.0, \"lr\": 9.22042150446728e-06, \"elapsed_s\": 190.2}\n"}
,{"stream_name":"stdout","time":855.979434442,"data":"  {\"round\": 47, \"step\": 6750, \"of\": 10509, \"global_step\": 500673, \"loss\": 0.05365, \"grad_norm\": 0.33558, \"skipped_in_window\": 0, \"skip_pct\": 0.0, \"max_abs_weight\": 15.5604, \"scaler_scale\": 262144.0, \"lr\": 9.22042150446728e-06, \"elapsed_s\": 190.2}\n"}
,{"stream_name":"stdout","time":862.823435628,"data":"  {\"round\": 47, \"step\": 7000, \"of\": 10509, \"global_step\": 500923, \"loss\": 0.05401, \"grad_norm\": 0.15551, \"skipped_in_window\": 0, \"skip_pct\": 0.0, \"max_abs_weight\": 15.5605, \"scaler_scale\": 262144.0, \"lr\": 9.22042150446728e-06, \"elapsed_s\": 197.3}\n"}
,{"stream_name":"stdout","time":863.026356729,"data":"  {\"round\": 47, \"step\": 7000, \"of\": 10509, \"global_step\": 500923, \"loss\": 0.05401, \"grad_norm\": 0.15551, \"skipped_in_window\": 0, \"skip_pct\": 0.0, \"max_abs_weight\": 15.5605, \"scaler_scale\": 262144.0, \"lr\": 9.22042150446728e-06, \"elapsed_s\": 197.3}\n"}
,{"stream_name":"stdout","time":869.788364754,"data":"  {\"round\": 47, \"step\": 7250, \"of\": 10509, \"global_step\": 501173, \"loss\": 0.04384, \"grad_norm\": 0.14579, \"skipped_in_window\": 0, \"skip_pct\": 0.0, \"max_abs_weight\": 15.5605, \"scaler_scale\": 262144.0, \"lr\": 9.22042150446728e-06, \"elapsed_s\": 204.2}\n"}
,{"stream_name":"stdout","time":869.991271854,"data":"  {\"round\": 47, \"step\": 7250, \"of\": 10509, \"global_step\": 501173, \"loss\": 0.04384, \"grad_norm\": 0.14579, \"skipped_in_window\": 0, \"skip_pct\": 0.0, \"max_abs_weight\": 15.5605, \"scaler_scale\": 262144.0, \"lr\": 9.22042150446728e-06, \"elapsed_s\": 204.2}\n"}
,{"stream_name":"stdout","time":876.772891479,"data":"  {\"round\": 47, \"step\": 7500, \"of\": 10509, \"global_step\": 501423, \"loss\": 0.04579, \"grad_norm\": 0.14063, \"skipped_in_window\": 0, \"skip_pct\": 0.0, \"max_abs_weight\": 15.5605, \"scaler_scale\": 524288.0, \"lr\": 9.22042150446728e-06, \"elapsed_s\": 211.2}\n"}
,{"stream_name":"stdout","time":876.993423783,"data":"  {\"round\": 47, \"step\": 7500, \"of\": 10509, \"global_step\": 501423, \"loss\": 0.04579, \"grad_norm\": 0.14063, \"skipped_in_window\": 0, \"skip_pct\": 0.0, \"max_abs_weight\": 15.5605, \"scaler_scale\": 524288.0, \"lr\": 9.22042150446728e-06, \"elapsed_s\": 211.2}\n"}
,{"stream_name":"stdout","time":883.820462161,"data":"  {\"round\": 47, \"step\": 7750, \"of\": 10509, \"global_step\": 501673, \"loss\": 0.04117, \"grad_norm\": 0.14117, \"skipped_in_window\": 1, \"skip_pct\": 0.4, \"max_abs_weight\": 15.5605, \"scaler_scale\": 262144.0, \"lr\": 9.22042150446728e-06, \"elapsed_s\": 218.3}\n"}
,{"stream_name":"stdout","time":884.023755227,"data":"  {\"round\": 47, \"step\": 7750, \"of\": 10509, \"global_step\": 501673, \"loss\": 0.04117, \"grad_norm\": 0.14117, \"skipped_in_window\": 1, \"skip_pct\": 0.4, \"max_abs_weight\": 15.5605, \"scaler_scale\": 262144.0, \"lr\": 9.22042150446728e-06, \"elapsed_s\": 218.3}\n"}
,{"stream_name":"stdout","time":890.739652987,"data":"  {\"round\": 47, \"step\": 8000, \"of\": 10509, \"global_step\": 501923, \"loss\": 0.04257, \"grad_norm\": 0.14918, \"skipped_in_window\": 0, \"skip_pct\": 0.0, \"max_abs_weight\": 15.5603, \"scaler_scale\": 262144.0, \"lr\": 9.22042150446728e-06, \"elapsed_s\": 225.2}\n"}
,{"stream_name":"stdout","time":890.942197285,"data":"  {\"round\": 47, \"step\": 8000, \"of\": 10509, \"global_step\": 501923, \"loss\": 0.04257, \"grad_norm\": 0.14918, \"skipped_in_window\": 0, \"skip_pct\": 0.0, \"max_abs_weight\": 15.5603, \"scaler_scale\": 262144.0, \"lr\": 9.22042150446728e-06, \"elapsed_s\": 225.2}\n"}
,{"stream_name":"stdout","time":897.76043721,"data":"  {\"round\": 47, \"step\": 8250, \"of\": 10509, \"global_step\": 502173, \"loss\": 0.04272, \"grad_norm\": 0.16213, \"skipped_in_window\": 0, \"skip_pct\": 0.0, \"max_abs_weight\": 15.5602, \"scaler_scale\": 262144.0, \"lr\": 9.22042150446728e-06, \"elapsed_s\": 232.2}\n"}
,{"stream_name":"stdout","time":897.963225089,"data":"  {\"round\": 47, \"step\": 8250, \"of\": 10509, \"global_step\": 502173, \"loss\": 0.04272, \"grad_norm\": 0.16213, \"skipped_in_window\": 0, \"skip_pct\": 0.0, \"max_abs_weight\": 15.5602, \"scaler_scale\": 262144.0, \"lr\": 9.22042150446728e-06, \"elapsed_s\": 232.2}\n"}
,{"stream_name":"stdout","time":904.83406048,"data":"  {\"round\": 47, \"step\": 8500, \"of\": 10509, \"global_step\": 502423, \"loss\": 0.04433, \"grad_norm\": 0.14442, \"skipped_in_window\": 0, \"skip_pct\": 0.0, \"max_abs_weight\": 15.56, \"scaler_scale\": 262144.0, \"lr\": 9.22042150446728e-06, \"elapsed_s\": 239.3}\n"}
,{"stream_name":"stdout","time":905.037193734,"data":"  {\"round\": 47, \"step\": 8500, \"of\": 10509, \"global_step\": 502423, \"loss\": 0.04433, \"grad_norm\": 0.14442, \"skipped_in_window\": 0, \"skip_pct\": 0.0, \"max_abs_weight\": 15.56, \"scaler_scale\": 262144.0, \"lr\": 9.22042150446728e-06, \"elapsed_s\": 239.3}\n"}
,{"stream_name":"stdout","time":911.802929817,"data":"  {\"round\": 47, \"step\": 8750, \"of\": 10509, \"global_step\": 502673, \"loss\": 0.06185, \"grad_norm\": 0.16093, \"skipped_in_window\": 0, \"skip_pct\": 0.0, \"max_abs_weight\": 15.5598, \"scaler_scale\": 262144.0, \"lr\": 9.22042150446728e-06, \"elapsed_s\": 246.3}\n"}
,{"stream_name":"stdout","time":912.022906999,"data":"  {\"round\": 47, \"step\": 8750, \"of\": 10509, \"global_step\": 502673, \"loss\": 0.06185, \"grad_norm\": 0.16093, \"skipped_in_window\": 0, \"skip_pct\": 0.0, \"max_abs_weight\": 15.5598, \"scaler_scale\": 262144.0, \"lr\": 9.22042150446728e-06, \"elapsed_s\": 246.3}\n"}
,{"stream_name":"stdout","time":918.701573011,"data":"  {\"round\": 47, \"step\": 9000, \"of\": 10509, \"global_step\": 502923, \"loss\": 0.03471, \"grad_norm\": 0.18837, \"skipped_in_window\": 0, \"skip_pct\": 0.0, \"max_abs_weight\": 15.5598, \"scaler_scale\": 262144.0, \"lr\": 9.22042150446728e-06, \"elapsed_s\": 253.2}\n"}
,{"stream_name":"stdout","time":918.904767825,"data":"  {\"round\": 47, \"step\": 9000, \"of\": 10509, \"global_step\": 502923, \"loss\": 0.03471, \"grad_norm\": 0.18837, \"skipped_in_window\": 0, \"skip_pct\": 0.0, \"max_abs_weight\": 15.5598, \"scaler_scale\": 262144.0, \"lr\": 9.22042150446728e-06, \"elapsed_s\": 253.2}\n"}
,{"stream_name":"stdout","time":925.729531363,"data":"  {\"round\": 47, \"step\": 9250, \"of\": 10509, \"global_step\": 503173, \"loss\": 0.04445, \"grad_norm\": 0.1558, \"skipped_in_window\": 0, \"skip_pct\": 0.0, \"max_abs_weight\": 15.56, \"scaler_scale\": 262144.0, \"lr\": 9.22042150446728e-06, \"elapsed_s\": 260.2}\n"}
,{"stream_name":"stdout","time":925.932257766,"data":"  {\"round\": 47, \"step\": 9250, \"of\": 10509, \"global_step\": 503173, \"loss\": 0.04445, \"grad_norm\": 0.1558, \"skipped_in_window\": 0, \"skip_pct\": 0.0, \"max_abs_weight\": 15.56, \"scaler_scale\": 262144.0, \"lr\": 9.22042150446728e-06, \"elapsed_s\": 260.2}\n"}
,{"stream_name":"stdout","time":932.712697272,"data":"  {\"round\": 47, \"step\": 9500, \"of\": 10509, \"global_step\": 503423, \"loss\": 0.04715, \"grad_norm\": 0.15452, \"skipped_in_window\": 0, \"skip_pct\": 0.0, \"max_abs_weight\": 15.56, \"scaler_scale\": 262144.0, \"lr\": 9.22042150446728e-06, \"elapsed_s\": 267.2}\n"}
,{"stream_name":"stdout","time":932.915506879,"data":"  {\"round\": 47, \"step\": 9500, \"of\": 10509, \"global_step\": 503423, \"loss\": 0.04715, \"grad_norm\": 0.15452, \"skipped_in_window\": 0, \"skip_pct\": 0.0, \"max_abs_weight\": 15.56, \"scaler_scale\": 262144.0, \"lr\": 9.22042150446728e-06, \"elapsed_s\": 267.2}\n"}
,{"stream_name":"stdout","time":939.716253653,"data":"  {\"round\": 47, \"step\": 9750, \"of\": 10509, \"global_step\": 503673, \"loss\": 0.04559, \"grad_norm\": 0.12417, \"skipped_in_window\": 1, \"skip_pct\": 0.4, \"max_abs_weight\": 15.5602, \"scaler_scale\": 262144.0, \"lr\": 9.22042150446728e-06, \"elapsed_s\": 274.2}\n"}
,{"stream_name":"stdout","time":939.919224951,"data":"  {\"round\": 47, \"step\": 9750, \"of\": 10509, \"global_step\": 503673, \"loss\": 0.04559, \"grad_norm\": 0.12417, \"skipped_in_window\": 1, \"skip_pct\": 0.4, \"max_abs_weight\": 15.5602, \"scaler_scale\": 262144.0, \"lr\": 9.22042150446728e-06, \"elapsed_s\": 274.2}\n"}
,{"stream_name":"stdout","time":946.66451631,"data":"  {\"round\": 47, \"step\": 10000, \"of\": 10509, \"global_step\": 503923, \"loss\": 0.05729, \"grad_norm\": 0.17167, \"skipped_in_window\": 0, \"skip_pct\": 0.0, \"max_abs_weight\": 15.5601, \"scaler_scale\": 262144.0, \"lr\": 9.22042150446728e-06, \"elapsed_s\": 281.1}\n"}
,{"stream_name":"stdout","time":946.886913095,"data":"  {\"round\": 47, \"step\": 10000, \"of\": 10509, \"global_step\": 503923, \"loss\": 0.05729, \"grad_norm\": 0.17167, \"skipped_in_window\": 0, \"skip_pct\": 0.0, \"max_abs_weight\": 15.5601, \"scaler_scale\": 262144.0, \"lr\": 9.22042150446728e-06, \"elapsed_s\": 281.1}\n"}
,{"stream_name":"stdout","time":953.671375415,"data":"  {\"round\": 47, \"step\": 10250, \"of\": 10509, \"global_step\": 504173, \"loss\": 0.03751, \"grad_norm\": 0.13725, \"skipped_in_window\": 0, \"skip_pct\": 0.0, \"max_abs_weight\": 15.56, \"scaler_scale\": 262144.0, \"lr\": 9.22042150446728e-06, \"elapsed_s\": 288.1}\n"}
,{"stream_name":"stdout","time":953.874204478,"data":"  {\"round\": 47, \"step\": 10250, \"of\": 10509, \"global_step\": 504173, \"loss\": 0.03751, \"grad_norm\": 0.13725, \"skipped_in_window\": 0, \"skip_pct\": 0.0, \"max_abs_weight\": 15.56, \"scaler_scale\": 262144.0, \"lr\": 9.22042150446728e-06, \"elapsed_s\": 288.1}\n"}
,{"stream_name":"stdout","time":960.602009879,"data":"  {\"round\": 47, \"step\": 10500, \"of\": 10509, \"global_step\": 504423, \"loss\": 0.04395, \"grad_norm\": 0.15579, \"skipped_in_window\": 0, \"skip_pct\": 0.0, \"max_abs_weight\": 15.5601, \"scaler_scale\": 262144.0, \"lr\": 9.22042150446728e-06, \"elapsed_s\": 295.1}\n"}
,{"stream_name":"stdout","time":960.80998176,"data":"  {\"round\": 47, \"step\": 10500, \"of\": 10509, \"global_step\": 504423, \"loss\": 0.04395, \"grad_norm\": 0.15579, \"skipped_in_window\": 0, \"skip_pct\": 0.0, \"max_abs_weight\": 15.5601, \"scaler_scale\": 262144.0, \"lr\": 9.22042150446728e-06, \"elapsed_s\": 295.1}\n"}
,{"stream_name":"stdout","time":1020.758043998,"data":"[round 047] loss 0.0497  acc 0.8434  F1_mac 0.8361  F1_wtd 0.8402  351.6s  122,425/s  skipped 5  peak 5.6GB\n"}
,{"stream_name":"stderr","time":1020.759390566,"data":"/usr/local/lib/python3.12/dist-packages/torch/distributed/c10d_logger.py:83: UserWarning: barrier(): using the device under current context. You can specify `device_id` in `init_process_group` to mute this warning.\n"}
,{"stream_name":"stderr","time":1020.759414836,"data":"  return func(*args, **kwargs)\n"}
,{"stream_name":"stdout","time":1020.975858593,"data":"[round 047] loss 0.0497  acc 0.8434  F1_mac 0.8361  F1_wtd 0.8402  351.6s  122,425/s  skipped 5  peak 5.6GB\n"}
,{"stream_name":"stderr","time":1020.977082666,"data":"/usr/local/lib/python3.12/dist-packages/torch/distributed/c10d_logger.py:83: UserWarning: barrier(): using the device under current context. You can specify `device_id` in `init_process_group` to mute this warning.\n"}
,{"stream_name":"stderr","time":1020.977106167,"data":"  return func(*args, **kwargs)\n"}
,{"stream_name":"stderr","time":1020.977112384,"data":"\n"}
,{"stream_name":"stderr","time":1020.977149569,"data":"/usr/local/lib/python3.12/dist-packages/torch/distributed/c10d_logger.py:83: UserWarning: barrier(): using the device under current context. You can specify `device_id` in `init_process_group` to mute this warning.\n"}
,{"stream_name":"stderr","time":1020.977188931,"data":"  return func(*args, **kwargs)\n"}
,{"stream_name":"stdout","time":1027.927017225,"data":"  {\"round\": 48, \"step\": 250, \"of\": 10509, \"global_step\": 504682, \"loss\": 0.05275, \"grad_norm\": 0.17108, \"skipped_in_window\": 0, \"skip_pct\": 0.0, \"max_abs_weight\": 15.5601, \"scaler_scale\": 262144.0, \"lr\": 4.104993088376974e-06, \"elapsed_s\": 7.2}\n"}
,{"stream_name":"stdout","time":1028.129831052,"data":"  {\"round\": 48, \"step\": 250, \"of\": 10509, \"global_step\": 504682, \"loss\": 0.05275, \"grad_norm\": 0.17108, \"skipped_in_window\": 0, \"skip_pct\": 0.0, \"max_abs_weight\": 15.5601, \"scaler_scale\": 262144.0, \"lr\": 4.104993088376974e-06, \"elapsed_s\": 7.2}\n"}
,{"stream_name":"stdout","time":1035.022283738,"data":"  {\"round\": 48, \"step\": 500, \"of\": 10509, \"global_step\": 504932, \"loss\": 0.03544, \"grad_norm\": 0.15616, \"skipped_in_window\": 0, \"skip_pct\": 0.0, \"max_abs_weight\": 15.5601, \"scaler_scale\": 262144.0, \"lr\": 4.104993088376974e-06, \"elapsed_s\": 14.3}\n"}
,{"stream_name":"stdout","time":1035.225214341,"data":"  {\"round\": 48, \"step\": 500, \"of\": 10509, \"global_step\": 504932, \"loss\": 0.03544, \"grad_norm\": 0.15616, \"skipped_in_window\": 0, \"skip_pct\": 0.0, \"max_abs_weight\": 15.5601, \"scaler_scale\": 262144.0, \"lr\": 4.104993088376974e-06, \"elapsed_s\": 14.3}\n"}
,{"stream_name":"stdout","time":1042.013926005,"data":"  {\"round\": 48, \"step\": 750, \"of\": 10509, \"global_step\": 505182, \"loss\": 0.04814, \"grad_norm\": 0.12938, \"skipped_in_window\": 0, \"skip_pct\": 0.0, \"max_abs_weight\": 15.5602, \"scaler_scale\": 262144.0, \"lr\": 4.104993088376974e-06, \"elapsed_s\": 21.3}\n"}
,{"stream_name":"stdout","time":1042.216761198,"data":"  {\"round\": 48, \"step\": 750, \"of\": 10509, \"global_step\": 505182, \"loss\": 0.04814, \"grad_norm\": 0.12938, \"skipped_in_window\": 0, \"skip_pct\": 0.0, \"max_abs_weight\": 15.5602, \"scaler_scale\": 262144.0, \"lr\": 4.104993088376974e-06, \"elapsed_s\": 21.3}\n"}
,{"stream_name":"stdout","time":1049.012641687,"data":"  {\"round\": 48, \"step\": 1000, \"of\": 10509, \"global_step\": 505432, \"loss\": 0.04308, \"grad_norm\": 0.12271, \"skipped_in_window\": 0, \"skip_pct\": 0.0, \"max_abs_weight\": 15.5602, \"scaler_scale\": 262144.0, \"lr\": 4.104993088376974e-06, \"elapsed_s\": 28.3}\n"}
,{"stream_name":"stdout","time":1049.215553166,"data":"  {\"round\": 48, \"step\": 1000, \"of\": 10509, \"global_step\": 505432, \"loss\": 0.04308, \"grad_norm\": 0.12271, \"skipped_in_window\": 0, \"skip_pct\": 0.0, \"max_abs_weight\": 15.5602, \"scaler_scale\": 262144.0, \"lr\": 4.104993088376974e-06, \"elapsed_s\": 28.3}\n"}
,{"stream_name":"stdout","time":1055.997933651,"data":"  {\"round\": 48, \"step\": 1250, \"of\": 10509, \"global_step\": 505682, \"loss\": 0.05463, \"grad_norm\": 0.19063, \"skipped_in_window\": 1, \"skip_pct\": 0.4, \"max_abs_weight\": 15.5603, \"scaler_scale\": 262144.0, \"lr\": 4.104993088376974e-06, \"elapsed_s\": 35.2}\n"}
,{"stream_name":"stdout","time":1056.219085626,"data":"  {\"round\": 48, \"step\": 1250, \"of\": 10509, \"global_step\": 505682, \"loss\": 0.05463, \"grad_norm\": 0.19063, \"skipped_in_window\": 1, \"skip_pct\": 0.4, \"max_abs_weight\": 15.5603, \"scaler_scale\": 262144.0, \"lr\": 4.104993088376974e-06, \"elapsed_s\": 35.2}\n"}
,{"stream_name":"stdout","time":1063.036940383,"data":"  {\"round\": 48, \"step\": 1500, \"of\": 10509, \"global_step\": 505932, \"loss\": 0.04643, \"grad_norm\": 0.14055, \"skipped_in_window\": 0, \"skip_pct\": 0.0, \"max_abs_weight\": 15.5603, \"scaler_scale\": 262144.0, \"lr\": 4.104993088376974e-06, \"elapsed_s\": 42.3}\n"}
,{"stream_name":"stdout","time":1063.240230126,"data":"  {\"round\": 48, \"step\": 1500, \"of\": 10509, \"global_step\": 505932, \"loss\": 0.04643, \"grad_norm\": 0.14055, \"skipped_in_window\": 0, \"skip_pct\": 0.0, \"max_abs_weight\": 15.5603, \"scaler_scale\": 262144.0, \"lr\": 4.104993088376974e-06, \"elapsed_s\": 42.3}\n"}
,{"stream_name":"stdout","time":1070.005073619,"data":"  {\"round\": 48, \"step\": 1750, \"of\": 10509, \"global_step\": 506182, \"loss\": 0.05411, \"grad_norm\": 0.14163, \"skipped_in_window\": 0, \"skip_pct\": 0.0, \"max_abs_weight\": 15.5601, \"scaler_scale\": 262144.0, \"lr\": 4.104993088376974e-06, \"elapsed_s\": 49.2}\n"}
,{"stream_name":"stdout","time":1070.207830155,"data":"  {\"round\": 48, \"step\": 1750, \"of\": 10509, \"global_step\": 506182, \"loss\": 0.05411, \"grad_norm\": 0.14163, \"skipped_in_window\": 0, \"skip_pct\": 0.0, \"max_abs_weight\": 15.5601, \"scaler_scale\": 262144.0, \"lr\": 4.104993088376974e-06, \"elapsed_s\": 49.2}\n"}
,{"stream_name":"stdout","time":1077.024275889,"data":"  {\"round\": 48, \"step\": 2000, \"of\": 10509, \"global_step\": 506432, \"loss\": 0.04919, \"grad_norm\": 0.15147, \"skipped_in_window\": 0, \"skip_pct\": 0.0, \"max_abs_weight\": 15.5601, \"scaler_scale\": 262144.0, \"lr\": 4.104993088376974e-06, \"elapsed_s\": 56.3}\n"}
,{"stream_name":"stdout","time":1077.227281674,"data":"  {\"round\": 48, \"step\": 2000, \"of\": 10509, \"global_step\": 506432, \"loss\": 0.04919, \"grad_norm\": 0.15147, \"skipped_in_window\": 0, \"skip_pct\": 0.0, \"max_abs_weight\": 15.5601, \"scaler_scale\": 262144.0, \"lr\": 4.104993088376974e-06, \"elapsed_s\": 56.3}\n"}
,{"stream_name":"stdout","time":1083.965968656,"data":"  {\"round\": 48, \"step\": 2250, \"of\": 10509, \"global_step\": 506682, \"loss\": 0.03464, \"grad_norm\": 0.13702, \"skipped_in_window\": 0, \"skip_pct\": 0.0, \"max_abs_weight\": 15.5601, \"scaler_scale\": 262144.0, \"lr\": 4.104993088376974e-06, \"elapsed_s\": 63.2}\n"}
,{"stream_name":"stdout","time":1084.168834997,"data":"  {\"round\": 48, \"step\": 2250, \"of\": 10509, \"global_step\": 506682, \"loss\": 0.03464, \"grad_norm\": 0.13702, \"skipped_in_window\": 0, \"skip_pct\": 0.0, \"max_abs_weight\": 15.5601, \"scaler_scale\": 262144.0, \"lr\": 4.104993088376974e-06, \"elapsed_s\": 63.2}\n"}
,{"stream_name":"stdout","time":1090.804069188,"data":"  {\"round\": 48, \"step\": 2500, \"of\": 10509, \"global_step\": 506932, \"loss\": 0.04724, \"grad_norm\": 0.12242, \"skipped_in_window\": 0, \"skip_pct\": 0.0, \"max_abs_weight\": 15.5601, \"scaler_scale\": 262144.0, \"lr\": 4.104993088376974e-06, \"elapsed_s\": 70.0}\n"}
,{"stream_name":"stdout","time":1091.026050227,"data":"  {\"round\": 48, \"step\": 2500, \"of\": 10509, \"global_step\": 506932, \"loss\": 0.04724, \"grad_norm\": 0.12242, \"skipped_in_window\": 0, \"skip_pct\": 0.0, \"max_abs_weight\": 15.5601, \"scaler_scale\": 262144.0, \"lr\": 4.104993088376974e-06, \"elapsed_s\": 70.0}\n"}
,{"stream_name":"stdout","time":1097.804480835,"data":"  {\"round\": 48, \"step\": 2750, \"of\": 10509, \"global_step\": 507182, \"loss\": 0.05265, \"grad_norm\": 0.15762, \"skipped_in_window\": 0, \"skip_pct\": 0.0, \"max_abs_weight\": 15.5601, \"scaler_scale\": 262144.0, \"lr\": 4.104993088376974e-06, \"elapsed_s\": 77.0}\n"}
,{"stream_name":"stdout","time":1098.00709789,"data":"  {\"round\": 48, \"step\": 2750, \"of\": 10509, \"global_step\": 507182, \"loss\": 0.05265, \"grad_norm\": 0.15762, \"skipped_in_window\": 0, \"skip_pct\": 0.0, \"max_abs_weight\": 15.5601, \"scaler_scale\": 262144.0, \"lr\": 4.104993088376974e-06, \"elapsed_s\": 77.0}\n"}
,{"stream_name":"stdout","time":1104.777980648,"data":"  {\"round\": 48, \"step\": 3000, \"of\": 10509, \"global_step\": 507432, \"loss\": 0.05152, \"grad_norm\": 0.14594, \"skipped_in_window\": 0, \"skip_pct\": 0.0, \"max_abs_weight\": 15.56, \"scaler_scale\": 262144.0, \"lr\": 4.104993088376974e-06, \"elapsed_s\": 84.0}\n"}
,{"stream_name":"stdout","time":1104.980608144,"data":"  {\"round\": 48, \"step\": 3000, \"of\": 10509, \"global_step\": 507432, \"loss\": 0.05152, \"grad_norm\": 0.14594, \"skipped_in_window\": 0, \"skip_pct\": 0.0, \"max_abs_weight\": 15.56, \"scaler_scale\": 262144.0, \"lr\": 4.104993088376974e-06, \"elapsed_s\": 84.0}\n"}
,{"stream_name":"stdout","time":1111.73092928,"data":"  {\"round\": 48, \"step\": 3250, \"of\": 10509, \"global_step\": 507682, \"loss\": 0.04728, \"grad_norm\": 0.14602, \"skipped_in_window\": 1, \"skip_pct\": 0.4, \"max_abs_weight\": 15.56, \"scaler_scale\": 262144.0, \"lr\": 4.104993088376974e-06, \"elapsed_s\": 91.0}\n"}
,{"stream_name":"stdout","time":1111.933712627,"data":"  {\"round\": 48, \"step\": 3250, \"of\": 10509, \"global_step\": 507682, \"loss\": 0.04728, \"grad_norm\": 0.14602, \"skipped_in_window\": 1, \"skip_pct\": 0.4, \"max_abs_weight\": 15.56, \"scaler_scale\": 262144.0, \"lr\": 4.104993088376974e-06, \"elapsed_s\": 91.0}\n"}
,{"stream_name":"stdout","time":1118.704510474,"data":"  {\"round\": 48, \"step\": 3500, \"of\": 10509, \"global_step\": 507932, \"loss\": 0.04823, \"grad_norm\": 0.15064, \"skipped_in_window\": 0, \"skip_pct\": 0.0, \"max_abs_weight\": 15.5599, \"scaler_scale\": 262144.0, \"lr\": 4.104993088376974e-06, \"elapsed_s\": 97.9}\n"}
,{"stream_name":"stdout","time":1118.906919187,"data":"  {\"round\": 48, \"step\": 3500, \"of\": 10509, \"global_step\": 507932, \"loss\": 0.04823, \"grad_norm\": 0.15064, \"skipped_in_window\": 0, \"skip_pct\": 0.0, \"max_abs_weight\": 15.5599, \"scaler_scale\": 262144.0, \"lr\": 4.104993088376974e-06, \"elapsed_s\": 97.9}\n"}
,{"stream_name":"stdout","time":1125.754396962,"data":"  {\"round\": 48, \"step\": 3750, \"of\": 10509, \"global_step\": 508182, \"loss\": 0.03737, \"grad_norm\": 0.13257, \"skipped_in_window\": 0, \"skip_pct\": 0.0, \"max_abs_weight\": 15.5599, \"scaler_scale\": 262144.0, \"lr\": 4.104993088376974e-06, \"elapsed_s\": 105.0}\n"}
,{"stream_name":"stdout","time":1125.975015105,"data":"  {\"round\": 48, \"step\": 3750, \"of\": 10509, \"global_step\": 508182, \"loss\": 0.03737, \"grad_norm\": 0.13257, \"skipped_in_window\": 0, \"skip_pct\": 0.0, \"max_abs_weight\": 15.5599, \"scaler_scale\": 262144.0, \"lr\": 4.104993088376974e-06, \"elapsed_s\": 105.0}\n"}
,{"stream_name":"stdout","time":1132.719954927,"data":"  {\"round\": 48, \"step\": 4000, \"of\": 10509, \"global_step\": 508432, \"loss\": 0.04852, \"grad_norm\": 0.13623, \"skipped_in_window\": 0, \"skip_pct\": 0.0, \"max_abs_weight\": 15.5599, \"scaler_scale\": 262144.0, \"lr\": 4.104993088376974e-06, \"elapsed_s\": 112.0}\n"}
,{"stream_name":"stdout","time":1132.923032688,"data":"  {\"round\": 48, \"step\": 4000, \"of\": 10509, \"global_step\": 508432, \"loss\": 0.04852, \"grad_norm\": 0.13623, \"skipped_in_window\": 0, \"skip_pct\": 0.0, \"max_abs_weight\": 15.5599, \"scaler_scale\": 262144.0, \"lr\": 4.104993088376974e-06, \"elapsed_s\": 112.0}\n"}
,{"stream_name":"stdout","time":1139.659697781,"data":"  {\"round\": 48, \"step\": 4250, \"of\": 10509, \"global_step\": 508682, \"loss\": 0.05592, \"grad_norm\": 0.14691, \"skipped_in_window\": 0, \"skip_pct\": 0.0, \"max_abs_weight\": 15.5599, \"scaler_scale\": 262144.0, \"lr\": 4.104993088376974e-06, \"elapsed_s\": 118.9}\n"}
,{"stream_name":"stdout","time":1139.862184913,"data":"  {\"round\": 48, \"step\": 4250, \"of\": 10509, \"global_step\": 508682, \"loss\": 0.05592, \"grad_norm\": 0.14691, \"skipped_in_window\": 0, \"skip_pct\": 0.0, \"max_abs_weight\": 15.5599, \"scaler_scale\": 262144.0, \"lr\": 4.104993088376974e-06, \"elapsed_s\": 118.9}\n"}
,{"stream_name":"stdout","time":1146.646283446,"data":"  {\"round\": 48, \"step\": 4500, \"of\": 10509, \"global_step\": 508932, \"loss\": 0.04855, \"grad_norm\": 0.18035, \"skipped_in_window\": 0, \"skip_pct\": 0.0, \"max_abs_weight\": 15.5598, \"scaler_scale\": 262144.0, \"lr\": 4.104993088376974e-06, \"elapsed_s\": 125.9}\n"}
,{"stream_name":"stdout","time":1146.849586669,"data":"  {\"round\": 48, \"step\": 4500, \"of\": 10509, \"global_step\": 508932, \"loss\": 0.04855, \"grad_norm\": 0.18035, \"skipped_in_window\": 0, \"skip_pct\": 0.0, \"max_abs_weight\": 15.5598, \"scaler_scale\": 262144.0, \"lr\": 4.104993088376974e-06, \"elapsed_s\": 125.9}\n"}
,{"stream_name":"stdout","time":1153.525358791,"data":"  {\"round\": 48, \"step\": 4750, \"of\": 10509, \"global_step\": 509182, \"loss\": 0.04056, \"grad_norm\": 0.11092, \"skipped_in_window\": 0, \"skip_pct\": 0.0, \"max_abs_weight\": 15.5596, \"scaler_scale\": 262144.0, \"lr\": 4.104993088376974e-06, \"elapsed_s\": 132.8}\n"}
,{"stream_name":"stdout","time":1153.728761047,"data":"  {\"round\": 48, \"step\": 4750, \"of\": 10509, \"global_step\": 509182, \"loss\": 0.04056, \"grad_norm\": 0.11092, \"skipped_in_window\": 0, \"skip_pct\": 0.0, \"max_abs_weight\": 15.5596, \"scaler_scale\": 262144.0, \"lr\": 4.104993088376974e-06, \"elapsed_s\": 132.8}\n"}
,{"stream_name":"stdout","time":1160.365510898,"data":"  {\"round\": 48, \"step\": 5000, \"of\": 10509, \"global_step\": 509432, \"loss\": 0.04904, \"grad_norm\": 0.16044, \"skipped_in_window\": 0, \"skip_pct\": 0.0, \"max_abs_weight\": 15.5596, \"scaler_scale\": 262144.0, \"lr\": 4.104993088376974e-06, \"elapsed_s\": 139.6}\n"}
,{"stream_name":"stdout","time":1160.588625285,"data":"  {\"round\": 48, \"step\": 5000, \"of\": 10509, \"global_step\": 509432, \"loss\": 0.04904, \"grad_norm\": 0.16044, \"skipped_in_window\": 0, \"skip_pct\": 0.0, \"max_abs_weight\": 15.5596, \"scaler_scale\": 262144.0, \"lr\": 4.104993088376974e-06, \"elapsed_s\": 139.6}\n"}
,{"stream_name":"stdout","time":1167.184014401,"data":"  {\"round\": 48, \"step\": 5250, \"of\": 10509, \"global_step\": 509682, \"loss\": 0.04121, \"grad_norm\": 0.17171, \"skipped_in_window\": 0, \"skip_pct\": 0.0, \"max_abs_weight\": 15.5597, \"scaler_scale\": 524288.0, \"lr\": 4.104993088376974e-06, \"elapsed_s\": 146.4}\n"}
,{"stream_name":"stdout","time":1167.386632768,"data":"  {\"round\": 48, \"step\": 5250, \"of\": 10509, \"global_step\": 509682, \"loss\": 0.04121, \"grad_norm\": 0.17171, \"skipped_in_window\": 0, \"skip_pct\": 0.0, \"max_abs_weight\": 15.5597, \"scaler_scale\": 524288.0, \"lr\": 4.104993088376974e-06, \"elapsed_s\": 146.4}\n"}
,{"stream_name":"stdout","time":1173.990365764,"data":"  {\"round\": 48, \"step\": 5500, \"of\": 10509, \"global_step\": 509932, \"loss\": 0.04904, \"grad_norm\": 0.15913, \"skipped_in_window\": 0, \"skip_pct\": 0.0, \"max_abs_weight\": 15.5596, \"scaler_scale\": 524288.0, \"lr\": 4.104993088376974e-06, \"elapsed_s\": 153.2}\n"}
,{"stream_name":"stdout","time":1174.193200559,"data":"  {\"round\": 48, \"step\": 5500, \"of\": 10509, \"global_step\": 509932, \"loss\": 0.04904, \"grad_norm\": 0.15913, \"skipped_in_window\": 0, \"skip_pct\": 0.0, \"max_abs_weight\": 15.5596, \"scaler_scale\": 524288.0, \"lr\": 4.104993088376974e-06, \"elapsed_s\": 153.2}\n"}
,{"stream_name":"stdout","time":1180.787164208,"data":"  {\"round\": 48, \"step\": 5750, \"of\": 10509, \"global_step\": 510182, \"loss\": 0.05512, \"grad_norm\": 0.15499, \"skipped_in_window\": 0, \"skip_pct\": 0.0, \"max_abs_weight\": 15.5596, \"scaler_scale\": 524288.0, \"lr\": 4.104993088376974e-06, \"elapsed_s\": 160.0}\n"}
,{"stream_name":"stdout","time":1180.990196595,"data":"  {\"round\": 48, \"step\": 5750, \"of\": 10509, \"global_step\": 510182, \"loss\": 0.05512, \"grad_norm\": 0.15499, \"skipped_in_window\": 0, \"skip_pct\": 0.0, \"max_abs_weight\": 15.5596, \"scaler_scale\": 524288.0, \"lr\": 4.104993088376974e-06, \"elapsed_s\": 160.0}\n"}
,{"stream_name":"stdout","time":1187.523163033,"data":"  {\"round\": 48, \"step\": 6000, \"of\": 10509, \"global_step\": 510432, \"loss\": 0.05201, \"grad_norm\": 0.14522, \"skipped_in_window\": 0, \"skip_pct\": 0.0, \"max_abs_weight\": 15.5596, \"scaler_scale\": 524288.0, \"lr\": 4.104993088376974e-06, \"elapsed_s\": 166.8}\n"}
,{"stream_name":"stdout","time":1187.726002587,"data":"  {\"round\": 48, \"step\": 6000, \"of\": 10509, \"global_step\": 510432, \"loss\": 0.05201, \"grad_norm\": 0.14522, \"skipped_in_window\": 0, \"skip_pct\": 0.0, \"max_abs_weight\": 15.5596, \"scaler_scale\": 524288.0, \"lr\": 4.104993088376974e-06, \"elapsed_s\": 166.8}\n"}
,{"stream_name":"stdout","time":1194.319327587,"data":"  {\"round\": 48, \"step\": 6250, \"of\": 10509, \"global_step\": 510682, \"loss\": 0.04981, \"grad_norm\": 0.16147, \"skipped_in_window\": 0, \"skip_pct\": 0.0, \"max_abs_weight\": 15.5596, \"scaler_scale\": 524288.0, \"lr\": 4.104993088376974e-06, \"elapsed_s\": 173.6}\n"}
,{"stream_name":"stdout","time":1194.543606388,"data":"  {\"round\": 48, \"step\": 6250, \"of\": 10509, \"global_step\": 510682, \"loss\": 0.04981, \"grad_norm\": 0.16147, \"skipped_in_window\": 0, \"skip_pct\": 0.0, \"max_abs_weight\": 15.5596, \"scaler_scale\": 524288.0, \"lr\": 4.104993088376974e-06, \"elapsed_s\": 173.6}\n"}
,{"stream_name":"stdout","time":1201.037752693,"data":"  {\"round\": 48, \"step\": 6500, \"of\": 10509, \"global_step\": 510932, \"loss\": 0.04978, \"grad_norm\": 0.19541, \"skipped_in_window\": 0, \"skip_pct\": 0.0, \"max_abs_weight\": 15.5597, \"scaler_scale\": 524288.0, \"lr\": 4.104993088376974e-06, \"elapsed_s\": 180.3}\n"}
,{"stream_name":"stdout","time":1201.239731104,"data":"  {\"round\": 48, \"step\": 6500, \"of\": 10509, \"global_step\": 510932, \"loss\": 0.04978, \"grad_norm\": 0.19541, \"skipped_in_window\": 0, \"skip_pct\": 0.0, \"max_abs_weight\": 15.5597, \"scaler_scale\": 524288.0, \"lr\": 4.104993088376974e-06, \"elapsed_s\": 180.3}\n"}
,{"stream_name":"stdout","time":1207.800638189,"data":"  {\"round\": 48, \"step\": 6750, \"of\": 10509, \"global_step\": 511182, \"loss\": 0.04703, \"grad_norm\": 0.14986, \"skipped_in_window\": 0, \"skip_pct\": 0.0, \"max_abs_weight\": 15.5597, \"scaler_scale\": 524288.0, \"lr\": 4.104993088376974e-06, \"elapsed_s\": 187.0}\n"}
,{"stream_name":"stdout","time":1208.00364711,"data":"  {\"round\": 48, \"step\": 6750, \"of\": 10509, \"global_step\": 511182, \"loss\": 0.04703, \"grad_norm\": 0.14986, \"skipped_in_window\": 0, \"skip_pct\": 0.0, \"max_abs_weight\": 15.5597, \"scaler_scale\": 524288.0, \"lr\": 4.104993088376974e-06, \"elapsed_s\": 187.0}\n"}
,{"stream_name":"stdout","time":1214.589506423,"data":"  {\"round\": 48, \"step\": 7000, \"of\": 10509, \"global_step\": 511432, \"loss\": 0.04158, \"grad_norm\": 0.14619, \"skipped_in_window\": 1, \"skip_pct\": 0.4, \"max_abs_weight\": 15.5596, \"scaler_scale\": 262144.0, \"lr\": 4.104993088376974e-06, \"elapsed_s\": 193.8}\n"}
,{"stream_name":"stdout","time":1214.792135741,"data":"  {\"round\": 48, \"step\": 7000, \"of\": 10509, \"global_step\": 511432, \"loss\": 0.04158, \"grad_norm\": 0.14619, \"skipped_in_window\": 1, \"skip_pct\": 0.4, \"max_abs_weight\": 15.5596, \"scaler_scale\": 262144.0, \"lr\": 4.104993088376974e-06, \"elapsed_s\": 193.8}\n"}
,{"stream_name":"stdout","time":1221.30124869,"data":"  {\"round\": 48, \"step\": 7250, \"of\": 10509, \"global_step\": 511682, \"loss\": 0.04718, \"grad_norm\": 0.16369, \"skipped_in_window\": 0, \"skip_pct\": 0.0, \"max_abs_weight\": 15.5597, \"scaler_scale\": 262144.0, \"lr\": 4.104993088376974e-06, \"elapsed_s\": 200.5}\n"}
,{"stream_name":"stdout","time":1221.50413031,"data":"  {\"round\": 48, \"step\": 7250, \"of\": 10509, \"global_step\": 511682, \"loss\": 0.04718, \"grad_norm\": 0.16369, \"skipped_in_window\": 0, \"skip_pct\": 0.0, \"max_abs_weight\": 15.5597, \"scaler_scale\": 262144.0, \"lr\": 4.104993088376974e-06, \"elapsed_s\": 200.5}\n"}
,{"stream_name":"stdout","time":1227.988113879,"data":"  {\"round\": 48, \"step\": 7500, \"of\": 10509, \"global_step\": 511932, \"loss\": 0.04078, \"grad_norm\": 0.11545, \"skipped_in_window\": 0, \"skip_pct\": 0.0, \"max_abs_weight\": 15.5598, \"scaler_scale\": 262144.0, \"lr\": 4.104993088376974e-06, \"elapsed_s\": 207.2}\n"}
,{"stream_name":"stdout","time":1228.210152548,"data":"  {\"round\": 48, \"step\": 7500, \"of\": 10509, \"global_step\": 511932, \"loss\": 0.04078, \"grad_norm\": 0.11545, \"skipped_in_window\": 0, \"skip_pct\": 0.0, \"max_abs_weight\": 15.5598, \"scaler_scale\": 262144.0, \"lr\": 4.104993088376974e-06, \"elapsed_s\": 207.2}\n"}
,{"stream_name":"stdout","time":1234.833698998,"data":"  {\"round\": 48, \"step\": 7750, \"of\": 10509, \"global_step\": 512182, \"loss\": 0.04899, \"grad_norm\": 0.13639, \"skipped_in_window\": 0, \"skip_pct\": 0.0, \"max_abs_weight\": 15.5598, \"scaler_scale\": 262144.0, \"lr\": 4.104993088376974e-06, \"elapsed_s\": 214.1}\n"}
,{"stream_name":"stdout","time":1235.038738885,"data":"  {\"round\": 48, \"step\": 7750, \"of\": 10509, \"global_step\": 512182, \"loss\": 0.04899, \"grad_norm\": 0.13639, \"skipped_in_window\": 0, \"skip_pct\": 0.0, \"max_abs_weight\": 15.5598, \"scaler_scale\": 262144.0, \"lr\": 4.104993088376974e-06, \"elapsed_s\": 214.1}\n"}
,{"stream_name":"stdout","time":1241.602146541,"data":"  {\"round\": 48, \"step\": 8000, \"of\": 10509, \"global_step\": 512432, \"loss\": 0.03806, \"grad_norm\": 0.15807, \"skipped_in_window\": 0, \"skip_pct\": 0.0, \"max_abs_weight\": 15.5598, \"scaler_scale\": 262144.0, \"lr\": 4.104993088376974e-06, \"elapsed_s\": 220.8}\n"}
,{"stream_name":"stdout","time":1241.80481313,"data":"  {\"round\": 48, \"step\": 8000, \"of\": 10509, \"global_step\": 512432, \"loss\": 0.03806, \"grad_norm\": 0.15807, \"skipped_in_window\": 0, \"skip_pct\": 0.0, \"max_abs_weight\": 15.5598, \"scaler_scale\": 262144.0, \"lr\": 4.104993088376974e-06, \"elapsed_s\": 220.8}\n"}
,{"stream_name":"stdout","time":1248.247808999,"data":"  {\"round\": 48, \"step\": 8250, \"of\": 10509, \"global_step\": 512682, \"loss\": 0.04864, \"grad_norm\": 0.15233, \"skipped_in_window\": 0, \"skip_pct\": 0.0, \"max_abs_weight\": 15.5599, \"scaler_scale\": 262144.0, \"lr\": 4.104993088376974e-06, \"elapsed_s\": 227.5}\n"}
,{"stream_name":"stdout","time":1248.450476667,"data":"  {\"round\": 48, \"step\": 8250, \"of\": 10509, \"global_step\": 512682, \"loss\": 0.04864, \"grad_norm\": 0.15233, \"skipped_in_window\": 0, \"skip_pct\": 0.0, \"max_abs_weight\": 15.5599, \"scaler_scale\": 262144.0, \"lr\": 4.104993088376974e-06, \"elapsed_s\": 227.5}\n"}
,{"stream_name":"stdout","time":1254.93513956,"data":"  {\"round\": 48, \"step\": 8500, \"of\": 10509, \"global_step\": 512932, \"loss\": 0.04325, \"grad_norm\": 0.15008, \"skipped_in_window\": 0, \"skip_pct\": 0.0, \"max_abs_weight\": 15.56, \"scaler_scale\": 262144.0, \"lr\": 4.104993088376974e-06, \"elapsed_s\": 234.2}\n"}
,{"stream_name":"stdout","time":1255.137943551,"data":"  {\"round\": 48, \"step\": 8500, \"of\": 10509, \"global_step\": 512932, \"loss\": 0.04325, \"grad_norm\": 0.15008, \"skipped_in_window\": 0, \"skip_pct\": 0.0, \"max_abs_weight\": 15.56, \"scaler_scale\": 262144.0, \"lr\": 4.104993088376974e-06, \"elapsed_s\": 234.2}\n"}
,{"stream_name":"stdout","time":1261.624880983,"data":"  {\"round\": 48, \"step\": 8750, \"of\": 10509, \"global_step\": 513182, \"loss\": 0.0398, \"grad_norm\": 0.16316, \"skipped_in_window\": 0, \"skip_pct\": 0.0, \"max_abs_weight\": 15.5599, \"scaler_scale\": 262144.0, \"lr\": 4.104993088376974e-06, \"elapsed_s\": 240.9}\n"}
,{"stream_name":"stdout","time":1261.847154388,"data":"  {\"round\": 48, \"step\": 8750, \"of\": 10509, \"global_step\": 513182, \"loss\": 0.0398, \"grad_norm\": 0.16316, \"skipped_in_window\": 0, \"skip_pct\": 0.0, \"max_abs_weight\": 15.5599, \"scaler_scale\": 262144.0, \"lr\": 4.104993088376974e-06, \"elapsed_s\": 240.9}\n"}
,{"stream_name":"stdout","time":1268.228107181,"data":"  {\"round\": 48, \"step\": 9000, \"of\": 10509, \"global_step\": 513432, \"loss\": 0.04958, \"grad_norm\": 0.14403, \"skipped_in_window\": 0, \"skip_pct\": 0.0, \"max_abs_weight\": 15.56, \"scaler_scale\": 524288.0, \"lr\": 4.104993088376974e-06, \"elapsed_s\": 247.5}\n"}
,{"stream_name":"stdout","time":1268.430850719,"data":"  {\"round\": 48, \"step\": 9000, \"of\": 10509, \"global_step\": 513432, \"loss\": 0.04958, \"grad_norm\": 0.14403, \"skipped_in_window\": 0, \"skip_pct\": 0.0, \"max_abs_weight\": 15.56, \"scaler_scale\": 524288.0, \"lr\": 4.104993088376974e-06, \"elapsed_s\": 247.5}\n"}
,{"stream_name":"stdout","time":1274.911115982,"data":"  {\"round\": 48, \"step\": 9250, \"of\": 10509, \"global_step\": 513682, \"loss\": 0.05207, \"grad_norm\": 0.14323, \"skipped_in_window\": 1, \"skip_pct\": 0.4, \"max_abs_weight\": 15.5601, \"scaler_scale\": 262144.0, \"lr\": 4.104993088376974e-06, \"elapsed_s\": 254.1}\n"}
,{"stream_name":"stdout","time":1275.113554493,"data":"  {\"round\": 48, \"step\": 9250, \"of\": 10509, \"global_step\": 513682, \"loss\": 0.05207, \"grad_norm\": 0.14323, \"skipped_in_window\": 1, \"skip_pct\": 0.4, \"max_abs_weight\": 15.5601, \"scaler_scale\": 262144.0, \"lr\": 4.104993088376974e-06, \"elapsed_s\": 254.1}\n"}
,{"stream_name":"stdout","time":1281.538592898,"data":"  {\"round\": 48, \"step\": 9500, \"of\": 10509, \"global_step\": 513932, \"loss\": 0.04813, \"grad_norm\": 0.15042, \"skipped_in_window\": 0, \"skip_pct\": 0.0, \"max_abs_weight\": 15.5601, \"scaler_scale\": 262144.0, \"lr\": 4.104993088376974e-06, \"elapsed_s\": 260.8}\n"}
,{"stream_name":"stdout","time":1281.741488242,"data":"  {\"round\": 48, \"step\": 9500, \"of\": 10509, \"global_step\": 513932, \"loss\": 0.04813, \"grad_norm\": 0.15042, \"skipped_in_window\": 0, \"skip_pct\": 0.0, \"max_abs_weight\": 15.5601, \"scaler_scale\": 262144.0, \"lr\": 4.104993088376974e-06, \"elapsed_s\": 260.8}\n"}
,{"stream_name":"stdout","time":1288.14877533,"data":"  {\"round\": 48, \"step\": 9750, \"of\": 10509, \"global_step\": 514182, \"loss\": 0.04088, \"grad_norm\": 0.14822, \"skipped_in_window\": 0, \"skip_pct\": 0.0, \"max_abs_weight\": 15.5602, \"scaler_scale\": 262144.0, \"lr\": 4.104993088376974e-06, \"elapsed_s\": 267.4}\n"}
,{"stream_name":"stdout","time":1288.351999414,"data":"  {\"round\": 48, \"step\": 9750, \"of\": 10509, \"global_step\": 514182, \"loss\": 0.04088, \"grad_norm\": 0.14822, \"skipped_in_window\": 0, \"skip_pct\": 0.0, \"max_abs_weight\": 15.5602, \"scaler_scale\": 262144.0, \"lr\": 4.104993088376974e-06, \"elapsed_s\": 267.4}\n"}
,{"stream_name":"stdout","time":1294.800347675,"data":"  {\"round\": 48, \"step\": 10000, \"of\": 10509, \"global_step\": 514432, \"loss\": 0.0511, \"grad_norm\": 0.14688, \"skipped_in_window\": 0, \"skip_pct\": 0.0, \"max_abs_weight\": 15.5602, \"scaler_scale\": 262144.0, \"lr\": 4.104993088376974e-06, \"elapsed_s\": 274.0}\n"}
,{"stream_name":"stdout","time":1295.023789124,"data":"  {\"round\": 48, \"step\": 10000, \"of\": 10509, \"global_step\": 514432, \"loss\": 0.0511, \"grad_norm\": 0.14688, \"skipped_in_window\": 0, \"skip_pct\": 0.0, \"max_abs_weight\": 15.5602, \"scaler_scale\": 262144.0, \"lr\": 4.104993088376974e-06, \"elapsed_s\": 274.0}\n"}
,{"stream_name":"stdout","time":1301.475999612,"data":"  {\"round\": 48, \"step\": 10250, \"of\": 10509, \"global_step\": 514682, \"loss\": 0.05612, \"grad_norm\": 0.16432, \"skipped_in_window\": 0, \"skip_pct\": 0.0, \"max_abs_weight\": 15.5603, \"scaler_scale\": 262144.0, \"lr\": 4.104993088376974e-06, \"elapsed_s\": 280.7}\n"}
,{"stream_name":"stdout","time":1301.678445537,"data":"  {\"round\": 48, \"step\": 10250, \"of\": 10509, \"global_step\": 514682, \"loss\": 0.05612, \"grad_norm\": 0.16432, \"skipped_in_window\": 0, \"skip_pct\": 0.0, \"max_abs_weight\": 15.5603, \"scaler_scale\": 262144.0, \"lr\": 4.104993088376974e-06, \"elapsed_s\": 280.7}\n"}
,{"stream_name":"stdout","time":1308.035411855,"data":"  {\"round\": 48, \"step\": 10500, \"of\": 10509, \"global_step\": 514932, \"loss\": 0.04457, \"grad_norm\": 0.14639, \"skipped_in_window\": 0, \"skip_pct\": 0.0, \"max_abs_weight\": 15.5603, \"scaler_scale\": 262144.0, \"lr\": 4.104993088376974e-06, \"elapsed_s\": 287.3}\n"}
,{"stream_name":"stdout","time":1308.238291893,"data":"  {\"round\": 48, \"step\": 10500, \"of\": 10509, \"global_step\": 514932, \"loss\": 0.04457, \"grad_norm\": 0.14639, \"skipped_in_window\": 0, \"skip_pct\": 0.0, \"max_abs_weight\": 15.5603, \"scaler_scale\": 262144.0, \"lr\": 4.104993088376974e-06, \"elapsed_s\": 287.3}\n"}
,{"stream_name":"stdout","time":1368.052401841,"data":"[round 048] loss 0.0496  acc 0.8414  F1_mac 0.8350  F1_wtd 0.8386  343.8s  125,194/s  skipped 4  peak 5.6GB\n"}
,{"stream_name":"stderr","time":1368.054490371,"data":"/usr/local/lib/python3.12/dist-packages/torch/distributed/c10d_logger.py:83: UserWarning: barrier(): using the device under current context. You can specify `device_id` in `init_process_group` to mute this warning.\n"}
,{"stream_name":"stderr","time":1368.054552679,"data":"  return func(*args, **kwargs)\n"}
,{"stream_name":"stdout","time":1368.278782782,"data":"[round 048] loss 0.0496  acc 0.8414  F1_mac 0.8350  F1_wtd 0.8386  343.8s  125,194/s  skipped 4  peak 5.6GB\n"}
,{"stream_name":"stderr","time":1368.278897104,"data":"/usr/local/lib/python3.12/dist-packages/torch/distributed/c10d_logger.py:83: UserWarning: barrier(): using the device under current context. You can specify `device_id` in `init_process_group` to mute this warning.\n"}
,{"stream_name":"stderr","time":1368.27891316,"data":"  return func(*args, **kwargs)\n"}
,{"stream_name":"stderr","time":1368.278917625,"data":"\n"}
,{"stream_name":"stderr","time":1368.278921311,"data":"/usr/local/lib/python3.12/dist-packages/torch/distributed/c10d_logger.py:83: UserWarning: barrier(): using the device under current context. You can specify `device_id` in `init_process_group` to mute this warning.\n"}
,{"stream_name":"stderr","time":1368.278925698,"data":"  return func(*args, **kwargs)\n"}
,{"stream_name":"stdout","time":1375.158721848,"data":"  {\"round\": 49, \"step\": 250, \"of\": 10509, \"global_step\": 515191, \"loss\": 0.04213, \"grad_norm\": 0.11382, \"skipped_in_window\": 0, \"skip_pct\": 0.0, \"max_abs_weight\": 15.5603, \"scaler_scale\": 262144.0, \"lr\": 1.0273036248318324e-06, \"elapsed_s\": 7.1}\n"}
,{"stream_name":"stdout","time":1375.361464188,"data":"  {\"round\": 49, \"step\": 250, \"of\": 10509, \"global_step\": 515191, \"loss\": 0.04213, \"grad_norm\": 0.11382, \"skipped_in_window\": 0, \"skip_pct\": 0.0, \"max_abs_weight\": 15.5603, \"scaler_scale\": 262144.0, \"lr\": 1.0273036248318324e-06, \"elapsed_s\": 7.1}\n"}
,{"stream_name":"stdout","time":1382.154249605,"data":"  {\"round\": 49, \"step\": 500, \"of\": 10509, \"global_step\": 515441, \"loss\": 0.05032, \"grad_norm\": 0.16506, \"skipped_in_window\": 0, \"skip_pct\": 0.0, \"max_abs_weight\": 15.5603, \"scaler_scale\": 262144.0, \"lr\": 1.0273036248318324e-06, \"elapsed_s\": 14.1}\n"}
,{"stream_name":"stdout","time":1382.356819659,"data":"  {\"round\": 49, \"step\": 500, \"of\": 10509, \"global_step\": 515441, \"loss\": 0.05032, \"grad_norm\": 0.16506, \"skipped_in_window\": 0, \"skip_pct\": 0.0, \"max_abs_weight\": 15.5603, \"scaler_scale\": 262144.0, \"lr\": 1.0273036248318324e-06, \"elapsed_s\": 14.1}\n"}
,{"stream_name":"stdout","time":1389.016545778,"data":"  {\"round\": 49, \"step\": 750, \"of\": 10509, \"global_step\": 515691, \"loss\": 0.05234, \"grad_norm\": 0.15713, \"skipped_in_window\": 1, \"skip_pct\": 0.4, \"max_abs_weight\": 15.5603, \"scaler_scale\": 262144.0, \"lr\": 1.0273036248318324e-06, \"elapsed_s\": 21.0}\n"}
,{"stream_name":"stdout","time":1389.219611418,"data":"  {\"round\": 49, \"step\": 750, \"of\": 10509, \"global_step\": 515691, \"loss\": 0.05234, \"grad_norm\": 0.15713, \"skipped_in_window\": 1, \"skip_pct\": 0.4, \"max_abs_weight\": 15.5603, \"scaler_scale\": 262144.0, \"lr\": 1.0273036248318324e-06, \"elapsed_s\": 21.0}\n"}
,{"stream_name":"stdout","time":1396.17693336,"data":"  {\"round\": 49, \"step\": 1000, \"of\": 10509, \"global_step\": 515941, \"loss\": 0.05055, \"grad_norm\": 0.13872, \"skipped_in_window\": 0, \"skip_pct\": 0.0, \"max_abs_weight\": 15.5603, \"scaler_scale\": 262144.0, \"lr\": 1.0273036248318324e-06, \"elapsed_s\": 28.1}\n"}
,{"stream_name":"stdout","time":1396.379860466,"data":"  {\"round\": 49, \"step\": 1000, \"of\": 10509, \"global_step\": 515941, \"loss\": 0.05055, \"grad_norm\": 0.13872, \"skipped_in_window\": 0, \"skip_pct\": 0.0, \"max_abs_weight\": 15.5603, \"scaler_scale\": 262144.0, \"lr\": 1.0273036248318324e-06, \"elapsed_s\": 28.1}\n"}
,{"stream_name":"stdout","time":1403.194944988,"data":"  {\"round\": 49, \"step\": 1250, \"of\": 10509, \"global_step\": 516191, \"loss\": 0.05417, \"grad_norm\": 0.18053, \"skipped_in_window\": 0, \"skip_pct\": 0.0, \"max_abs_weight\": 15.5603, \"scaler_scale\": 262144.0, \"lr\": 1.0273036248318324e-06, \"elapsed_s\": 35.1}\n"}
,{"stream_name":"stdout","time":1403.412387513,"data":"  {\"round\": 49, \"step\": 1250, \"of\": 10509, \"global_step\": 516191, \"loss\": 0.05417, \"grad_norm\": 0.18053, \"skipped_in_window\": 0, \"skip_pct\": 0.0, \"max_abs_weight\": 15.5603, \"scaler_scale\": 262144.0, \"lr\": 1.0273036248318324e-06, \"elapsed_s\": 35.1}\n"}
,{"stream_name":"stdout","time":1410.286517274,"data":"  {\"round\": 49, \"step\": 1500, \"of\": 10509, \"global_step\": 516441, \"loss\": 0.04259, \"grad_norm\": 0.12067, \"skipped_in_window\": 0, \"skip_pct\": 0.0, \"max_abs_weight\": 15.5603, \"scaler_scale\": 262144.0, \"lr\": 1.0273036248318324e-06, \"elapsed_s\": 42.2}\n"}
,{"stream_name":"stdout","time":1410.489979216,"data":"  {\"round\": 49, \"step\": 1500, \"of\": 10509, \"global_step\": 516441, \"loss\": 0.04259, \"grad_norm\": 0.12067, \"skipped_in_window\": 0, \"skip_pct\": 0.0, \"max_abs_weight\": 15.5603, \"scaler_scale\": 262144.0, \"lr\": 1.0273036248318324e-06, \"elapsed_s\": 42.2}\n"}
,{"stream_name":"stdout","time":1417.162342295,"data":"  {\"round\": 49, \"step\": 1750, \"of\": 10509, \"global_step\": 516691, \"loss\": 0.04142, \"grad_norm\": 0.11221, \"skipped_in_window\": 0, \"skip_pct\": 0.0, \"max_abs_weight\": 15.5603, \"scaler_scale\": 262144.0, \"lr\": 1.0273036248318324e-06, \"elapsed_s\": 49.1}\n"}
,{"stream_name":"stdout","time":1417.36521919,"data":"  {\"round\": 49, \"step\": 1750, \"of\": 10509, \"global_step\": 516691, \"loss\": 0.04142, \"grad_norm\": 0.11221, \"skipped_in_window\": 0, \"skip_pct\": 0.0, \"max_abs_weight\": 15.5603, \"scaler_scale\": 262144.0, \"lr\": 1.0273036248318324e-06, \"elapsed_s\": 49.1}\n"}
,{"stream_name":"stdout","time":1424.119042899,"data":"  {\"round\": 49, \"step\": 2000, \"of\": 10509, \"global_step\": 516941, \"loss\": 0.06184, \"grad_norm\": 0.16388, \"skipped_in_window\": 0, \"skip_pct\": 0.0, \"max_abs_weight\": 15.5603, \"scaler_scale\": 262144.0, \"lr\": 1.0273036248318324e-06, \"elapsed_s\": 56.1}\n"}
,{"stream_name":"stdout","time":1424.321739522,"data":"  {\"round\": 49, \"step\": 2000, \"of\": 10509, \"global_step\": 516941, \"loss\": 0.06184, \"grad_norm\": 0.16388, \"skipped_in_window\": 0, \"skip_pct\": 0.0, \"max_abs_weight\": 15.5603, \"scaler_scale\": 262144.0, \"lr\": 1.0273036248318324e-06, \"elapsed_s\": 56.1}\n"}
,{"stream_name":"stdout","time":1431.056214588,"data":"  {\"round\": 49, \"step\": 2250, \"of\": 10509, \"global_step\": 517191, \"loss\": 0.04587, \"grad_norm\": 0.13172, \"skipped_in_window\": 0, \"skip_pct\": 0.0, \"max_abs_weight\": 15.5603, \"scaler_scale\": 262144.0, \"lr\": 1.0273036248318324e-06, \"elapsed_s\": 63.0}\n"}
,{"stream_name":"stdout","time":1431.258872703,"data":"  {\"round\": 49, \"step\": 2250, \"of\": 10509, \"global_step\": 517191, \"loss\": 0.04587, \"grad_norm\": 0.13172, \"skipped_in_window\": 0, \"skip_pct\": 0.0, \"max_abs_weight\": 15.5603, \"scaler_scale\": 262144.0, \"lr\": 1.0273036248318324e-06, \"elapsed_s\": 63.0}\n"}
,{"stream_name":"stdout","time":1437.836630212,"data":"  {\"round\": 49, \"step\": 2500, \"of\": 10509, \"global_step\": 517441, \"loss\": 0.05808, \"grad_norm\": 0.17581, \"skipped_in_window\": 0, \"skip_pct\": 0.0, \"max_abs_weight\": 15.5603, \"scaler_scale\": 262144.0, \"lr\": 1.0273036248318324e-06, \"elapsed_s\": 69.8}\n"}
,{"stream_name":"stdout","time":1438.060541051,"data":"  {\"round\": 49, \"step\": 2500, \"of\": 10509, \"global_step\": 517441, \"loss\": 0.05808, \"grad_norm\": 0.17581, \"skipped_in_window\": 0, \"skip_pct\": 0.0, \"max_abs_weight\": 15.5603, \"scaler_scale\": 262144.0, \"lr\": 1.0273036248318324e-06, \"elapsed_s\": 69.8}\n"}
,{"stream_name":"stdout","time":1444.820190356,"data":"  {\"round\": 49, \"step\": 2750, \"of\": 10509, \"global_step\": 517691, \"loss\": 0.05803, \"grad_norm\": 0.14922, \"skipped_in_window\": 1, \"skip_pct\": 0.4, \"max_abs_weight\": 15.5603, \"scaler_scale\": 262144.0, \"lr\": 1.0273036248318324e-06, \"elapsed_s\": 76.8}\n"}
,{"stream_name":"stdout","time":1445.023052418,"data":"  {\"round\": 49, \"step\": 2750, \"of\": 10509, \"global_step\": 517691, \"loss\": 0.05803, \"grad_norm\": 0.14922, \"skipped_in_window\": 1, \"skip_pct\": 0.4, \"max_abs_weight\": 15.5603, \"scaler_scale\": 262144.0, \"lr\": 1.0273036248318324e-06, \"elapsed_s\": 76.8}\n"}
,{"stream_name":"stdout","time":1451.99422838,"data":"  {\"round\": 49, \"step\": 3000, \"of\": 10509, \"global_step\": 517941, \"loss\": 0.03914, \"grad_norm\": 0.12841, \"skipped_in_window\": 0, \"skip_pct\": 0.0, \"max_abs_weight\": 15.5603, \"scaler_scale\": 262144.0, \"lr\": 1.0273036248318324e-06, \"elapsed_s\": 83.9}\n"}
,{"stream_name":"stdout","time":1452.197021146,"data":"  {\"round\": 49, \"step\": 3000, \"of\": 10509, \"global_step\": 517941, \"loss\": 0.03914, \"grad_norm\": 0.12841, \"skipped_in_window\": 0, \"skip_pct\": 0.0, \"max_abs_weight\": 15.5603, \"scaler_scale\": 262144.0, \"lr\": 1.0273036248318324e-06, \"elapsed_s\": 83.9}\n"}
,{"stream_name":"stdout","time":1459.104042601,"data":"  {\"round\": 49, \"step\": 3250, \"of\": 10509, \"global_step\": 518191, \"loss\": 0.04783, \"grad_norm\": 0.16941, \"skipped_in_window\": 0, \"skip_pct\": 0.0, \"max_abs_weight\": 15.5603, \"scaler_scale\": 262144.0, \"lr\": 1.0273036248318324e-06, \"elapsed_s\": 91.0}\n"}
,{"stream_name":"stdout","time":1459.306797211,"data":"  {\"round\": 49, \"step\": 3250, \"of\": 10509, \"global_step\": 518191, \"loss\": 0.04783, \"grad_norm\": 0.16941, \"skipped_in_window\": 0, \"skip_pct\": 0.0, \"max_abs_weight\": 15.5603, \"scaler_scale\": 262144.0, \"lr\": 1.0273036248318324e-06, \"elapsed_s\": 91.0}\n"}
,{"stream_name":"stdout","time":1466.11554438,"data":"  {\"round\": 49, \"step\": 3500, \"of\": 10509, \"global_step\": 518441, \"loss\": 0.03818, \"grad_norm\": 0.14424, \"skipped_in_window\": 0, \"skip_pct\": 0.0, \"max_abs_weight\": 15.5604, \"scaler_scale\": 262144.0, \"lr\": 1.0273036248318324e-06, \"elapsed_s\": 98.1}\n"}
,{"stream_name":"stdout","time":1466.318306844,"data":"  {\"round\": 49, \"step\": 3500, \"of\": 10509, \"global_step\": 518441, \"loss\": 0.03818, \"grad_norm\": 0.14424, \"skipped_in_window\": 0, \"skip_pct\": 0.0, \"max_abs_weight\": 15.5604, \"scaler_scale\": 262144.0, \"lr\": 1.0273036248318324e-06, \"elapsed_s\": 98.1}\n"}
,{"stream_name":"stdout","time":1473.108303123,"data":"  {\"round\": 49, \"step\": 3750, \"of\": 10509, \"global_step\": 518691, \"loss\": 0.04508, \"grad_norm\": 0.14885, \"skipped_in_window\": 0, \"skip_pct\": 0.0, \"max_abs_weight\": 15.5604, \"scaler_scale\": 262144.0, \"lr\": 1.0273036248318324e-06, \"elapsed_s\": 105.1}\n"}
,{"stream_name":"stdout","time":1473.323766019,"data":"  {\"round\": 49, \"step\": 3750, \"of\": 10509, \"global_step\": 518691, \"loss\": 0.04508, \"grad_norm\": 0.14885, \"skipped_in_window\": 0, \"skip_pct\": 0.0, \"max_abs_weight\": 15.5604, \"scaler_scale\": 262144.0, \"lr\": 1.0273036248318324e-06, \"elapsed_s\": 105.1}\n"}
,{"stream_name":"stdout","time":1480.111692979,"data":"  {\"round\": 49, \"step\": 4000, \"of\": 10509, \"global_step\": 518941, \"loss\": 0.05196, \"grad_norm\": 0.14748, \"skipped_in_window\": 0, \"skip_pct\": 0.0, \"max_abs_weight\": 15.5604, \"scaler_scale\": 262144.0, \"lr\": 1.0273036248318324e-06, \"elapsed_s\": 112.1}\n"}
,{"stream_name":"stdout","time":1480.314336911,"data":"  {\"round\": 49, \"step\": 4000, \"of\": 10509, \"global_step\": 518941, \"loss\": 0.05196, \"grad_norm\": 0.14748, \"skipped_in_window\": 0, \"skip_pct\": 0.0, \"max_abs_weight\": 15.5604, \"scaler_scale\": 262144.0, \"lr\": 1.0273036248318324e-06, \"elapsed_s\": 112.1}\n"}
,{"stream_name":"stdout","time":1487.010930568,"data":"  {\"round\": 49, \"step\": 4250, \"of\": 10509, \"global_step\": 519191, \"loss\": 0.05026, \"grad_norm\": 0.13148, \"skipped_in_window\": 0, \"skip_pct\": 0.0, \"max_abs_weight\": 15.5604, \"scaler_scale\": 262144.0, \"lr\": 1.0273036248318324e-06, \"elapsed_s\": 119.0}\n"}
,{"stream_name":"stdout","time":1487.213772354,"data":"  {\"round\": 49, \"step\": 4250, \"of\": 10509, \"global_step\": 519191, \"loss\": 0.05026, \"grad_norm\": 0.13148, \"skipped_in_window\": 0, \"skip_pct\": 0.0, \"max_abs_weight\": 15.5604, \"scaler_scale\": 262144.0, \"lr\": 1.0273036248318324e-06, \"elapsed_s\": 119.0}\n"}
,{"stream_name":"stdout","time":1493.870076668,"data":"  {\"round\": 49, \"step\": 4500, \"of\": 10509, \"global_step\": 519441, \"loss\": 0.04899, \"grad_norm\": 0.16034, \"skipped_in_window\": 0, \"skip_pct\": 0.0, \"max_abs_weight\": 15.5604, \"scaler_scale\": 262144.0, \"lr\": 1.0273036248318324e-06, \"elapsed_s\": 125.8}\n"}
,{"stream_name":"stdout","time":1494.072842591,"data":"  {\"round\": 49, \"step\": 4500, \"of\": 10509, \"global_step\": 519441, \"loss\": 0.04899, \"grad_norm\": 0.16034, \"skipped_in_window\": 0, \"skip_pct\": 0.0, \"max_abs_weight\": 15.5604, \"scaler_scale\": 262144.0, \"lr\": 1.0273036248318324e-06, \"elapsed_s\": 125.8}\n"}
,{"stream_name":"stdout","time":1500.636558982,"data":"  {\"round\": 49, \"step\": 4750, \"of\": 10509, \"global_step\": 519691, \"loss\": 0.04138, \"grad_norm\": 0.12816, \"skipped_in_window\": 0, \"skip_pct\": 0.0, \"max_abs_weight\": 15.5603, \"scaler_scale\": 524288.0, \"lr\": 1.0273036248318324e-06, \"elapsed_s\": 132.6}\n"}
,{"stream_name":"stdout","time":1500.839004581,"data":"  {\"round\": 49, \"step\": 4750, \"of\": 10509, \"global_step\": 519691, \"loss\": 0.04138, \"grad_norm\": 0.12816, \"skipped_in_window\": 0, \"skip_pct\": 0.0, \"max_abs_weight\": 15.5603, \"scaler_scale\": 524288.0, \"lr\": 1.0273036248318324e-06, \"elapsed_s\": 132.6}\n"}
,{"stream_name":"stdout","time":1507.523781053,"data":"  {\"round\": 49, \"step\": 5000, \"of\": 10509, \"global_step\": 519941, \"loss\": 0.05442, \"grad_norm\": 0.14671, \"skipped_in_window\": 0, \"skip_pct\": 0.0, \"max_abs_weight\": 15.5604, \"scaler_scale\": 524288.0, \"lr\": 1.0273036248318324e-06, \"elapsed_s\": 139.5}\n"}
,{"stream_name":"stdout","time":1507.749136664,"data":"  {\"round\": 49, \"step\": 5000, \"of\": 10509, \"global_step\": 519941, \"loss\": 0.05442, \"grad_norm\": 0.14671, \"skipped_in_window\": 0, \"skip_pct\": 0.0, \"max_abs_weight\": 15.5604, \"scaler_scale\": 524288.0, \"lr\": 1.0273036248318324e-06, \"elapsed_s\": 139.5}\n"}
,{"stream_name":"stdout","time":1514.484105792,"data":"  {\"round\": 49, \"step\": 5250, \"of\": 10509, \"global_step\": 520191, \"loss\": 0.04281, \"grad_norm\": 0.14923, \"skipped_in_window\": 1, \"skip_pct\": 0.4, \"max_abs_weight\": 15.5604, \"scaler_scale\": 262144.0, \"lr\": 1.0273036248318324e-06, \"elapsed_s\": 146.4}\n"}
,{"stream_name":"stdout","time":1514.686765456,"data":"  {\"round\": 49, \"step\": 5250, \"of\": 10509, \"global_step\": 520191, \"loss\": 0.04281, \"grad_norm\": 0.14923, \"skipped_in_window\": 1, \"skip_pct\": 0.4, \"max_abs_weight\": 15.5604, \"scaler_scale\": 262144.0, \"lr\": 1.0273036248318324e-06, \"elapsed_s\": 146.4}\n"}
,{"stream_name":"stdout","time":1521.309605804,"data":"  {\"round\": 49, \"step\": 5500, \"of\": 10509, \"global_step\": 520441, \"loss\": 0.04201, \"grad_norm\": 0.14245, \"skipped_in_window\": 0, \"skip_pct\": 0.0, \"max_abs_weight\": 15.5604, \"scaler_scale\": 262144.0, \"lr\": 1.0273036248318324e-06, \"elapsed_s\": 153.3}\n"}
,{"stream_name":"stdout","time":1521.512655818,"data":"  {\"round\": 49, \"step\": 5500, \"of\": 10509, \"global_step\": 520441, \"loss\": 0.04201, \"grad_norm\": 0.14245, \"skipped_in_window\": 0, \"skip_pct\": 0.0, \"max_abs_weight\": 15.5604, \"scaler_scale\": 262144.0, \"lr\": 1.0273036248318324e-06, \"elapsed_s\": 153.3}\n"}
,{"stream_name":"stdout","time":1528.172095842,"data":"  {\"round\": 49, \"step\": 5750, \"of\": 10509, \"global_step\": 520691, \"loss\": 0.05624, \"grad_norm\": 0.16694, \"skipped_in_window\": 0, \"skip_pct\": 0.0, \"max_abs_weight\": 15.5604, \"scaler_scale\": 262144.0, \"lr\": 1.0273036248318324e-06, \"elapsed_s\": 160.1}\n"}
,{"stream_name":"stdout","time":1528.37507095,"data":"  {\"round\": 49, \"step\": 5750, \"of\": 10509, \"global_step\": 520691, \"loss\": 0.05624, \"grad_norm\": 0.16694, \"skipped_in_window\": 0, \"skip_pct\": 0.0, \"max_abs_weight\": 15.5604, \"scaler_scale\": 262144.0, \"lr\": 1.0273036248318324e-06, \"elapsed_s\": 160.1}\n"}
,{"stream_name":"stdout","time":1534.965145301,"data":"  {\"round\": 49, \"step\": 6000, \"of\": 10509, \"global_step\": 520941, \"loss\": 0.0461, \"grad_norm\": 0.14849, \"skipped_in_window\": 0, \"skip_pct\": 0.0, \"max_abs_weight\": 15.5604, \"scaler_scale\": 262144.0, \"lr\": 1.0273036248318324e-06, \"elapsed_s\": 166.9}\n"}
,{"stream_name":"stdout","time":1535.16818307,"data":"  {\"round\": 49, \"step\": 6000, \"of\": 10509, \"global_step\": 520941, \"loss\": 0.0461, \"grad_norm\": 0.14849, \"skipped_in_window\": 0, \"skip_pct\": 0.0, \"max_abs_weight\": 15.5604, \"scaler_scale\": 262144.0, \"lr\": 1.0273036248318324e-06, \"elapsed_s\": 166.9}\n"}
,{"stream_name":"stdout","time":1541.835487664,"data":"  {\"round\": 49, \"step\": 6250, \"of\": 10509, \"global_step\": 521191, \"loss\": 0.04972, \"grad_norm\": 0.14011, \"skipped_in_window\": 0, \"skip_pct\": 0.0, \"max_abs_weight\": 15.5604, \"scaler_scale\": 262144.0, \"lr\": 1.0273036248318324e-06, \"elapsed_s\": 173.8}\n"}
,{"stream_name":"stdout","time":1542.061743472,"data":"  {\"round\": 49, \"step\": 6250, \"of\": 10509, \"global_step\": 521191, \"loss\": 0.04972, \"grad_norm\": 0.14011, \"skipped_in_window\": 0, \"skip_pct\": 0.0, \"max_abs_weight\": 15.5604, \"scaler_scale\": 262144.0, \"lr\": 1.0273036248318324e-06, \"elapsed_s\": 173.8}\n"}
,{"stream_name":"stdout","time":1548.593191446,"data":"  {\"round\": 49, \"step\": 6500, \"of\": 10509, \"global_step\": 521441, \"loss\": 0.04314, \"grad_norm\": 0.12613, \"skipped_in_window\": 0, \"skip_pct\": 0.0, \"max_abs_weight\": 15.5603, \"scaler_scale\": 262144.0, \"lr\": 1.0273036248318324e-06, \"elapsed_s\": 180.5}\n"}
,{"stream_name":"stdout","time":1548.796098291,"data":"  {\"round\": 49, \"step\": 6500, \"of\": 10509, \"global_step\": 521441, \"loss\": 0.04314, \"grad_norm\": 0.12613, \"skipped_in_window\": 0, \"skip_pct\": 0.0, \"max_abs_weight\": 15.5603, \"scaler_scale\": 262144.0, \"lr\": 1.0273036248318324e-06, \"elapsed_s\": 180.5}\n"}
,{"stream_name":"stdout","time":1555.421309073,"data":"  {\"round\": 49, \"step\": 6750, \"of\": 10509, \"global_step\": 521691, \"loss\": 0.05094, \"grad_norm\": 0.13787, \"skipped_in_window\": 0, \"skip_pct\": 0.0, \"max_abs_weight\": 15.5604, \"scaler_scale\": 262144.0, \"lr\": 1.0273036248318324e-06, \"elapsed_s\": 187.4}\n"}
,{"stream_name":"stdout","time":1555.623563597,"data":"  {\"round\": 49, \"step\": 6750, \"of\": 10509, \"global_step\": 521691, \"loss\": 0.05094, \"grad_norm\": 0.13787, \"skipped_in_window\": 0, \"skip_pct\": 0.0, \"max_abs_weight\": 15.5604, \"scaler_scale\": 262144.0, \"lr\": 1.0273036248318324e-06, \"elapsed_s\": 187.4}\n"}
,{"stream_name":"stdout","time":1562.270188614,"data":"  {\"round\": 49, \"step\": 7000, \"of\": 10509, \"global_step\": 521941, \"loss\": 0.04936, \"grad_norm\": 0.16887, \"skipped_in_window\": 0, \"skip_pct\": 0.0, \"max_abs_weight\": 15.5604, \"scaler_scale\": 262144.0, \"lr\": 1.0273036248318324e-06, \"elapsed_s\": 194.2}\n"}
,{"stream_name":"stdout","time":1562.472996695,"data":"  {\"round\": 49, \"step\": 7000, \"of\": 10509, \"global_step\": 521941, \"loss\": 0.04936, \"grad_norm\": 0.16887, \"skipped_in_window\": 0, \"skip_pct\": 0.0, \"max_abs_weight\": 15.5604, \"scaler_scale\": 262144.0, \"lr\": 1.0273036248318324e-06, \"elapsed_s\": 194.2}\n"}
,{"stream_name":"stdout","time":1568.952113774,"data":"  {\"round\": 49, \"step\": 7250, \"of\": 10509, \"global_step\": 522191, \"loss\": 0.05115, \"grad_norm\": 0.14553, \"skipped_in_window\": 0, \"skip_pct\": 0.0, \"max_abs_weight\": 15.5603, \"scaler_scale\": 524288.0, \"lr\": 1.0273036248318324e-06, \"elapsed_s\": 200.9}\n"}
,{"stream_name":"stdout","time":1569.155113997,"data":"  {\"round\": 49, \"step\": 7250, \"of\": 10509, \"global_step\": 522191, \"loss\": 0.05115, \"grad_norm\": 0.14553, \"skipped_in_window\": 0, \"skip_pct\": 0.0, \"max_abs_weight\": 15.5603, \"scaler_scale\": 524288.0, \"lr\": 1.0273036248318324e-06, \"elapsed_s\": 200.9}\n"}
,{"stream_name":"stdout","time":1575.718114216,"data":"  {\"round\": 49, \"step\": 7500, \"of\": 10509, \"global_step\": 522441, \"loss\": 0.04916, \"grad_norm\": 0.14921, \"skipped_in_window\": 0, \"skip_pct\": 0.0, \"max_abs_weight\": 15.5604, \"scaler_scale\": 524288.0, \"lr\": 1.0273036248318324e-06, \"elapsed_s\": 207.7}\n"}
,{"stream_name":"stdout","time":1575.94592362,"data":"  {\"round\": 49, \"step\": 7500, \"of\": 10509, \"global_step\": 522441, \"loss\": 0.04916, \"grad_norm\": 0.14921, \"skipped_in_window\": 0, \"skip_pct\": 0.0, \"max_abs_weight\": 15.5604, \"scaler_scale\": 524288.0, \"lr\": 1.0273036248318324e-06, \"elapsed_s\": 207.7}\n"}
,{"stream_name":"stdout","time":1582.544905262,"data":"  {\"round\": 49, \"step\": 7750, \"of\": 10509, \"global_step\": 522691, \"loss\": 0.04402, \"grad_norm\": 0.1477, \"skipped_in_window\": 1, \"skip_pct\": 0.4, \"max_abs_weight\": 15.5604, \"scaler_scale\": 262144.0, \"lr\": 1.0273036248318324e-06, \"elapsed_s\": 214.5}\n"}
,{"stream_name":"stdout","time":1582.747718197,"data":"  {\"round\": 49, \"step\": 7750, \"of\": 10509, \"global_step\": 522691, \"loss\": 0.04402, \"grad_norm\": 0.1477, \"skipped_in_window\": 1, \"skip_pct\": 0.4, \"max_abs_weight\": 15.5604, \"scaler_scale\": 262144.0, \"lr\": 1.0273036248318324e-06, \"elapsed_s\": 214.5}\n"}
,{"stream_name":"stdout","time":1589.385730552,"data":"  {\"round\": 49, \"step\": 8000, \"of\": 10509, \"global_step\": 522941, \"loss\": 0.04029, \"grad_norm\": 0.133, \"skipped_in_window\": 0, \"skip_pct\": 0.0, \"max_abs_weight\": 15.5604, \"scaler_scale\": 262144.0, \"lr\": 1.0273036248318324e-06, \"elapsed_s\": 221.3}\n"}
,{"stream_name":"stdout","time":1589.588577781,"data":"  {\"round\": 49, \"step\": 8000, \"of\": 10509, \"global_step\": 522941, \"loss\": 0.04029, \"grad_norm\": 0.133, \"skipped_in_window\": 0, \"skip_pct\": 0.0, \"max_abs_weight\": 15.5604, \"scaler_scale\": 262144.0, \"lr\": 1.0273036248318324e-06, \"elapsed_s\": 221.3}\n"}
,{"stream_name":"stdout","time":1596.214921646,"data":"  {\"round\": 49, \"step\": 8250, \"of\": 10509, \"global_step\": 523191, \"loss\": 0.04913, \"grad_norm\": 0.14339, \"skipped_in_window\": 0, \"skip_pct\": 0.0, \"max_abs_weight\": 15.5604, \"scaler_scale\": 262144.0, \"lr\": 1.0273036248318324e-06, \"elapsed_s\": 228.2}\n"}
,{"stream_name":"stdout","time":1596.417578033,"data":"  {\"round\": 49, \"step\": 8250, \"of\": 10509, \"global_step\": 523191, \"loss\": 0.04913, \"grad_norm\": 0.14339, \"skipped_in_window\": 0, \"skip_pct\": 0.0, \"max_abs_weight\": 15.5604, \"scaler_scale\": 262144.0, \"lr\": 1.0273036248318324e-06, \"elapsed_s\": 228.2}\n"}
,{"stream_name":"stdout","time":1603.100473773,"data":"  {\"round\": 49, \"step\": 8500, \"of\": 10509, \"global_step\": 523441, \"loss\": 0.04639, \"grad_norm\": 0.159, \"skipped_in_window\": 0, \"skip_pct\": 0.0, \"max_abs_weight\": 15.5604, \"scaler_scale\": 262144.0, \"lr\": 1.0273036248318324e-06, \"elapsed_s\": 235.0}\n"}
,{"stream_name":"stdout","time":1603.302997145,"data":"  {\"round\": 49, \"step\": 8500, \"of\": 10509, \"global_step\": 523441, \"loss\": 0.04639, \"grad_norm\": 0.159, \"skipped_in_window\": 0, \"skip_pct\": 0.0, \"max_abs_weight\": 15.5604, \"scaler_scale\": 262144.0, \"lr\": 1.0273036248318324e-06, \"elapsed_s\": 235.0}\n"}
,{"stream_name":"stdout","time":1609.812005357,"data":"  {\"round\": 49, \"step\": 8750, \"of\": 10509, \"global_step\": 523691, \"loss\": 0.04832, \"grad_norm\": 0.12603, \"skipped_in_window\": 0, \"skip_pct\": 0.0, \"max_abs_weight\": 15.5604, \"scaler_scale\": 262144.0, \"lr\": 1.0273036248318324e-06, \"elapsed_s\": 241.8}\n"}
,{"stream_name":"stdout","time":1610.038342392,"data":"  {\"round\": 49, \"step\": 8750, \"of\": 10509, \"global_step\": 523691, \"loss\": 0.04832, \"grad_norm\": 0.12603, \"skipped_in_window\": 0, \"skip_pct\": 0.0, \"max_abs_weight\": 15.5604, \"scaler_scale\": 262144.0, \"lr\": 1.0273036248318324e-06, \"elapsed_s\": 241.8}\n"}
,{"stream_name":"stdout","time":1616.628274217,"data":"  {\"round\": 49, \"step\": 9000, \"of\": 10509, \"global_step\": 523941, \"loss\": 0.04304, \"grad_norm\": 0.13122, \"skipped_in_window\": 0, \"skip_pct\": 0.0, \"max_abs_weight\": 15.5604, \"scaler_scale\": 262144.0, \"lr\": 1.0273036248318324e-06, \"elapsed_s\": 248.6}\n"}
,{"stream_name":"stdout","time":1616.831313426,"data":"  {\"round\": 49, \"step\": 9000, \"of\": 10509, \"global_step\": 523941, \"loss\": 0.04304, \"grad_norm\": 0.13122, \"skipped_in_window\": 0, \"skip_pct\": 0.0, \"max_abs_weight\": 15.5604, \"scaler_scale\": 262144.0, \"lr\": 1.0273036248318324e-06, \"elapsed_s\": 248.6}\n"}
,{"stream_name":"stdout","time":1623.47973738,"data":"  {\"round\": 49, \"step\": 9250, \"of\": 10509, \"global_step\": 524191, \"loss\": 0.04177, \"grad_norm\": 0.14307, \"skipped_in_window\": 1, \"skip_pct\": 0.4, \"max_abs_weight\": 15.5604, \"scaler_scale\": 131072.0, \"lr\": 1.0273036248318324e-06, \"elapsed_s\": 255.4}\n"}
,{"stream_name":"stdout","time":1623.682710117,"data":"  {\"round\": 49, \"step\": 9250, \"of\": 10509, \"global_step\": 524191, \"loss\": 0.04177, \"grad_norm\": 0.14307, \"skipped_in_window\": 1, \"skip_pct\": 0.4, \"max_abs_weight\": 15.5604, \"scaler_scale\": 131072.0, \"lr\": 1.0273036248318324e-06, \"elapsed_s\": 255.4}\n"}
,{"stream_name":"stdout","time":1630.311157682,"data":"  {\"round\": 49, \"step\": 9500, \"of\": 10509, \"global_step\": 524441, \"loss\": 0.04754, \"grad_norm\": 0.12087, \"skipped_in_window\": 0, \"skip_pct\": 0.0, \"max_abs_weight\": 15.5604, \"scaler_scale\": 131072.0, \"lr\": 1.0273036248318324e-06, \"elapsed_s\": 262.3}\n"}
,{"stream_name":"stdout","time":1630.513977309,"data":"  {\"round\": 49, \"step\": 9500, \"of\": 10509, \"global_step\": 524441, \"loss\": 0.04754, \"grad_norm\": 0.12087, \"skipped_in_window\": 0, \"skip_pct\": 0.0, \"max_abs_weight\": 15.5604, \"scaler_scale\": 131072.0, \"lr\": 1.0273036248318324e-06, \"elapsed_s\": 262.3}\n"}
,{"stream_name":"stdout","time":1637.151924595,"data":"  {\"round\": 49, \"step\": 9750, \"of\": 10509, \"global_step\": 524691, \"loss\": 0.04666, \"grad_norm\": 0.15237, \"skipped_in_window\": 0, \"skip_pct\": 0.0, \"max_abs_weight\": 15.5604, \"scaler_scale\": 131072.0, \"lr\": 1.0273036248318324e-06, \"elapsed_s\": 269.1}\n"}
,{"stream_name":"stdout","time":1637.355096114,"data":"  {\"round\": 49, \"step\": 9750, \"of\": 10509, \"global_step\": 524691, \"loss\": 0.04666, \"grad_norm\": 0.15237, \"skipped_in_window\": 0, \"skip_pct\": 0.0, \"max_abs_weight\": 15.5604, \"scaler_scale\": 131072.0, \"lr\": 1.0273036248318324e-06, \"elapsed_s\": 269.1}\n"}
,{"stream_name":"stdout","time":1643.989637296,"data":"  {\"round\": 49, \"step\": 10000, \"of\": 10509, \"global_step\": 524941, \"loss\": 0.0508, \"grad_norm\": 0.16369, \"skipped_in_window\": 0, \"skip_pct\": 0.0, \"max_abs_weight\": 15.5604, \"scaler_scale\": 131072.0, \"lr\": 1.0273036248318324e-06, \"elapsed_s\": 275.9}\n"}
,{"stream_name":"stdout","time":1644.209233257,"data":"  {\"round\": 49, \"step\": 10000, \"of\": 10509, \"global_step\": 524941, \"loss\": 0.0508, \"grad_norm\": 0.16369, \"skipped_in_window\": 0, \"skip_pct\": 0.0, \"max_abs_weight\": 15.5604, \"scaler_scale\": 131072.0, \"lr\": 1.0273036248318324e-06, \"elapsed_s\": 275.9}\n"}
,{"stream_name":"stdout","time":1650.74687859,"data":"  {\"round\": 49, \"step\": 10250, \"of\": 10509, \"global_step\": 525191, \"loss\": 0.04026, \"grad_norm\": 0.11531, \"skipped_in_window\": 0, \"skip_pct\": 0.0, \"max_abs_weight\": 15.5604, \"scaler_scale\": 131072.0, \"lr\": 1.0273036248318324e-06, \"elapsed_s\": 282.7}\n"}
,{"stream_name":"stdout","time":1650.949984305,"data":"  {\"round\": 49, \"step\": 10250, \"of\": 10509, \"global_step\": 525191, \"loss\": 0.04026, \"grad_norm\": 0.11531, \"skipped_in_window\": 0, \"skip_pct\": 0.0, \"max_abs_weight\": 15.5604, \"scaler_scale\": 131072.0, \"lr\": 1.0273036248318324e-06, \"elapsed_s\": 282.7}\n"}
,{"stream_name":"stdout","time":1657.474665144,"data":"  {\"round\": 49, \"step\": 10500, \"of\": 10509, \"global_step\": 525441, \"loss\": 0.04105, \"grad_norm\": 0.13354, \"skipped_in_window\": 0, \"skip_pct\": 0.0, \"max_abs_weight\": 15.5604, \"scaler_scale\": 131072.0, \"lr\": 1.0273036248318324e-06, \"elapsed_s\": 289.4}\n"}
,{"stream_name":"stdout","time":1657.677733695,"data":"  {\"round\": 49, \"step\": 10500, \"of\": 10509, \"global_step\": 525441, \"loss\": 0.04105, \"grad_norm\": 0.13354, \"skipped_in_window\": 0, \"skip_pct\": 0.0, \"max_abs_weight\": 15.5604, \"scaler_scale\": 131072.0, \"lr\": 1.0273036248318324e-06, \"elapsed_s\": 289.4}\n"}
,{"stream_name":"stdout","time":1718.669759235,"data":"[round 049] loss 0.0496  acc 0.8434  F1_mac 0.8365  F1_wtd 0.8405  346.2s  124,333/s  skipped 5  peak 5.6GB\n"}
,{"stream_name":"stderr","time":1718.695128794,"data":"/usr/local/lib/python3.12/dist-packages/torch/distributed/c10d_logger.py:83: UserWarning: barrier(): using the device under current context. You can specify `device_id` in `init_process_group` to mute this warning.\n"}
,{"stream_name":"stderr","time":1718.695152976,"data":"  return func(*args, **kwargs)\n"}
,{"stream_name":"stderr","time":1718.801130226,"data":"wandb: updating run metadata\n"}
,{"stream_name":"stdout","time":1718.886351944,"data":"[round 049] loss 0.0496  acc 0.8434  F1_mac 0.8365  F1_wtd 0.8405  346.2s  124,333/s  skipped 5  peak 5.6GB\n"}
,{"stream_name":"stderr","time":1718.898115675,"data":"/usr/local/lib/python3.12/dist-packages/torch/distributed/c10d_logger.py:83: UserWarning: barrier(): using the device under current context. You can specify `device_id` in `init_process_group` to mute this warning.\n"}
,{"stream_name":"stderr","time":1718.898137825,"data":"  return func(*args, **kwargs)\n"}
,{"stream_name":"stderr","time":1718.898159814,"data":"wandb: updating run metadata\n"}
,{"stream_name":"stderr","time":1718.898165417,"data":"\n"}
,{"stream_name":"stderr","time":1718.89817086,"data":"/usr/local/lib/python3.12/dist-packages/torch/distributed/c10d_logger.py:83: UserWarning: barrier(): using the device under current context. You can specify `device_id` in `init_process_group` to mute this warning.\n"}
,{"stream_name":"stderr","time":1718.898177206,"data":"  return func(*args, **kwargs)\n"}
,{"stream_name":"stderr","time":1718.898182449,"data":"wandb: updating run metadata\n"}
,{"stream_name":"stderr","time":1719.165824644,"data":"wandb: \n"}
,{"stream_name":"stderr","time":1719.165854829,"data":"wandb: Run history:\n"}
,{"stream_name":"stderr","time":1719.165861333,"data":"wandb:           eval/accuracy ▃█▁█\n"}
,{"stream_name":"stderr","time":1719.165867804,"data":"wandb:           eval/f1_macro ▁▇▂█\n"}
,{"stream_name":"stderr","time":1719.165873215,"data":"wandb:           eval/f1_micro ▃█▁█\n"}
,{"stream_name":"stderr","time":1719.165880503,"data":"wandb:        eval/f1_weighted ▁▇▁█\n"}
,{"stream_name":"stderr","time":1719.165889265,"data":"wandb:    eval/precision_macro ▁▆▄█\n"}
,{"stream_name":"stderr","time":1719.165892938,"data":"wandb:    eval/precision_micro ▃█▁█\n"}
,{"stream_name":"stderr","time":1719.165900606,"data":"wandb: eval/precision_weighted ▁▆▃█\n"}
,{"stream_name":"stderr","time":1719.165923263,"data":"wandb:       eval/recall_macro ▃█▁█\n"}
,{"stream_name":"stderr","time":1719.165946955,"data":"wandb:       eval/recall_micro ▃█▁█\n"}
,{"stream_name":"stderr","time":1719.16595235,"data":"wandb:    eval/recall_weighted ▃█▁█\n"}
,{"stream_name":"stderr","time":1719.165956149,"data":"wandb:                     +14 ...\n"}
,{"stream_name":"stderr","time":1719.165960698,"data":"wandb: \n"}
,{"stream_name":"stderr","time":1719.165964533,"data":"wandb: Run summary:\n"}
,{"stream_name":"stderr","time":1719.165968973,"data":"wandb:           eval/accuracy 0.8434\n"}
,{"stream_name":"stderr","time":1719.165973707,"data":"wandb:           eval/f1_macro 0.83648\n"}
,{"stream_name":"stderr","time":1719.165977792,"data":"wandb:           eval/f1_micro 0.8434\n"}
,{"stream_name":"stderr","time":1719.165999024,"data":"wandb:        eval/f1_weighted 0.84053\n"}
,{"stream_name":"stderr","time":1719.166002655,"data":"wandb:    eval/precision_macro 0.83906\n"}
,{"stream_name":"stderr","time":1719.166008233,"data":"wandb:    eval/precision_micro 0.8434\n"}
,{"stream_name":"stderr","time":1719.166012851,"data":"wandb: eval/precision_weighted 0.8449\n"}
,{"stream_name":"stderr","time":1719.166016868,"data":"wandb:       eval/recall_macro 0.84044\n"}
,{"stream_name":"stderr","time":1719.166021881,"data":"wandb:       eval/recall_micro 0.8434\n"}
,{"stream_name":"stderr","time":1719.166025294,"data":"wandb:    eval/recall_weighted 0.8434\n"}
,{"stream_name":"stderr","time":1719.166029871,"data":"wandb:                     +15 ...\n"}
,{"stream_name":"stderr","time":1719.166033489,"data":"wandb: \n"}
,{"stream_name":"stderr","time":1719.166236835,"data":"wandb: 🚀 View run edl_cmso_v4_dagsnet at: https://wandb.ai/21522798-uit/edl-cmso/runs/edl-cmso-v4-dagsnet-r46\n"}
,{"stream_name":"stderr","time":1719.166248662,"data":"wandb: ⭐️ View project at: https://wandb.ai/21522798-uit/edl-cmso\n"}
,{"stream_name":"stderr","time":1719.166254213,"data":"wandb: Synced 5 W\u0026B file(s), 0 media file(s), 0 artifact file(s) and 0 other file(s)\n"}
,{"stream_name":"stderr","time":1719.166625799,"data":"wandb: Find logs at: ./runs/edl_cmso_v4_dagsnet/wandb/run-20260904_023530-edl-cmso-v4-dagsnet-r46/logs\n"}
,{"stream_name":"stderr","time":1719.370575974,"data":"wandb: \n"}
,{"stream_name":"stderr","time":1719.370642936,"data":"wandb: Run history:\n"}
,{"stream_name":"stderr","time":1719.370649148,"data":"wandb:           eval/accuracy ▃█▁█\n"}
,{"stream_name":"stderr","time":1719.3706537,"data":"wandb:           eval/f1_macro ▁▇▂█\n"}
,{"stream_name":"stderr","time":1719.370657815,"data":"wandb:           eval/f1_micro ▃█▁█\n"}
,{"stream_name":"stderr","time":1719.370661453,"data":"wandb:        eval/f1_weighted ▁▇▁█\n"}
,{"stream_name":"stderr","time":1719.370698402,"data":"wandb:    eval/precision_macro ▁▆▄█\n"}
,{"stream_name":"stderr","time":1719.37070213,"data":"wandb:    eval/precision_micro ▃█▁█\n"}
,{"stream_name":"stderr","time":1719.370705655,"data":"wandb: eval/precision_weighted ▁▆▃█\n"}
,{"stream_name":"stderr","time":1719.370709334,"data":"wandb:       eval/recall_macro ▃█▁█\n"}
,{"stream_name":"stderr","time":1719.370713446,"data":"wandb:       eval/recall_micro ▃█▁█\n"}
,{"stream_name":"stderr","time":1719.370716947,"data":"wandb:    eval/recall_weighted ▃█▁█\n"}
,{"stream_name":"stderr","time":1719.370720624,"data":"wandb:                     +14 ...\n"}
,{"stream_name":"stderr","time":1719.370724307,"data":"wandb: \n"}
,{"stream_name":"stderr","time":1719.370727638,"data":"wandb: Run summary:\n"}
,{"stream_name":"stderr","time":1719.370746834,"data":"wandb:           eval/accuracy 0.8434\n"}
,{"stream_name":"stderr","time":1719.370750614,"data":"wandb:           eval/f1_macro 0.83648\n"}
,{"stream_name":"stderr","time":1719.370754003,"data":"wandb:           eval/f1_micro 0.8434\n"}
,{"stream_name":"stderr","time":1719.370757422,"data":"wandb:        eval/f1_weighted 0.84053\n"}
,{"stream_name":"stderr","time":1719.370760824,"data":"wandb:    eval/precision_macro 0.83906\n"}
,{"stream_name":"stderr","time":1719.370764228,"data":"wandb:    eval/precision_micro 0.8434\n"}
,{"stream_name":"stderr","time":1719.370767683,"data":"wandb: eval/precision_weighted 0.8449\n"}
,{"stream_name":"stderr","time":1719.370771357,"data":"wandb:       eval/recall_macro 0.84044\n"}
,{"stream_name":"stderr","time":1719.370775186,"data":"wandb:       eval/recall_micro 0.8434\n"}
,{"stream_name":"stderr","time":1719.370792365,"data":"wandb:    eval/recall_weighted 0.8434\n"}
,{"stream_name":"stderr","time":1719.370797009,"data":"wandb:                     +15 ...\n"}
,{"stream_name":"stderr","time":1719.370800509,"data":"wandb: \n"}
,{"stream_name":"stderr","time":1719.370804045,"data":"wandb: 🚀 View run edl_cmso_v4_dagsnet at: https://wandb.ai/21522798-uit/edl-cmso/runs/edl-cmso-v4-dagsnet-r46\n"}
,{"stream_name":"stderr","time":1719.370807863,"data":"wandb: ⭐️ View project at: https://wandb.ai/21522798-uit/edl-cmso\n"}
,{"stream_name":"stderr","time":1719.370811533,"data":"wandb: Synced 5 W\u0026B file(s), 0 media file(s), 0 artifact file(s) and 0 other file(s)\n"}
,{"stream_name":"stderr","time":1719.370815558,"data":"wandb: Find logs at: ./runs/edl_cmso_v4_dagsnet/wandb/run-20260904_023530-edl-cmso-v4-dagsnet-r46/logs\n"}
,{"stream_name":"stderr","time":1719.370819505,"data":"\n"}
,{"stream_name":"stderr","time":1719.370822699,"data":"wandb: \n"}
,{"stream_name":"stderr","time":1719.370826082,"data":"wandb: Run history:\n"}
,{"stream_name":"stderr","time":1719.370829307,"data":"wandb:           eval/accuracy ▃█▁█\n"}
,{"stream_name":"stderr","time":1719.370832891,"data":"wandb:           eval/f1_macro ▁▇▂█\n"}
,{"stream_name":"stderr","time":1719.370836273,"data":"wandb:           eval/f1_micro ▃█▁█\n"}
,{"stream_name":"stderr","time":1719.370839756,"data":"wandb:        eval/f1_weighted ▁▇▁█\n"}
,{"stream_name":"stderr","time":1719.370843217,"data":"wandb:    eval/precision_macro ▁▆▄█\n"}
,{"stream_name":"stderr","time":1719.370846665,"data":"wandb:    eval/precision_micro ▃█▁█\n"}
,{"stream_name":"stderr","time":1719.37085023,"data":"wandb: eval/precision_weighted ▁▆▃█\n"}
,{"stream_name":"stderr","time":1719.370853745,"data":"wandb:       eval/recall_macro ▃█▁█\n"}
,{"stream_name":"stderr","time":1719.370857227,"data":"wandb:       eval/recall_micro ▃█▁█\n"}
,{"stream_name":"stderr","time":1719.370860755,"data":"wandb:    eval/recall_weighted ▃█▁█\n"}
,{"stream_name":"stderr","time":1719.370864109,"data":"wandb:                     +14 ...\n"}
,{"stream_name":"stderr","time":1719.370867551,"data":"wandb: \n"}
,{"stream_name":"stderr","time":1719.370870812,"data":"wandb: Run summary:\n"}
,{"stream_name":"stderr","time":1719.370874452,"data":"wandb:           eval/accuracy 0.8434\n"}
,{"stream_name":"stderr","time":1719.370877746,"data":"wandb:           eval/f1_macro 0.83648\n"}
,{"stream_name":"stderr","time":1719.370881195,"data":"wandb:           eval/f1_micro 0.8434\n"}
,{"stream_name":"stderr","time":1719.370884555,"data":"wandb:        eval/f1_weighted 0.84053\n"}
,{"stream_name":"stderr","time":1719.370890202,"data":"wandb:    eval/precision_macro 0.83906\n"}
,{"stream_name":"stderr","time":1719.370897724,"data":"wandb:    eval/precision_micro 0.8434\n"}
,{"stream_name":"stderr","time":1719.370901526,"data":"wandb: eval/precision_weighted 0.8449\n"}
,{"stream_name":"stderr","time":1719.370905091,"data":"wandb:       eval/recall_macro 0.84044\n"}
,{"stream_name":"stderr","time":1719.370908445,"data":"wandb:       eval/recall_micro 0.8434\n"}
,{"stream_name":"stderr","time":1719.370911739,"data":"wandb:    eval/recall_weighted 0.8434\n"}
,{"stream_name":"stderr","time":1719.370915486,"data":"wandb:                     +15 ...\n"}
,{"stream_name":"stderr","time":1719.370919289,"data":"wandb: \n"}
,{"stream_name":"stderr","time":1719.370922553,"data":"wandb: 🚀 View run edl_cmso_v4_dagsnet at: https://wandb.ai/21522798-uit/edl-cmso/runs/edl-cmso-v4-dagsnet-r46\n"}
,{"stream_name":"stderr","time":1719.370926504,"data":"wandb: ⭐️ View project at: https://wandb.ai/21522798-uit/edl-cmso\n"}
,{"stream_name":"stderr","time":1719.370930151,"data":"wandb: Synced 5 W\u0026B file(s), 0 media file(s), 0 artifact file(s) and 0 other file(s)\n"}
,{"stream_name":"stderr","time":1719.370933847,"data":"wandb: Find logs at: ./runs/edl_cmso_v4_dagsnet/wandb/run-20260904_023530-edl-cmso-v4-dagsnet-r46/logs\n"}
,{"stream_name":"stdout","time":1723.905447757,"data":"\n"}
,{"stream_name":"stdout","time":1723.905512901,"data":"all 50 rounds complete in 0.43 h\n"}
,{"stream_name":"stdout","time":1723.993642232,"data":"50 / 50 rounds completed\n"}
,{"stream_name":"stdout","time":1724.10804153,"data":"\n"}
,{"stream_name":"stdout","time":1724.108089507,"data":"best round : 5  f1_macro 0.85320\n"}
,{"stream_name":"stdout","time":1724.108097926,"data":"final round: 49  f1_macro 0.83648\n"}
,{"stream_name":"stdout","time":1724.108104213,"data":"\n"}
,{"stream_name":"stdout","time":1724.108109594,"data":"wall time  : 4.61 h over 50 rounds (5.5 min/round, 129,764 samples/s)\n"}
,{"stream_name":"stdout","time":1724.108115186,"data":"steps discarded by GradScaler: 216 total\n"}
,{"stream_name":"stdout","time":1724.108120455,"data":"\n"}
,{"stream_name":"stdout","time":1724.108125681,"data":"========================================================================\n"}
,{"stream_name":"stdout","time":1724.108137344,"data":"FINAL 10 METRICS (round 49)\n"}
,{"stream_name":"stdout","time":1724.108141183,"data":"========================================================================\n"}
,{"stream_name":"stdout","time":1724.108144816,"data":"  accuracy               0.843404\n"}
,{"stream_name":"stdout","time":1724.108148378,"data":"  precision_macro        0.839063\n"}
,{"stream_name":"stdout","time":1724.108152144,"data":"  precision_micro        0.843404\n"}
,{"stream_name":"stdout","time":1724.10815567,"data":"  precision_weighted     0.844897\n"}
,{"stream_name":"stdout","time":1724.108159176,"data":"  recall_macro           0.840444\n"}
,{"stream_name":"stdout","time":1724.108162652,"data":"  recall_micro           0.843404\n"}
,{"stream_name":"stdout","time":1724.108181913,"data":"  recall_weighted        0.843404\n"}
,{"stream_name":"stdout","time":1724.10818817,"data":"  f1_macro               0.836477\n"}
,{"stream_name":"stdout","time":1724.108194233,"data":"  f1_micro               0.843404\n"}
,{"stream_name":"stdout","time":1724.108200616,"data":"  f1_weighted            0.840530\n"}
,{"stream_name":"stdout","time":1724.10820653,"data":"\n"}
,{"stream_name":"stdout","time":1724.108211614,"data":"Note: precision_micro = recall_micro = f1_micro = recall_weighted = accuracy.\n"}
,{"stream_name":"stdout","time":1724.108217037,"data":"This identity holds for any single-label multi-class problem — it is not a bug.\n"}
,{"stream_name":"stdout","time":1724.108235987,"data":"\n"}
,{"stream_name":"stdout","time":1724.108240144,"data":"========================================================================\n"}
,{"stream_name":"stdout","time":1724.108244339,"data":"PER-CLASS REPORT (round 49)\n"}
,{"stream_name":"stdout","time":1724.10824857,"data":"========================================================================\n"}
,{"stream_name":"stdout","time":1724.168191326,"data":"                            precision    recall  f1-score   support\n"}
,{"stream_name":"stdout","time":1724.168228336,"data":"\n"}
,{"stream_name":"stdout","time":1724.168233047,"data":"                    benign     0.7152    0.8226    0.7651   2391136\n"}
,{"stream_name":"stdout","time":1724.168236387,"data":"accelerationMultiplication     0.9745    0.9771    0.9758    157490\n"}
,{"stream_name":"stdout","time":1724.168239255,"data":"    constantPositionOffset     0.8195    0.9023    0.8589    442475\n"}
,{"stream_name":"stdout","time":1724.168242166,"data":"       constantSpeedOffset     0.9305    0.9292    0.9298    433177\n"}
,{"stream_name":"stdout","time":1724.16824492,"data":"                dataReplay     0.6195    0.7415    0.6750    475410\n"}
,{"stream_name":"stdout","time":1724.168247689,"data":"                 dosAttack     0.9868    0.9937    0.9903   1574090\n"}
,{"stream_name":"stdout","time":1724.168250438,"data":"            feignedBraking     0.9522    0.9747    0.9633    118605\n"}
,{"stream_name":"stdout","time":1724.168254413,"data":"         positionMirroring     0.6243    0.6004    0.6121    467049\n"}
,{"stream_name":"stdout","time":1724.168273616,"data":"      randomPositionOffset     0.9035    0.9741    0.9375    470279\n"}
,{"stream_name":"stdout","time":1724.168278576,"data":"         randomSpeedOffset     0.9477    0.9698    0.9586    542163\n"}
,{"stream_name":"stdout","time":1724.16828317,"data":"           reversedHeading     0.8488    0.9719    0.9062    269999\n"}
,{"stream_name":"stdout","time":1724.168288319,"data":"       suddenConstantSpeed     0.8486    0.6928    0.7629     57757\n"}
,{"stream_name":"stdout","time":1724.168292887,"data":"                suddenStop     0.9849    0.8722    0.9251    211445\n"}
,{"stream_name":"stdout","time":1724.16829767,"data":"           timeDelayAttack     0.3451    0.2071    0.2588    490574\n"}
,{"stream_name":"stdout","time":1724.168301806,"data":"    trafficCongestionSybil     0.9891    0.8389    0.9078   2393335\n"}
,{"stream_name":"stdout","time":1724.168306178,"data":"           zeroSpeedReport     0.9350    0.9788    0.9564    266359\n"}
,{"stream_name":"stdout","time":1724.168310458,"data":"\n"}
,{"stream_name":"stdout","time":1724.168314482,"data":"                  accuracy                         0.8434  10761343\n"}
,{"stream_name":"stdout","time":1724.168318657,"data":"                 macro avg     0.8391    0.8404    0.8365  10761343\n"}
,{"stream_name":"stdout","time":1724.168328938,"data":"              weighted avg     0.8449    0.8434    0.8405  10761343\n"}
,{"stream_name":"stdout","time":1724.168332123,"data":"\n"}
,{"stream_name":"stdout","time":1724.835430093,"data":"trafficCongestionSybil     precision 0.9891  recall 0.8389  f1 0.9078\n"}
,{"stream_name":"stdout","time":1724.835472134,"data":"timeDelayAttack            precision 0.3451  recall 0.2071  f1 0.2588\n"}
,{"stream_name":"stderr","time":1730.279492232,"data":"/usr/local/lib/python3.12/dist-packages/mistune.py:435: SyntaxWarning: invalid escape sequence '\\|'\n"}
,{"stream_name":"stderr","time":1730.279529616,"data":"  cells[i][c] = re.sub('\\\\\\\\\\|', '|', cell)\n"}
,{"stream_name":"stderr","time":1730.475096314,"data":"/usr/local/lib/python3.12/dist-packages/nbconvert/filters/filter_links.py:36: SyntaxWarning: invalid escape sequence '\\_'\n"}
,{"stream_name":"stderr","time":1730.475140369,"data":"  text = re.sub(r'_', '\\_', text) # Escape underscores in display text\n"}
,{"stream_name":"stderr","time":1731.185514341,"data":"[NbConvertApp] Converting notebook __notebook__.ipynb to notebook\n"}
,{"stream_name":"stderr","time":1731.56157513,"data":"[NbConvertApp] Writing 415503 bytes to __notebook__.ipynb\n"}
,{"stream_name":"stderr","time":1734.051323341,"data":"[NbConvertApp] Converting notebook __notebook__.ipynb to html\n"}
,{"stream_name":"stderr","time":1735.17565307,"data":"[NbConvertApp] Support files will be in __results___files/\n"}
,{"stream_name":"stderr","time":1735.17570779,"data":"[NbConvertApp] Making directory __results___files\n"}
,{"stream_name":"stderr","time":1735.176086864,"data":"[NbConvertApp] Making directory __results___files\n"}
,{"stream_name":"stderr","time":1735.176463648,"data":"[NbConvertApp] Writing 697079 bytes to __results__.html\n"}
]